gtap12,year,rd_investment
ago,1888,0
ago,1889,0
ago,1890,0
ago,1891,0
ago,1892,0
ago,1893,0
ago,1894,0
ago,1895,0
ago,1896,0
ago,1897,0
ago,1898,0
ago,1899,0
ago,1900,0
ago,1901,0
ago,1902,0
ago,1903,0
ago,1904,0
ago,1905,0
ago,1906,0
ago,1907,0
ago,1908,0
ago,1909,0
ago,1910,0
ago,1911,0
ago,1912,0
ago,1913,0
ago,1914,0
ago,1915,0
ago,1916,0
ago,1917,0
ago,1918,0
ago,1919,0
ago,1920,0
ago,1921,0
ago,1922,0
ago,1923,0
ago,1924,0
ago,1925,0
ago,1926,0
ago,1927,0
ago,1928,0
ago,1929,0
ago,1930,0
ago,1931,0
ago,1932,0
ago,1933,0
ago,1934,0
ago,1935,0
ago,1936,0
ago,1937,0
ago,1938,0
ago,1939,0
ago,1940,0
ago,1941,0
ago,1942,0
ago,1943,0
ago,1944,0
ago,1945,0
ago,1946,0
ago,1947,0
ago,1948,0
ago,1949,0
ago,1950,0
ago,1951,0
ago,1952,0
ago,1953,0
ago,1954,0
ago,1955,0
ago,1956,0
ago,1957,0
ago,1958,0
ago,1959,0
ago,1960,0
ago,1961,14.7315051557699
ago,1962,14.7315051557699
ago,1963,14.7315051557699
ago,1964,14.7315051557699
ago,1965,14.7315051557699
ago,1966,19.8113345198284
ago,1967,19.8113345198284
ago,1968,19.8113345198284
ago,1969,19.8113345198284
ago,1970,19.8113345198284
ago,1971,10.9216331327259
ago,1972,10.9216331327259
ago,1973,10.9216331327259
ago,1974,10.9216331327259
ago,1975,10.9216331327259
ago,1976,16.2554539649874
ago,1977,16.2554539649874
ago,1978,16.2554539649874
ago,1979,16.2554539649874
ago,1980,16.2554539649874
ago,1981,10.9216331327259
ago,1982,10.9740623808688
ago,1983,11.2586111892871
ago,1984,11.7040564149889
ago,1985,11.4915458528865
ago,1986,11.926205333327
ago,1987,11.7722250332566
ago,1988,12.977650601107
ago,1989,14.1459502316202
ago,1990,13.4906061927973
ago,1991,16.2347800632969
ago,1992,12.6118135146604
ago,1993,10.8609069707262
ago,1994,10.2534498389796
ago,1995,10.5622565162941
ago,1996,11.3577378434205
ago,1997,12.3199120050937
ago,1998,14.7772909168847
ago,1999,12.1260704082495
ago,2000,12.9138141318865
ago,2001,15.0503806735763
ago,2002,14.6996230047112
ago,2003,15.6127992334501
ago,2004,16.540408029416
ago,2005,17.2389167600975
ago,2006,17.8481007221979
ago,2007,19.8033182855203
ago,2008,20.6639533132749
ago,2009,25.3133465577724
ago,2010,26.224010792106
ago,2011,27.8169893836314
ago,2012,25.1952311994244
ago,2013,31.4789794950286
ago,2014,30.2736089922987
ago,2015,33.0557250841995
ago,2016,34.3333806499878
ago,2017,34.5384978896968
ago,2018,33.698130086246
ago,2019,33.6501618393167
ago,2020,35.8879507406881
ago,2021,37.7786901140803
ago,2022,41.3136045254592
alb,1888,0
alb,1889,0
alb,1890,0
alb,1891,0
alb,1892,0
alb,1893,0
alb,1894,0
alb,1895,0
alb,1896,0
alb,1897,0
alb,1898,0
alb,1899,0
alb,1900,0
alb,1901,0
alb,1902,0
alb,1903,0
alb,1904,0
alb,1905,0
alb,1906,0
alb,1907,0
alb,1908,0
alb,1909,0
alb,1910,0
alb,1911,0
alb,1912,0
alb,1913,0
alb,1914,0
alb,1915,0
alb,1916,0
alb,1917,0
alb,1918,0
alb,1919,0
alb,1920,0
alb,1921,0
alb,1922,0
alb,1923,0
alb,1924,0
alb,1925,0
alb,1926,0
alb,1927,0
alb,1928,0
alb,1929,0
alb,1930,0
alb,1931,0
alb,1932,0
alb,1933,0
alb,1934,0
alb,1935,0
alb,1936,0
alb,1937,0
alb,1938,0
alb,1939,0
alb,1940,0
alb,1941,0
alb,1942,0
alb,1943,0
alb,1944,0
alb,1945,0
alb,1946,0
alb,1947,0
alb,1948,0
alb,1949,0
alb,1950,0
alb,1951,0
alb,1952,0
alb,1953,0
alb,1954,0
alb,1955,0
alb,1956,0
alb,1957,0
alb,1958,0
alb,1959,0
alb,1960,0
alb,1961,0
alb,1962,0
alb,1963,0
alb,1964,0
alb,1965,0
alb,1966,0
alb,1967,0
alb,1968,0
alb,1969,0
alb,1970,0
alb,1971,0
alb,1972,0
alb,1973,0
alb,1974,0
alb,1975,0
alb,1976,0
alb,1977,0
alb,1978,0
alb,1979,0
alb,1980,0
alb,1981,0
alb,1982,0
alb,1983,0
alb,1984,0
alb,1985,0
alb,1986,0
alb,1987,0
alb,1988,0
alb,1989,0
alb,1990,0
alb,1991,0
alb,1992,0
alb,1993,0
alb,1994,0
alb,1995,0
alb,1996,0
alb,1997,0
alb,1998,0
alb,1999,0
alb,2000,0
alb,2001,0
alb,2002,0
alb,2003,0
alb,2004,0
alb,2005,0
alb,2006,0
alb,2007,0
alb,2008,0
alb,2009,0
alb,2010,0
alb,2011,0
alb,2012,0
alb,2013,0
alb,2014,0
alb,2015,0
alb,2016,0
alb,2017,0
alb,2018,0
alb,2019,0
alb,2020,0
alb,2021,0
alb,2022,0
are,1888,0
are,1889,0
are,1890,0
are,1891,0
are,1892,0
are,1893,0
are,1894,0
are,1895,0
are,1896,0
are,1897,0
are,1898,0
are,1899,0
are,1900,0
are,1901,0
are,1902,0
are,1903,0
are,1904,0
are,1905,0
are,1906,0
are,1907,0
are,1908,0
are,1909,0
are,1910,0
are,1911,0
are,1912,0
are,1913,0
are,1914,0
are,1915,0
are,1916,0
are,1917,0
are,1918,0
are,1919,0
are,1920,0
are,1921,0
are,1922,0
are,1923,0
are,1924,0
are,1925,0
are,1926,0
are,1927,0
are,1928,0
are,1929,0
are,1930,0
are,1931,0
are,1932,0
are,1933,0
are,1934,0
are,1935,0
are,1936,0
are,1937,0
are,1938,0
are,1939,0
are,1940,0
are,1941,0
are,1942,0
are,1943,0
are,1944,0
are,1945,0
are,1946,0
are,1947,0
are,1948,0
are,1949,0
are,1950,0
are,1951,0
are,1952,0
are,1953,0
are,1954,0
are,1955,0
are,1956,0
are,1957,0
are,1958,0
are,1959,0
are,1960,0
are,1961,0.761974404608787
are,1962,0.761974404608787
are,1963,0.761974404608787
are,1964,0.761974404608787
are,1965,0.761974404608787
are,1966,1.01596587281172
are,1967,1.01596587281172
are,1968,1.01596587281172
are,1969,1.01596587281172
are,1970,1.01596587281172
are,1971,1.7779402774205
are,1972,1.7779402774205
are,1973,1.7779402774205
are,1974,1.7779402774205
are,1975,1.7779402774205
are,1976,2.53991468202929
are,1977,2.53991468202929
are,1978,2.53991468202929
are,1979,2.53991468202929
are,1980,2.53991468202929
are,1981,3.30188908663808
are,1982,3.22998863969564
are,1983,3.15965386444444
are,1984,3.47429521211098
are,1985,3.58722562329646
are,1986,3.76372143741272
are,1987,3.75858159391909
are,1988,3.80275962999679
are,1989,4.0677808947239
are,1990,4.19201840437207
are,1991,4.80998096311261
are,1992,5.12650977517365
are,1993,5.43744698062211
are,1994,6.67557975018076
are,1995,6.88850109460495
are,1996,7.21315957158069
are,1997,8.39311233850523
are,1998,9.01685760652579
are,1999,9.76712266910423
are,2000,10.380651582113
are,2001,10.4080885933777
are,2002,10.482110064187
are,2003,10.0533083312674
are,2004,9.60106955437599
are,2005,8.62694887418679
are,2006,7.64974052078529
are,2007,7.17004534795118
are,2008,6.50365102342455
are,2009,7.34525835428038
are,2010,6.20561570821391
are,2011,5.93430215603084
are,2012,5.85394767762346
are,2013,6.10741553597195
are,2014,6.26282669214339
are,2015,7.33593060404845
are,2016,7.8843646952467
are,2017,8.02285585212325
are,2018,7.67653368884091
are,2019,8.04950453888753
are,2020,9.51720532258437
are,2021,9.68693302211667
are,2022,9.25565686869597
arg,1888,0
arg,1889,0
arg,1890,0
arg,1891,0
arg,1892,0
arg,1893,0
arg,1894,0
arg,1895,0
arg,1896,0
arg,1897,0
arg,1898,0
arg,1899,0
arg,1900,0
arg,1901,0
arg,1902,0
arg,1903,0
arg,1904,0
arg,1905,0
arg,1906,0
arg,1907,0
arg,1908,0
arg,1909,0
arg,1910,0
arg,1911,0
arg,1912,0
arg,1913,0
arg,1914,0
arg,1915,0
arg,1916,0
arg,1917,0
arg,1918,0
arg,1919,0
arg,1920,0
arg,1921,0
arg,1922,0
arg,1923,0
arg,1924,0
arg,1925,0
arg,1926,0
arg,1927,0
arg,1928,0
arg,1929,0
arg,1930,0
arg,1931,0
arg,1932,0
arg,1933,0
arg,1934,0
arg,1935,0
arg,1936,0
arg,1937,0
arg,1938,0
arg,1939,0
arg,1940,0
arg,1941,0
arg,1942,0
arg,1943,0
arg,1944,0
arg,1945,0
arg,1946,0
arg,1947,0
arg,1948,0
arg,1949,0
arg,1950,0
arg,1951,0
arg,1952,0
arg,1953,0
arg,1954,0
arg,1955,0
arg,1956,0
arg,1957,0
arg,1958,0
arg,1959,0
arg,1960,325.427368993282
arg,1961,325.427368993282
arg,1962,325.427368993282
arg,1963,325.427368993282
arg,1964,325.427368993282
arg,1965,355.904684692501
arg,1966,355.904684692501
arg,1967,355.904684692501
arg,1968,355.904684692501
arg,1969,355.904684692501
arg,1970,439.358242401538
arg,1971,368.79792006288
arg,1972,405.837148091632
arg,1973,495.1147324064
arg,1974,555.575243900505
arg,1975,417.056964052672
arg,1976,408.294571082511
arg,1977,442.019901619542
arg,1978,494.534965051983
arg,1979,507.29643511454
arg,1980,570.339546641956
arg,1981,482.676087348007
arg,1982,355.33177277123
arg,1983,349.619575551384
arg,1984,336.713387320043
arg,1985,546.025355033443
arg,1986,503.762708793744
arg,1987,559.923826752765
arg,1988,544.586022387562
arg,1989,450.642893457978
arg,1990,509.117981449776
arg,1991,512.894847020479
arg,1992,466.475781700535
arg,1993,599.069481317166
arg,1994,622.174928974087
arg,1995,577.61545665401
arg,1996,538.462823835975
arg,1997,541.906165099629
arg,1998,571.625576460194
arg,1999,506.887989202656
arg,2000,447.168307601446
arg,2001,383.098829013541
arg,2002,318.864408041666
arg,2003,430.014941920084
arg,2004,564.381020246349
arg,2005,649.365322128405
arg,2006,770.321076906694
arg,2007,761.404594108181
arg,2008,769.144299055305
arg,2009,777.423163227669
arg,2010,743.906139356132
arg,2011,773.05001352604
arg,2012,805.806379215549
arg,2013,850.205716159039
arg,2014,822.537792337645
arg,2015,863.687645442033
arg,2016,648.177924132591
arg,2017,621.144266544972
arg,2018,552.137040292685
arg,2019,593.156647952682
arg,2020,617.546899711418
arg,2021,710.71213937832
arg,2022,689.657800180384
arm,1888,0
arm,1889,0
arm,1890,0
arm,1891,0
arm,1892,0
arm,1893,0
arm,1894,0
arm,1895,0
arm,1896,0
arm,1897,0
arm,1898,0
arm,1899,0
arm,1900,0
arm,1901,0
arm,1902,0
arm,1903,0
arm,1904,0
arm,1905,0
arm,1906,0
arm,1907,0
arm,1908,0
arm,1909,0
arm,1910,0
arm,1911,0
arm,1912,0
arm,1913,0
arm,1914,0
arm,1915,0
arm,1916,0
arm,1917,0
arm,1918,0
arm,1919,0
arm,1920,0
arm,1921,0
arm,1922,0
arm,1923,0
arm,1924,0
arm,1925,0
arm,1926,0
arm,1927,0
arm,1928,0
arm,1929,0
arm,1930,0
arm,1931,0
arm,1932,0
arm,1933,0
arm,1934,0
arm,1935,0
arm,1936,0
arm,1937,0
arm,1938,0
arm,1939,0
arm,1940,0
arm,1941,0
arm,1942,0
arm,1943,0
arm,1944,0
arm,1945,0
arm,1946,0
arm,1947,0
arm,1948,0
arm,1949,0
arm,1950,0
arm,1951,0
arm,1952,0
arm,1953,0
arm,1954,0
arm,1955,0
arm,1956,0
arm,1957,0
arm,1958,0
arm,1959,0
arm,1960,0
arm,1961,0
arm,1962,0
arm,1963,0
arm,1964,0
arm,1965,0
arm,1966,0
arm,1967,0
arm,1968,0
arm,1969,0
arm,1970,0
arm,1971,0
arm,1972,0
arm,1973,0
arm,1974,0
arm,1975,0
arm,1976,0
arm,1977,0
arm,1978,0
arm,1979,0
arm,1980,0
arm,1981,0
arm,1982,0
arm,1983,0
arm,1984,0
arm,1985,0
arm,1986,0
arm,1987,0
arm,1988,0
arm,1989,0
arm,1990,0
arm,1991,0
arm,1992,0
arm,1993,0
arm,1994,0
arm,1995,0
arm,1996,0
arm,1997,0
arm,1998,0
arm,1999,0
arm,2000,0
arm,2001,0
arm,2002,0
arm,2003,0
arm,2004,0
arm,2005,0
arm,2006,0
arm,2007,0
arm,2008,0
arm,2009,0
arm,2010,0
arm,2011,0
arm,2012,0
arm,2013,0.452242486864178
arm,2014,0.537809359775734
arm,2015,0.989929354035424
arm,2016,0.708121022299648
arm,2017,0.908993469500578
arm,2018,1.65114627831686
arm,2019,1.5599128041308
arm,2020,1.49664560715751
arm,2021,1.53517641587979
arm,2022,1.55623165782904
aus,1888,0
aus,1889,0
aus,1890,0
aus,1891,0
aus,1892,0
aus,1893,0
aus,1894,0
aus,1895,0
aus,1896,0
aus,1897,0
aus,1898,0
aus,1899,0
aus,1900,0
aus,1901,0
aus,1902,0
aus,1903,0
aus,1904,0
aus,1905,0
aus,1906,0
aus,1907,0
aus,1908,0
aus,1909,0
aus,1910,0
aus,1911,0
aus,1912,0
aus,1913,0
aus,1914,0
aus,1915,0
aus,1916,0
aus,1917,0
aus,1918,0
aus,1919,0
aus,1920,0
aus,1921,0
aus,1922,0
aus,1923,0
aus,1924,0
aus,1925,0
aus,1926,0
aus,1927,0
aus,1928,0
aus,1929,0
aus,1930,0
aus,1931,0
aus,1932,0
aus,1933,0
aus,1934,0
aus,1935,0
aus,1936,0
aus,1937,0
aus,1938,0
aus,1939,0
aus,1940,0
aus,1941,0
aus,1942,0
aus,1943,0
aus,1944,0
aus,1945,0
aus,1946,0
aus,1947,0
aus,1948,0
aus,1949,0
aus,1950,0
aus,1951,0
aus,1952,0
aus,1953,115.995707610954
aus,1954,125.705275667996
aus,1955,157.845980085292
aus,1956,146.317704916663
aus,1957,145.613070722371
aus,1958,160.329003850396
aus,1959,175.893205494128
aus,1960,189.277619580752
aus,1961,203.810507676693
aus,1962,227.320672070557
aus,1963,244.461261737007
aus,1964,282.101925496219
aus,1965,302.175345951789
aus,1966,320.592809701094
aus,1967,368.166512075835
aus,1968,398.930583025611
aus,1969,402.331014988386
aus,1970,436.79869779265
aus,1971,480.13406056467
aus,1972,501.160939225568
aus,1973,497.741480279926
aus,1974,515.286918661657
aus,1975,562.886560218581
aus,1976,552.20217980902
aus,1977,533.733438182715
aus,1978,662.820686391496
aus,1979,542.52193124756
aus,1980,572.927579889547
aus,1981,604.849827854079
aus,1982,629.477819741978
aus,1983,656.447250232357
aus,1984,588.649540918798
aus,1985,619.704765770598
aus,1986,652.665390688256
aus,1987,610.613617200093
aus,1988,599.63839179743
aus,1989,553.804857252997
aus,1990,578.927621717532
aus,1991,594.757310488754
aus,1992,629.155547289197
aus,1993,666.44162438967
aus,1994,649.509835707461
aus,1995,624.991128985402
aus,1996,633.000967126757
aus,1997,649.246174483295
aus,1998,665.255215292551
aus,1999,685.296907462366
aus,2000,729.124141039377
aus,2001,755.033267034458
aus,2002,725.239415723969
aus,2003,695.532418336073
aus,2004,681.753444082609
aus,2005,664.337182456538
aus,2006,659.612347700703
aus,2007,654.578361883743
aus,2008,654.859198271884
aus,2009,628.266425457765
aus,2010,626.618122674193
aus,2011,711.808194986876
aus,2012,849.126746241129
aus,2013,799.843388481364
aus,2014,767.347134803598
aus,2015,809.417701504305
aus,2016,815.525141216149
aus,2017,845.520909448726
aus,2018,861.725947534658
aus,2019,831.777708515263
aus,2020,796.64636714664
aus,2021,730.86629257527
aus,2022,670.612655136355
aut,1888,0
aut,1889,0
aut,1890,0
aut,1891,0
aut,1892,0
aut,1893,0
aut,1894,0
aut,1895,0
aut,1896,0
aut,1897,0
aut,1898,0
aut,1899,0
aut,1900,0
aut,1901,0
aut,1902,0
aut,1903,0
aut,1904,0
aut,1905,0
aut,1906,0
aut,1907,0
aut,1908,0
aut,1909,0
aut,1910,0
aut,1911,0
aut,1912,0
aut,1913,0
aut,1914,0
aut,1915,0
aut,1916,0
aut,1917,0
aut,1918,0
aut,1919,0
aut,1920,0
aut,1921,0
aut,1922,0
aut,1923,0
aut,1924,0
aut,1925,0
aut,1926,0
aut,1927,0
aut,1928,0
aut,1929,0
aut,1930,0
aut,1931,0
aut,1932,0
aut,1933,0
aut,1934,0
aut,1935,0
aut,1936,0
aut,1937,0
aut,1938,0
aut,1939,0
aut,1940,0
aut,1941,0
aut,1942,0
aut,1943,0
aut,1944,0
aut,1945,0
aut,1946,0
aut,1947,0
aut,1948,0
aut,1949,0
aut,1950,0
aut,1951,0
aut,1952,0
aut,1953,0
aut,1954,0
aut,1955,0
aut,1956,0
aut,1957,0
aut,1958,0
aut,1959,0
aut,1960,18.8948093865356
aut,1961,21.584728367238
aut,1962,24.3751449472009
aut,1963,26.8747084209974
aut,1964,29.3060047762639
aut,1965,35.6068645265453
aut,1966,42.0746982340479
aut,1967,48.0597784418954
aut,1968,58.11986125203
aut,1969,67.6568066903651
aut,1970,73.6063115935239
aut,1971,70.872896069828
aut,1972,67.9727420769946
aut,1973,64.737115437922
aut,1974,62.008033686442
aut,1975,58.8700789532781
aut,1976,74.6676371270153
aut,1977,72.8600590223113
aut,1978,73.6969028918826
aut,1979,76.5563020828552
aut,1980,77.3866848028914
aut,1981,81.9272110647569
aut,1982,85.7378370337348
aut,1983,89.5500033421572
aut,1984,93.3748118128131
aut,1985,97.2228936015132
aut,1986,96.6024253305358
aut,1987,95.9429014941096
aut,1988,95.6864935533895
aut,1989,95.1737374600971
aut,1990,101.064120565698
aut,1991,107.012229975098
aut,1992,112.961455973329
aut,1993,118.861510682893
aut,1994,126.990503446095
aut,1995,134.962904198976
aut,1996,142.731931496411
aut,1997,148.634712146709
aut,1998,156.335146786338
aut,1999,161.766318831328
aut,2000,166.407261765183
aut,2001,171.823908096583
aut,2002,177.384264769494
aut,2003,164.728721328436
aut,2004,152.187534917478
aut,2005,160.146281692611
aut,2006,168.849486587274
aut,2007,172.946712089954
aut,2008,188.25241993038
aut,2009,201.935870853494
aut,2010,204.977562594326
aut,2011,206.121292174675
aut,2012,191.27192835773
aut,2013,177.696820922376
aut,2014,179.420718407482
aut,2015,180.655691810744
aut,2016,170.451476942588
aut,2017,162.207148562146
aut,2018,167.243876888311
aut,2019,173.029194332348
aut,2020,173.743106439852
aut,2021,175.740280238122
aut,2022,193.139536177884
aze,1888,0
aze,1889,0
aze,1890,0
aze,1891,0
aze,1892,0
aze,1893,0
aze,1894,0
aze,1895,0
aze,1896,0
aze,1897,0
aze,1898,0
aze,1899,0
aze,1900,0
aze,1901,0
aze,1902,0
aze,1903,0
aze,1904,0
aze,1905,0
aze,1906,0
aze,1907,0
aze,1908,0
aze,1909,0
aze,1910,0
aze,1911,0
aze,1912,0
aze,1913,0
aze,1914,0
aze,1915,0
aze,1916,0
aze,1917,0
aze,1918,0
aze,1919,0
aze,1920,0
aze,1921,0
aze,1922,0
aze,1923,0
aze,1924,0
aze,1925,0
aze,1926,0
aze,1927,0
aze,1928,0
aze,1929,0
aze,1930,0
aze,1931,0
aze,1932,0
aze,1933,0
aze,1934,0
aze,1935,0
aze,1936,0
aze,1937,0
aze,1938,0
aze,1939,0
aze,1940,0
aze,1941,0
aze,1942,0
aze,1943,0
aze,1944,0
aze,1945,0
aze,1946,0
aze,1947,0
aze,1948,0
aze,1949,0
aze,1950,0
aze,1951,0
aze,1952,0
aze,1953,0
aze,1954,0
aze,1955,0
aze,1956,0
aze,1957,0
aze,1958,0
aze,1959,0
aze,1960,0
aze,1961,0
aze,1962,0
aze,1963,0
aze,1964,0
aze,1965,0
aze,1966,0
aze,1967,0
aze,1968,0
aze,1969,0
aze,1970,0
aze,1971,0
aze,1972,0
aze,1973,0
aze,1974,0
aze,1975,0
aze,1976,0
aze,1977,0
aze,1978,0
aze,1979,0
aze,1980,0
aze,1981,0
aze,1982,0
aze,1983,0
aze,1984,0
aze,1985,0
aze,1986,0
aze,1987,0
aze,1988,0
aze,1989,0
aze,1990,0
aze,1991,0
aze,1992,0
aze,1993,0
aze,1994,0
aze,1995,0
aze,1996,0
aze,1997,0
aze,1998,0
aze,1999,0
aze,2000,0
aze,2001,0
aze,2002,0
aze,2003,0
aze,2004,0
aze,2005,0
aze,2006,0
aze,2007,0
aze,2008,0
aze,2009,0
aze,2010,0
aze,2011,0
aze,2012,0
aze,2013,13.2222956097683
aze,2014,13.8814827912282
aze,2015,14.6948634591702
aze,2016,12.1157720424465
aze,2017,6.61848710544243
aze,2018,17.6988751558233
aze,2019,18.7601851213122
aze,2020,20.0721285702158
aze,2021,18.9207625882786
aze,2022,17.61534776388
bdi,1888,0
bdi,1889,0
bdi,1890,0
bdi,1891,0
bdi,1892,0
bdi,1893,0
bdi,1894,0
bdi,1895,0
bdi,1896,0
bdi,1897,0
bdi,1898,0
bdi,1899,0
bdi,1900,0
bdi,1901,0
bdi,1902,0
bdi,1903,0
bdi,1904,0
bdi,1905,0
bdi,1906,0
bdi,1907,0
bdi,1908,0
bdi,1909,0
bdi,1910,0
bdi,1911,0
bdi,1912,0
bdi,1913,0
bdi,1914,0
bdi,1915,0
bdi,1916,0
bdi,1917,0
bdi,1918,0
bdi,1919,0
bdi,1920,0
bdi,1921,0
bdi,1922,0
bdi,1923,0
bdi,1924,0
bdi,1925,0
bdi,1926,0
bdi,1927,0
bdi,1928,0
bdi,1929,0
bdi,1930,0
bdi,1931,0
bdi,1932,0
bdi,1933,0
bdi,1934,0
bdi,1935,0
bdi,1936,0
bdi,1937,0
bdi,1938,0
bdi,1939,0
bdi,1940,0
bdi,1941,0
bdi,1942,0
bdi,1943,0
bdi,1944,0
bdi,1945,0
bdi,1946,0
bdi,1947,0
bdi,1948,0
bdi,1949,0
bdi,1950,0
bdi,1951,0
bdi,1952,0
bdi,1953,0
bdi,1954,0
bdi,1955,0
bdi,1956,0
bdi,1957,0
bdi,1958,0
bdi,1959,0
bdi,1960,1.7779402774205
bdi,1961,1.7779402774205
bdi,1962,1.7779402774205
bdi,1963,1.7779402774205
bdi,1964,1.7779402774205
bdi,1965,1.7779402774205
bdi,1966,3.80987202304393
bdi,1967,3.80987202304393
bdi,1968,3.80987202304393
bdi,1969,3.80987202304393
bdi,1970,3.80987202304393
bdi,1971,3.80987202304393
bdi,1972,3.80987202304393
bdi,1973,3.80987202304393
bdi,1974,3.80987202304393
bdi,1975,3.80987202304393
bdi,1976,6.85776964147908
bdi,1977,6.85776964147908
bdi,1978,6.85776964147908
bdi,1979,6.85776964147908
bdi,1980,6.85776964147908
bdi,1981,11.1756246009289
bdi,1982,12.8740269199376
bdi,1983,14.830541920807
bdi,1984,17.0843959728088
bdi,1985,19.6807768262485
bdi,1986,22.671739586291
bdi,1987,26.1172503710858
bdi,1988,30.0863885786001
bdi,1989,34.6587318665309
bdi,1990,39.9259516128997
bdi,1991,45.993650844882
bdi,1992,47.0547889728826
bdi,1993,31.5985674408175
bdi,1994,17.4893233836003
bdi,1995,16.3006482553217
bdi,1996,7.95408202152975
bdi,1997,10.3415686262857
bdi,1998,11.4808129598014
bdi,1999,8.86971951469334
bdi,2000,7.07451589275832
bdi,2001,10.9507529328915
bdi,2002,10.0208901569369
bdi,2003,11.958674868809
bdi,2004,12.3078410461504
bdi,2005,13.8660956725433
bdi,2006,17.4766906931462
bdi,2007,20.7381118160478
bdi,2008,18.4198782576529
bdi,2009,20.5930171803213
bdi,2010,16.1365560783819
bdi,2011,17.1049365829768
bdi,2012,15.3502248896326
bdi,2013,15.5302636254795
bdi,2014,18.5006303544344
bdi,2015,12.3012129549295
bdi,2016,12.6703648634347
bdi,2017,9.21148467472829
bdi,2018,6.69684344747059
bdi,2019,6.78912799175353
bdi,2020,6.73153778407942
bdi,2021,6.73648161583644
bdi,2022,6.5182512882021
bel,1888,0
bel,1889,0
bel,1890,0
bel,1891,0
bel,1892,0
bel,1893,0
bel,1894,0
bel,1895,0
bel,1896,0
bel,1897,0
bel,1898,0
bel,1899,0
bel,1900,0
bel,1901,0
bel,1902,0
bel,1903,0
bel,1904,0
bel,1905,0
bel,1906,0
bel,1907,0
bel,1908,0
bel,1909,0
bel,1910,0
bel,1911,0
bel,1912,0
bel,1913,0
bel,1914,0
bel,1915,0
bel,1916,0
bel,1917,0
bel,1918,0
bel,1919,0
bel,1920,0
bel,1921,0
bel,1922,0
bel,1923,0
bel,1924,0
bel,1925,0
bel,1926,0
bel,1927,0
bel,1928,0
bel,1929,0
bel,1930,0
bel,1931,0
bel,1932,0
bel,1933,0
bel,1934,0
bel,1935,0
bel,1936,0
bel,1937,0
bel,1938,0
bel,1939,0
bel,1940,0
bel,1941,0
bel,1942,0
bel,1943,0
bel,1944,0
bel,1945,0
bel,1946,0
bel,1947,0
bel,1948,0
bel,1949,0
bel,1950,0
bel,1951,0
bel,1952,0
bel,1953,0
bel,1954,0
bel,1955,0
bel,1956,0
bel,1957,0
bel,1958,0
bel,1959,0
bel,1960,72.6447370013519
bel,1961,71.7015258751453
bel,1962,70.5253797960685
bel,1963,68.4540979588213
bel,1964,73.305696994823
bel,1965,77.2537474969132
bel,1966,81.4321172960529
bel,1967,85.9000132454729
bel,1968,90.516128626998
bel,1969,93.5608735123994
bel,1970,93.6694189438799
bel,1971,94.7192705205379
bel,1972,100.464517565518
bel,1973,106.836856850637
bel,1974,113.018973375997
bel,1975,117.953904666031
bel,1976,123.520032422482
bel,1977,129.144718265691
bel,1978,134.519645618185
bel,1979,140.181792907841
bel,1980,145.230288991357
bel,1981,141.364482203005
bel,1982,135.035859334526
bel,1983,136.546912831949
bel,1984,138.211036069929
bel,1985,140.308687018843
bel,1986,139.051397272108
bel,1987,141.373664813434
bel,1988,139.653170902051
bel,1989,192.83455831352
bel,1990,196.668962580897
bel,1991,200.02435039522
bel,1992,189.117920032292
bel,1993,177.737108964635
bel,1994,183.631703134059
bel,1995,190.945274236791
bel,1996,204.812117531435
bel,1997,220.564399241515
bel,1998,235.58299077364
bel,1999,231.03352731129
bel,2000,266.717962508348
bel,2001,279.455785233817
bel,2002,308.317188789805
bel,2003,307.520660930793
bel,2004,267.148728050259
bel,2005,279.062845979765
bel,2006,282.521794902103
bel,2007,256.970853575569
bel,2008,314.017441119143
bel,2009,337.647914063513
bel,2010,350.627658368626
bel,2011,346.29001016627
bel,2012,381.493202453971
bel,2013,384.738507039173
bel,2014,345.471787999034
bel,2015,371.312066991951
bel,2016,391.566098932946
bel,2017,380.647315615354
bel,2018,359.991917077221
bel,2019,370.615140597456
bel,2020,384.540078542574
bel,2021,369.496823402949
bel,2022,373.060352372482
ben,1888,0
ben,1889,0
ben,1890,0
ben,1891,0
ben,1892,0
ben,1893,0
ben,1894,0
ben,1895,0
ben,1896,0
ben,1897,0
ben,1898,0
ben,1899,0
ben,1900,0
ben,1901,0
ben,1902,0
ben,1903,0
ben,1904,0
ben,1905,0
ben,1906,0
ben,1907,0
ben,1908,0
ben,1909,0
ben,1910,0
ben,1911,0
ben,1912,0
ben,1913,0
ben,1914,0
ben,1915,0
ben,1916,0
ben,1917,0
ben,1918,0
ben,1919,0
ben,1920,0
ben,1921,0
ben,1922,0
ben,1923,0
ben,1924,0
ben,1925,0
ben,1926,0
ben,1927,0
ben,1928,0
ben,1929,0
ben,1930,0
ben,1931,0
ben,1932,0
ben,1933,0
ben,1934,0
ben,1935,0
ben,1936,0
ben,1937,0
ben,1938,0
ben,1939,0
ben,1940,0
ben,1941,0
ben,1942,0
ben,1943,0
ben,1944,0
ben,1945,0
ben,1946,0
ben,1947,0
ben,1948,0
ben,1949,0
ben,1950,0
ben,1951,0
ben,1952,0
ben,1953,0
ben,1954,0
ben,1955,0
ben,1956,0
ben,1957,0
ben,1958,0
ben,1959,0
ben,1960,0
ben,1961,19.2721559297193
ben,1962,19.2721559297193
ben,1963,19.2721559297193
ben,1964,19.2721559297193
ben,1965,19.2721559297193
ben,1966,30.9522504325795
ben,1967,30.9522504325795
ben,1968,30.9522504325795
ben,1969,30.9522504325795
ben,1970,30.9522504325795
ben,1971,29.7842409822935
ben,1972,29.7842409822935
ben,1973,29.7842409822935
ben,1974,29.7842409822935
ben,1975,29.7842409822935
ben,1976,23.3601890057204
ben,1977,23.3601890057204
ben,1978,23.3601890057204
ben,1979,23.3601890057204
ben,1980,23.3601890057204
ben,1981,13.4321086782892
ben,1982,10.4820217490084
ben,1983,18.5605847251208
ben,1984,18.8657761416247
ben,1985,19.1715075084371
ben,1986,19.4586774539902
ben,1987,19.7665246805908
ben,1988,22.3688480128902
ben,1989,22.8549940077921
ben,1990,23.9067909782415
ben,1991,26.6452659146895
ben,1992,33.35831252244
ben,1993,31.9173247500589
ben,1994,33.7729899510662
ben,1995,27.870331893322
ben,1996,25.0870999316608
ben,1997,26.2233192778939
ben,1998,27.2073958718519
ben,1999,18.892405017609
ben,2000,17.8957098332919
ben,2001,17.6369620185051
ben,2002,20.4375692021574
ben,2003,23.3414157101442
ben,2004,24.2372737218617
ben,2005,24.0735948617943
ben,2006,26.5422323449943
ben,2007,23.208441575048
ben,2008,28.1874660160542
ben,2009,24.2170826426866
ben,2010,26.8326085611099
ben,2011,32.8238780174605
ben,2012,24.3628621145791
ben,2013,23.8876609353694
ben,2014,26.4302072218113
ben,2015,28.0501444808979
ben,2016,29.7652756221144
ben,2017,51.2379193968251
ben,2018,61.4271002758076
ben,2019,46.9838688835513
ben,2020,50.0847849209904
ben,2021,51.2812917414474
ben,2022,51.325890068602
bfa,1888,0
bfa,1889,0
bfa,1890,0
bfa,1891,0
bfa,1892,0
bfa,1893,0
bfa,1894,0
bfa,1895,0
bfa,1896,0
bfa,1897,0
bfa,1898,0
bfa,1899,0
bfa,1900,0
bfa,1901,0
bfa,1902,0
bfa,1903,0
bfa,1904,0
bfa,1905,0
bfa,1906,0
bfa,1907,0
bfa,1908,0
bfa,1909,0
bfa,1910,0
bfa,1911,0
bfa,1912,0
bfa,1913,0
bfa,1914,0
bfa,1915,0
bfa,1916,0
bfa,1917,0
bfa,1918,0
bfa,1919,0
bfa,1920,0
bfa,1921,0
bfa,1922,0
bfa,1923,0
bfa,1924,0
bfa,1925,0
bfa,1926,0
bfa,1927,0
bfa,1928,0
bfa,1929,0
bfa,1930,0
bfa,1931,0
bfa,1932,0
bfa,1933,0
bfa,1934,0
bfa,1935,0
bfa,1936,0
bfa,1937,0
bfa,1938,0
bfa,1939,0
bfa,1940,0
bfa,1941,0
bfa,1942,0
bfa,1943,0
bfa,1944,0
bfa,1945,0
bfa,1946,0
bfa,1947,0
bfa,1948,0
bfa,1949,0
bfa,1950,0
bfa,1951,0
bfa,1952,0
bfa,1953,0
bfa,1954,0
bfa,1955,0
bfa,1956,0
bfa,1957,0
bfa,1958,0
bfa,1959,0
bfa,1960,7.32680271397352
bfa,1961,7.32680271397352
bfa,1962,7.17692656260644
bfa,1963,8.20036656765592
bfa,1964,8.2645992039561
bfa,1965,9.93036557200736
bfa,1966,11.2835331100644
bfa,1967,11.3306370433512
bfa,1968,11.600414115812
bfa,1969,12.8807846660621
bfa,1970,16.7475893713328
bfa,1971,12.940735126609
bfa,1972,16.1309560628511
bfa,1973,17.2742969889943
bfa,1974,18.3576874545906
bfa,1975,20.2504091375691
bfa,1976,22.2116456326012
bfa,1977,24.4769166061208
bfa,1978,26.5880292525199
bfa,1979,28.7376814806992
bfa,1980,30.0480272612228
bfa,1981,30.8059723695649
bfa,1982,34.389908979214
bfa,1983,37.3231880660372
bfa,1984,28.9783149382034
bfa,1985,17.764923188118
bfa,1986,18.5073182513002
bfa,1987,15.8894951454422
bfa,1988,19.294206882742
bfa,1989,21.637852713246
bfa,1990,29.0987323365534
bfa,1991,46.5613152776682
bfa,1992,38.6448194084831
bfa,1993,45.3722961585835
bfa,1994,38.4713047069415
bfa,1995,33.350697911229
bfa,1996,17.3699634468211
bfa,1997,28.0036844765739
bfa,1998,31.1118174510023
bfa,1999,29.79100512429
bfa,2000,27.4172943425632
bfa,2001,18.6549835110547
bfa,2002,46.0732069293986
bfa,2003,32.9172165728945
bfa,2004,35.2359480075918
bfa,2005,27.7526977318926
bfa,2006,26.4923949353988
bfa,2007,24.2074695756989
bfa,2008,24.2362720348428
bfa,2009,25.7702088285721
bfa,2010,29.0311308658552
bfa,2011,31.8303392594411
bfa,2012,32.6409209295673
bfa,2013,44.41414023447
bfa,2014,51.1159730945823
bfa,2015,47.2267713519447
bfa,2016,44.6867072774875
bfa,2017,43.0477801758872
bfa,2018,44.0127471244181
bfa,2019,35.7771235899892
bfa,2020,36.4760719031822
bfa,2021,33.4691693817866
bfa,2022,36.5147380649756
bgd,1888,0
bgd,1889,0
bgd,1890,0
bgd,1891,0
bgd,1892,0
bgd,1893,0
bgd,1894,0
bgd,1895,0
bgd,1896,0
bgd,1897,0
bgd,1898,0
bgd,1899,0
bgd,1900,0
bgd,1901,0
bgd,1902,0
bgd,1903,0
bgd,1904,0
bgd,1905,0
bgd,1906,0
bgd,1907,0
bgd,1908,0
bgd,1909,0
bgd,1910,0
bgd,1911,0
bgd,1912,0
bgd,1913,0
bgd,1914,0
bgd,1915,0
bgd,1916,0
bgd,1917,0
bgd,1918,0
bgd,1919,0
bgd,1920,0
bgd,1921,0
bgd,1922,0
bgd,1923,0
bgd,1924,0
bgd,1925,0
bgd,1926,0
bgd,1927,0
bgd,1928,0
bgd,1929,0
bgd,1930,0
bgd,1931,0
bgd,1932,0
bgd,1933,0
bgd,1934,0
bgd,1935,0
bgd,1936,0
bgd,1937,0
bgd,1938,0
bgd,1939,0
bgd,1940,0
bgd,1941,0
bgd,1942,0
bgd,1943,0
bgd,1944,0
bgd,1945,0
bgd,1946,0
bgd,1947,0
bgd,1948,0
bgd,1949,0
bgd,1950,0
bgd,1951,0
bgd,1952,0
bgd,1953,0
bgd,1954,0
bgd,1955,0
bgd,1956,0
bgd,1957,0
bgd,1958,0
bgd,1959,0
bgd,1960,0
bgd,1961,20.2034719226221
bgd,1962,20.2034719226221
bgd,1963,20.2034719226221
bgd,1964,20.2034719226221
bgd,1965,20.2034719226221
bgd,1966,16.6817658076696
bgd,1967,16.6817658076696
bgd,1968,16.6817658076696
bgd,1969,16.6817658076696
bgd,1970,16.6817658076696
bgd,1971,26.1347664320157
bgd,1972,26.1347664320157
bgd,1973,26.1347664320157
bgd,1974,26.1347664320157
bgd,1975,26.1347664320157
bgd,1976,43.372591099941
bgd,1977,35.788920992375
bgd,1978,52.2579265961263
bgd,1979,54.4311201075772
bgd,1980,97.2722916204258
bgd,1981,93.0363363648767
bgd,1982,97.4404232933916
bgd,1983,103.4960428201
bgd,1984,109.551662346808
bgd,1985,118.359836203837
bgd,1986,124.415455730545
bgd,1987,135.425673051832
bgd,1988,150.839977301634
bgd,1989,155.244064230149
bgd,1990,173.410922810273
bgd,1991,160.198662024729
bgd,1992,167.355303283565
bgd,1993,189.926248792204
bgd,1994,185.522161863689
bgd,1995,182.769607533367
bgd,1996,160.198662024729
bgd,1997,184.42114013156
bgd,1998,202.587998711684
bgd,1999,236.16916154161
bgd,2000,275.25543303218
bgd,2001,237.057891116939
bgd,2002,210.424596492808
bgd,2003,179.526122621568
bgd,2004,181.653190802515
bgd,2005,217.289260795483
bgd,2006,272.321386048021
bgd,2007,280.317536684507
bgd,2008,261.069481771453
bgd,2009,291.408798985321
bgd,2010,330.736056963204
bgd,2011,355.220224520097
bgd,2012,347.517739973836
bgd,2013,348.624748978477
bgd,2014,369.493835281865
bgd,2015,358.209121000853
bgd,2016,330.12754279534
bgd,2017,334.374092094729
bgd,2018,340.074695812203
bgd,2019,346.232747043074
bgd,2020,352.860764576835
bgd,2021,359.752139860589
bgd,2022,366.131475313855
bgr,1888,0
bgr,1889,0
bgr,1890,0
bgr,1891,0
bgr,1892,0
bgr,1893,0
bgr,1894,0
bgr,1895,0
bgr,1896,0
bgr,1897,0
bgr,1898,0
bgr,1899,0
bgr,1900,0
bgr,1901,0
bgr,1902,0
bgr,1903,0
bgr,1904,0
bgr,1905,0
bgr,1906,0
bgr,1907,0
bgr,1908,0
bgr,1909,0
bgr,1910,0
bgr,1911,0
bgr,1912,0
bgr,1913,0
bgr,1914,0
bgr,1915,0
bgr,1916,0
bgr,1917,0
bgr,1918,0
bgr,1919,0
bgr,1920,0
bgr,1921,0
bgr,1922,0
bgr,1923,0
bgr,1924,0
bgr,1925,0
bgr,1926,0
bgr,1927,0
bgr,1928,0
bgr,1929,0
bgr,1930,0
bgr,1931,0
bgr,1932,0
bgr,1933,0
bgr,1934,0
bgr,1935,0
bgr,1936,0
bgr,1937,0
bgr,1938,0
bgr,1939,0
bgr,1940,0
bgr,1941,0
bgr,1942,0
bgr,1943,0
bgr,1944,0
bgr,1945,0
bgr,1946,0
bgr,1947,0
bgr,1948,0
bgr,1949,0
bgr,1950,0
bgr,1951,0
bgr,1952,0
bgr,1953,0
bgr,1954,0
bgr,1955,0
bgr,1956,0
bgr,1957,0
bgr,1958,0
bgr,1959,0
bgr,1960,96.2893740781846
bgr,1961,97.1692555356296
bgr,1962,98.1042691062485
bgr,1963,98.9403743622514
bgr,1964,99.8205646053188
bgr,1965,100.747164286913
bgr,1966,104.987035352815
bgr,1967,110.198595495963
bgr,1968,116.604535370897
bgr,1969,121.657086169558
bgr,1970,107.201484838582
bgr,1971,113.15143496443
bgr,1972,114.723307108725
bgr,1973,116.616360072097
bgr,1974,118.349280371766
bgr,1975,122.618101262732
bgr,1976,126.639125530738
bgr,1977,129.787885388789
bgr,1978,134.386526582011
bgr,1979,139.84364935885
bgr,1980,139.635384531692
bgr,1981,150.162552053077
bgr,1982,155.138487649054
bgr,1983,150.818659407968
bgr,1984,159.011656024169
bgr,1985,149.884627189204
bgr,1986,157.756904083242
bgr,1987,159.092198109579
bgr,1988,165.305700793491
bgr,1989,164.767445506762
bgr,1990,190.210740744334
bgr,1991,178.488467033333
bgr,1992,166.930003133489
bgr,1993,165.022423259223
bgr,1994,139.352482564602
bgr,1995,131.591065738576
bgr,1996,141.40255795007
bgr,1997,164.493796044529
bgr,1998,160.211594535209
bgr,1999,141.29967043366
bgr,2000,120.273780325074
bgr,2001,98.6194215144025
bgr,2002,108.133180677089
bgr,2003,109.825679532541
bgr,2004,102.694657222163
bgr,2005,89.7214416821644
bgr,2006,92.220957766975
bgr,2007,92.3692968387798
bgr,2008,69.8288682046349
bgr,2009,85.8435561499184
bgr,2010,59.6545736358434
bgr,2011,54.9637350279853
bgr,2012,54.4761947654311
bgr,2013,57.2888555801067
bgr,2014,45.0519496954193
bgr,2015,53.1486921545446
bgr,2016,46.678670182652
bgr,2017,59.2092758961992
bgr,2018,51.1462369369133
bgr,2019,71.2643451627544
bgr,2020,71.8231724541976
bgr,2021,73.3292016934538
bgr,2022,79.104981344368
bhr,1888,0
bhr,1889,0
bhr,1890,0
bhr,1891,0
bhr,1892,0
bhr,1893,0
bhr,1894,0
bhr,1895,0
bhr,1896,0
bhr,1897,0
bhr,1898,0
bhr,1899,0
bhr,1900,0
bhr,1901,0
bhr,1902,0
bhr,1903,0
bhr,1904,0
bhr,1905,0
bhr,1906,0
bhr,1907,0
bhr,1908,0
bhr,1909,0
bhr,1910,0
bhr,1911,0
bhr,1912,0
bhr,1913,0
bhr,1914,0
bhr,1915,0
bhr,1916,0
bhr,1917,0
bhr,1918,0
bhr,1919,0
bhr,1920,0
bhr,1921,0
bhr,1922,0
bhr,1923,0
bhr,1924,0
bhr,1925,0
bhr,1926,0
bhr,1927,0
bhr,1928,0
bhr,1929,0
bhr,1930,0
bhr,1931,0
bhr,1932,0
bhr,1933,0
bhr,1934,0
bhr,1935,0
bhr,1936,0
bhr,1937,0
bhr,1938,0
bhr,1939,0
bhr,1940,0
bhr,1941,0
bhr,1942,0
bhr,1943,0
bhr,1944,0
bhr,1945,0
bhr,1946,0
bhr,1947,0
bhr,1948,0
bhr,1949,0
bhr,1950,0
bhr,1951,0
bhr,1952,0
bhr,1953,0
bhr,1954,0
bhr,1955,0
bhr,1956,0
bhr,1957,0
bhr,1958,0
bhr,1959,0
bhr,1960,0
bhr,1961,0
bhr,1962,0
bhr,1963,0
bhr,1964,0
bhr,1965,0
bhr,1966,0
bhr,1967,0
bhr,1968,0
bhr,1969,0
bhr,1970,0
bhr,1971,0
bhr,1972,0
bhr,1973,0
bhr,1974,0
bhr,1975,0
bhr,1976,0
bhr,1977,0
bhr,1978,0
bhr,1979,0
bhr,1980,0
bhr,1981,0
bhr,1982,0
bhr,1983,0
bhr,1984,0
bhr,1985,0
bhr,1986,0
bhr,1987,0
bhr,1988,0
bhr,1989,0
bhr,1990,0
bhr,1991,0
bhr,1992,0
bhr,1993,0
bhr,1994,0
bhr,1995,0
bhr,1996,0
bhr,1997,0
bhr,1998,0
bhr,1999,0
bhr,2000,0
bhr,2001,0
bhr,2002,0
bhr,2003,0
bhr,2004,0
bhr,2005,0
bhr,2006,0
bhr,2007,0
bhr,2008,0
bhr,2009,0
bhr,2010,0
bhr,2011,0
bhr,2012,0
bhr,2013,0
bhr,2014,0
bhr,2015,0
bhr,2016,0
bhr,2017,0
bhr,2018,0
bhr,2019,0
bhr,2020,0
bhr,2021,0
bhr,2022,0
blr,1888,0
blr,1889,0
blr,1890,0
blr,1891,0
blr,1892,0
blr,1893,0
blr,1894,0
blr,1895,0
blr,1896,0
blr,1897,0
blr,1898,0
blr,1899,0
blr,1900,0
blr,1901,0
blr,1902,0
blr,1903,0
blr,1904,0
blr,1905,0
blr,1906,0
blr,1907,0
blr,1908,0
blr,1909,0
blr,1910,0
blr,1911,0
blr,1912,0
blr,1913,0
blr,1914,0
blr,1915,0
blr,1916,0
blr,1917,0
blr,1918,0
blr,1919,0
blr,1920,0
blr,1921,0
blr,1922,0
blr,1923,0
blr,1924,0
blr,1925,0
blr,1926,0
blr,1927,0
blr,1928,0
blr,1929,0
blr,1930,0
blr,1931,0
blr,1932,0
blr,1933,0
blr,1934,0
blr,1935,0
blr,1936,0
blr,1937,0
blr,1938,0
blr,1939,0
blr,1940,0
blr,1941,0
blr,1942,0
blr,1943,0
blr,1944,0
blr,1945,0
blr,1946,0
blr,1947,0
blr,1948,0
blr,1949,0
blr,1950,0
blr,1951,0
blr,1952,0
blr,1953,0
blr,1954,0
blr,1955,0
blr,1956,0
blr,1957,0
blr,1958,0
blr,1959,0
blr,1960,0
blr,1961,0
blr,1962,0
blr,1963,0
blr,1964,0
blr,1965,0
blr,1966,0
blr,1967,0
blr,1968,0
blr,1969,0
blr,1970,0
blr,1971,0
blr,1972,0
blr,1973,0
blr,1974,0
blr,1975,0
blr,1976,0
blr,1977,0
blr,1978,0
blr,1979,0
blr,1980,0
blr,1981,0
blr,1982,0
blr,1983,0
blr,1984,0
blr,1985,0
blr,1986,0
blr,1987,0
blr,1988,0
blr,1989,0
blr,1990,0
blr,1991,0
blr,1992,0
blr,1993,0
blr,1994,0
blr,1995,0
blr,1996,0
blr,1997,0
blr,1998,0
blr,1999,0
blr,2000,0
blr,2001,0
blr,2002,0
blr,2003,0
blr,2004,0
blr,2005,0
blr,2006,0
blr,2007,0
blr,2008,0
blr,2009,0
blr,2010,0
blr,2011,0
blr,2012,6.67533220335172
blr,2013,7.26181482844363
blr,2014,5.66505091445469
blr,2015,5.14242931712717
blr,2016,5.37804533842381
blr,2017,6.34124672812455
blr,2018,8.00627766263474
blr,2019,8.19025198066297
blr,2020,8.33503314278857
blr,2021,8.20828703939756
blr,2022,8.55486199147282
bol,1888,0
bol,1889,0
bol,1890,0
bol,1891,0
bol,1892,0
bol,1893,0
bol,1894,0
bol,1895,0
bol,1896,0
bol,1897,0
bol,1898,0
bol,1899,0
bol,1900,0
bol,1901,0
bol,1902,0
bol,1903,0
bol,1904,0
bol,1905,0
bol,1906,0
bol,1907,0
bol,1908,0
bol,1909,0
bol,1910,0
bol,1911,0
bol,1912,0
bol,1913,0
bol,1914,0
bol,1915,0
bol,1916,0
bol,1917,0
bol,1918,0
bol,1919,0
bol,1920,0
bol,1921,0
bol,1922,0
bol,1923,0
bol,1924,0
bol,1925,0
bol,1926,0
bol,1927,0
bol,1928,0
bol,1929,0
bol,1930,0
bol,1931,0
bol,1932,0
bol,1933,0
bol,1934,0
bol,1935,0
bol,1936,0
bol,1937,0
bol,1938,0
bol,1939,0
bol,1940,0
bol,1941,0
bol,1942,0
bol,1943,0
bol,1944,0
bol,1945,0
bol,1946,0
bol,1947,0
bol,1948,0
bol,1949,0
bol,1950,0
bol,1951,0
bol,1952,0
bol,1953,0
bol,1954,0
bol,1955,0
bol,1956,0
bol,1957,0
bol,1958,0
bol,1959,0
bol,1960,3.55255719569696
bol,1961,3.55255719569696
bol,1962,3.55255719569696
bol,1963,3.55255719569696
bol,1964,3.55255719569696
bol,1965,4.19214794343391
bol,1966,4.94688851200589
bol,1967,5.83751009754927
bol,1968,6.88847627276971
bol,1969,8.1286549517803
bol,1970,9.59211133328546
bol,1971,9.5776279900298409
bol,1972,7.65341238607051
bol,1973,7.82721250513781
bol,1974,7.99687452613207
bol,1975,7.58513376786551
bol,1976,7.03683577318892
bol,1977,11.8494438321238
bol,1978,12.5405062103199
bol,1979,10.7962978725374
bol,1980,9.31278971335588
bol,1981,7.36243917443425
bol,1982,8.58165257961347
bol,1983,10.0027666446352
bol,1984,11.6592159399132
bol,1985,13.5899717711034
bol,1986,15.8404590575548
bol,1987,16.452401239704
bol,1988,17.0879837237492
bol,1989,17.7481197722341
bol,1990,18.4337579284898
bol,1991,19.1458833795884
bol,1992,6.27440366843154
bol,1993,7.24630259892349
bol,1994,8.36874771372359
bol,1995,9.66505846807422
bol,1996,11.1621664778003
bol,1997,12.8911750394154
bol,1998,14.8880053193397
bol,1999,17.1941426371897
bol,2000,19.8574983476118
bol,2001,22.9334052267614
bol,2002,26.4857670431632
bol,2003,30.5883861959638
bol,2004,35.3264970030365
bol,2005,40.7985364939003
bol,2006,47.1181894967124
bol,2007,54.4167505072154
bol,2008,62.8458514088523
bol,2009,72.5806117140318
bol,2010,75.907840117149
bol,2011,64.8432107948058
bol,2012,64.1110652861952
bol,2013,74.5881697265198
bol,2014,81.0434223470387
bol,2015,90.7985609286924
bol,2016,80.1723793308488
bol,2017,65.0742546388189
bol,2018,58.018879640466
bol,2019,66.095288195203
bol,2020,66.0690385065019
bol,2021,68.1952839455075
bol,2022,65.3773970500492
bra,1888,0
bra,1889,0
bra,1890,0
bra,1891,0
bra,1892,0
bra,1893,0
bra,1894,0
bra,1895,0
bra,1896,0
bra,1897,0
bra,1898,0
bra,1899,0
bra,1900,0
bra,1901,0
bra,1902,0
bra,1903,0
bra,1904,0
bra,1905,0
bra,1906,0
bra,1907,0
bra,1908,0
bra,1909,0
bra,1910,0
bra,1911,0
bra,1912,0
bra,1913,0
bra,1914,0
bra,1915,0
bra,1916,0
bra,1917,0
bra,1918,0
bra,1919,0
bra,1920,0
bra,1921,0
bra,1922,0
bra,1923,0
bra,1924,0
bra,1925,0
bra,1926,0
bra,1927,0
bra,1928,0
bra,1929,0
bra,1930,0
bra,1931,0
bra,1932,0
bra,1933,0
bra,1934,0
bra,1935,0
bra,1936,0
bra,1937,0
bra,1938,0
bra,1939,0
bra,1940,0
bra,1941,0
bra,1942,0
bra,1943,0
bra,1944,0
bra,1945,0
bra,1946,0
bra,1947,0
bra,1948,0
bra,1949,0
bra,1950,0
bra,1951,0
bra,1952,0
bra,1953,0
bra,1954,0
bra,1955,0
bra,1956,0
bra,1957,0
bra,1958,0
bra,1959,0
bra,1960,0
bra,1961,295.416678502427
bra,1962,295.416678502427
bra,1963,295.416678502427
bra,1964,295.416678502427
bra,1965,295.416678502427
bra,1966,562.418485772448
bra,1967,562.418485772448
bra,1968,562.418485772448
bra,1969,562.418485772448
bra,1970,562.418485772448
bra,1971,849.506667534342
bra,1972,849.506667534342
bra,1973,849.506667534342
bra,1974,849.506667534342
bra,1975,849.506667534342
bra,1976,1555.46924418774
bra,1977,1555.46924418774
bra,1978,1555.46924418774
bra,1979,1555.46924418774
bra,1980,1555.46924418774
bra,1981,1432.01152779866
bra,1982,1750.65687199731
bra,1983,1484.80397073257
bra,1984,1455.41798763127
bra,1985,1545.85871645453
bra,1986,1587.0455163893
bra,1987,1758.20730488553
bra,1988,1708.82459414278
bra,1989,1780.15870371209
bra,1990,1757.39660607479
bra,1991,2018.64868237473
bra,1992,1739.51573923816
bra,1993,1980.65757978587
bra,1994,2000.99236195624
bra,1995,1888.23906944564
bra,1996,2074.65614834597
bra,1997,1879.54118477779
bra,1998,1814.20534754031
bra,1999,1729.61432599677
bra,2000,1772.46561971878
bra,2001,1800.48253277367
bra,2002,1732.59485934713
bra,2003,1738.48153981705
bra,2004,1797.97536193544
bra,2005,1774.00953750409
bra,2006,1852.0177743194
bra,2007,1882.70516049221
bra,2008,2107.20774734272
bra,2009,2515.59934776985
bra,2010,2489.26032672217
bra,2011,2482.24180696701
bra,2012,2606.39317813104
bra,2013,2639.05383249388
bra,2014,2834.04228581284
bra,2015,2907.75662137913
bra,2016,2767.20070021917
bra,2017,2812.02865110487
bra,2018,2946.98289143507
bra,2019,3086.06350933822
bra,2020,2554.62557714151
bra,2021,2324.04521561944
bra,2022,2276.47911619339
brn,1888,0
brn,1889,0
brn,1890,0
brn,1891,0
brn,1892,0
brn,1893,0
brn,1894,0
brn,1895,0
brn,1896,0
brn,1897,0
brn,1898,0
brn,1899,0
brn,1900,0
brn,1901,0
brn,1902,0
brn,1903,0
brn,1904,0
brn,1905,0
brn,1906,0
brn,1907,0
brn,1908,0
brn,1909,0
brn,1910,0
brn,1911,0
brn,1912,0
brn,1913,0
brn,1914,0
brn,1915,0
brn,1916,0
brn,1917,0
brn,1918,0
brn,1919,0
brn,1920,0
brn,1921,0
brn,1922,0
brn,1923,0
brn,1924,0
brn,1925,0
brn,1926,0
brn,1927,0
brn,1928,0
brn,1929,0
brn,1930,0
brn,1931,0
brn,1932,0
brn,1933,0
brn,1934,0
brn,1935,0
brn,1936,0
brn,1937,0
brn,1938,0
brn,1939,0
brn,1940,0
brn,1941,0
brn,1942,0
brn,1943,0
brn,1944,0
brn,1945,0
brn,1946,0
brn,1947,0
brn,1948,0
brn,1949,0
brn,1950,0
brn,1951,0
brn,1952,0
brn,1953,0
brn,1954,0
brn,1955,0
brn,1956,0
brn,1957,0
brn,1958,0
brn,1959,0
brn,1960,0
brn,1961,0.253991468202929
brn,1962,0.253991468202929
brn,1963,0.253991468202929
brn,1964,0.253991468202929
brn,1965,0.253991468202929
brn,1966,0.507982936405858
brn,1967,0.507982936405858
brn,1968,0.507982936405858
brn,1969,0.507982936405858
brn,1970,0.507982936405858
brn,1971,1.7779402774205
brn,1972,1.7779402774205
brn,1973,1.7779402774205
brn,1974,1.7779402774205
brn,1975,1.7779402774205
brn,1976,2.28592321382636
brn,1977,2.28592321382636
brn,1978,2.28592321382636
brn,1979,2.28592321382636
brn,1980,2.28592321382636
brn,1981,3.555880554841
brn,1982,3.63485370643761
brn,1983,3.71558078609139
brn,1984,3.7981007470867
brn,1985,3.88245340782793
brn,1986,3.96867947105318
brn,1987,4.05682054347451
brn,1988,4.14691915585446
brn,1989,4.23901878352849
brn,1990,4.33316386738309
brn,1991,4.42939983529993
brn,1992,4.52777312407615
brn,1993,4.62833120183158
brn,1994,4.73112259091351
brn,1995,4.83619689131027
brn,1996,4.94360480458466
brn,1997,5.0533981583391
brn,1998,5.16562993122394
brn,1999,5.28035427850133
brn,2000,5.3976265581768
brn,2001,5.51750335771115
brn,2002,5.64004252132566
brn,2003,5.76530317791368
brn,2004,5.89334576957214
brn,2005,6.02423208076671
brn,2006,6.15802526814469
brn,2007,6.29478989101
brn,2008,6.43459194247507
brn,2009,6.57749888130449
brn,2010,6.72357966446594
brn,2011,6.87290478040406
brn,2012,7.02554628305323
brn,2013,7.18157782660584
brn,2014,7.34107470105266
brn,2015,7.50411386851259
brn,2016,7.67077400036922
brn,2017,7.84113551523219
brn,2018,8.01528061774159
brn,2019,8.0411241415051
brn,2020,9.04432192648886
brn,2021,9.12210571935687
brn,2022,8.3975386000488
bwa,1888,0
bwa,1889,0
bwa,1890,0
bwa,1891,0
bwa,1892,0
bwa,1893,0
bwa,1894,0
bwa,1895,0
bwa,1896,0
bwa,1897,0
bwa,1898,0
bwa,1899,0
bwa,1900,0
bwa,1901,0
bwa,1902,0
bwa,1903,0
bwa,1904,0
bwa,1905,0
bwa,1906,0
bwa,1907,0
bwa,1908,0
bwa,1909,0
bwa,1910,0
bwa,1911,0
bwa,1912,0
bwa,1913,0
bwa,1914,0
bwa,1915,0
bwa,1916,0
bwa,1917,0
bwa,1918,0
bwa,1919,0
bwa,1920,0
bwa,1921,0
bwa,1922,0
bwa,1923,0
bwa,1924,0
bwa,1925,0
bwa,1926,0
bwa,1927,0
bwa,1928,0
bwa,1929,0
bwa,1930,0
bwa,1931,0
bwa,1932,0
bwa,1933,0
bwa,1934,0
bwa,1935,0
bwa,1936,0
bwa,1937,0
bwa,1938,0
bwa,1939,0
bwa,1940,0
bwa,1941,0
bwa,1942,0
bwa,1943,0
bwa,1944,0
bwa,1945,0
bwa,1946,0
bwa,1947,0
bwa,1948,0
bwa,1949,0
bwa,1950,0
bwa,1951,0
bwa,1952,0
bwa,1953,0
bwa,1954,0
bwa,1955,0
bwa,1956,0
bwa,1957,0
bwa,1958,0
bwa,1959,0
bwa,1960,0.194123344194485
bwa,1961,0.194123344194485
bwa,1962,0.308881343248683
bwa,1963,0.434364388943461
bwa,1964,0.56949997661476
bwa,1965,0.715360610926638
bwa,1966,1.21622028904169
bwa,1967,1.47254890375153
bwa,1968,1.67632478992254
bwa,1969,1.7181524718208
bwa,1970,2.72416184670714
bwa,1971,2.86358745303467
bwa,1972,3.17139629161929
bwa,1973,3.79452150143695
bwa,1974,5.81941030717832
bwa,1975,3.5103077654616
bwa,1976,4.35007891741895
bwa,1977,4.82090846494038
bwa,1978,6.45540557296467
bwa,1979,7.27479913630492
bwa,1980,10.4933856331428
bwa,1981,11.6130805024192
bwa,1982,14.6250751463162
bwa,1983,12.0249372455275
bwa,1984,12.7331272719736
bwa,1985,11.6258704326338
bwa,1986,13.5321353347167
bwa,1987,11.5425069962631
bwa,1988,11.8246862466727
bwa,1989,12.790988856727
bwa,1990,14.0984065936636
bwa,1991,13.4026804149449
bwa,1992,14.3557461582437
bwa,1993,15.882168529722
bwa,1994,17.0403714230354
bwa,1995,16.4089593260508
bwa,1996,16.316485327636
bwa,1997,18.0681541042227
bwa,1998,19.9117871058996
bwa,1999,22.9739105674785
bwa,2000,21.8175293052453
bwa,2001,26.025648327954
bwa,2002,22.8666377529457
bwa,2003,23.8950957738868
bwa,2004,22.9783088890618
bwa,2005,32.4470345415209
bwa,2006,33.6663332228985
bwa,2007,33.5049578388695
bwa,2008,27.362392501571
bwa,2009,25.1970121117521
bwa,2010,21.8299474476154
bwa,2011,18.4503015268867
bwa,2012,16.7421344754621
bwa,2013,18.9888852789647
bwa,2014,17.1510035724589
bwa,2015,18.7069906754779
bwa,2016,17.327392410131498
bwa,2017,17.2048241260257
bwa,2018,18.0393034978026
bwa,2019,18.1119779132613
bwa,2020,17.9476092035911
bwa,2021,17.4882204485943
bwa,2022,17.6640301105637
can,1888,0
can,1889,0
can,1890,0
can,1891,0
can,1892,0
can,1893,0
can,1894,0
can,1895,0
can,1896,0
can,1897,0
can,1898,0
can,1899,0
can,1900,0
can,1901,0
can,1902,0
can,1903,0
can,1904,0
can,1905,0
can,1906,0
can,1907,0
can,1908,0
can,1909,0
can,1910,0
can,1911,0
can,1912,0
can,1913,0
can,1914,0
can,1915,0
can,1916,0
can,1917,0
can,1918,0
can,1919,0
can,1920,0
can,1921,0
can,1922,0
can,1923,0
can,1924,0
can,1925,0
can,1926,0
can,1927,0
can,1928,0
can,1929,0
can,1930,0
can,1931,0
can,1932,0
can,1933,0
can,1934,0
can,1935,0
can,1936,0
can,1937,0
can,1938,0
can,1939,0
can,1940,0
can,1941,0
can,1942,0
can,1943,0
can,1944,0
can,1945,0
can,1946,0
can,1947,0
can,1948,0
can,1949,0
can,1950,0
can,1951,0
can,1952,0
can,1953,0
can,1954,0
can,1955,0
can,1956,0
can,1957,0
can,1958,0
can,1959,0
can,1960,244.364658913712
can,1961,289.017824710127
can,1962,345.653873511357
can,1963,409.577985148785
can,1964,482.932038993252
can,1965,563.858889854144
can,1966,651.14783898476
can,1967,755.316025691065
can,1968,763.098226362573
can,1969,763.531598812682
can,1970,763.075214360135
can,1971,749.778586804649
can,1972,669.085771180781
can,1973,564.387995247306
can,1974,679.865151648274
can,1975,724.652180284231
can,1976,688.346816790694
can,1977,688.117787655253
can,1978,848.657090462103
can,1979,900.571318961358
can,1980,907.291923785103
can,1981,937.455659701454
can,1982,968.499952880268
can,1983,1065.85324947616
can,1984,1098.92399676925
can,1985,1105.72488848961
can,1986,1020.78256126364
can,1987,847.620662909329
can,1988,853.843825985582
can,1989,875.285065134747
can,1990,894.550235368336
can,1991,947.178003751815
can,1992,903.71337694687
can,1993,935.388928008631
can,1994,887.491234372667
can,1995,834.134811404778
can,1996,843.916456435278
can,1997,778.660727062618
can,1998,793.411860365087
can,1999,881.035815204442
can,2000,874.109441930798
can,2001,885.245205689782
can,2002,808.66586949765
can,2003,799.568344489106
can,2004,732.261631591136
can,2005,855.90046207769694
can,2006,836.742987699545
can,2007,877.43095729463
can,2008,785.558550194191
can,2009,948.327022698755
can,2010,892.328880076489
can,2011,800.988936391711
can,2012,843.178925437076
can,2013,877.25780265268
can,2014,834.748004994614
can,2015,836.976139477866
can,2016,849.405850585333
can,2017,812.435659702517
can,2018,800.208178323697
can,2019,944.64870723065
can,2020,963.277241405907
can,2021,917.698632826158
can,2022,870.571460796475
che,1888,0
che,1889,0
che,1890,0
che,1891,0
che,1892,0
che,1893,0
che,1894,0
che,1895,0
che,1896,0
che,1897,0
che,1898,0
che,1899,0
che,1900,0
che,1901,0
che,1902,0
che,1903,0
che,1904,0
che,1905,0
che,1906,0
che,1907,0
che,1908,0
che,1909,0
che,1910,0
che,1911,0
che,1912,0
che,1913,0
che,1914,0
che,1915,0
che,1916,0
che,1917,0
che,1918,0
che,1919,0
che,1920,0
che,1921,0
che,1922,0
che,1923,0
che,1924,0
che,1925,0
che,1926,0
che,1927,0
che,1928,0
che,1929,0
che,1930,0
che,1931,0
che,1932,0
che,1933,0
che,1934,0
che,1935,0
che,1936,0
che,1937,0
che,1938,0
che,1939,0
che,1940,0
che,1941,0
che,1942,0
che,1943,0
che,1944,0
che,1945,0
che,1946,0
che,1947,0
che,1948,0
che,1949,0
che,1950,0
che,1951,0
che,1952,0
che,1953,0
che,1954,0
che,1955,0
che,1956,0
che,1957,0
che,1958,0
che,1959,0
che,1960,52.1377524182801
che,1961,56.2804965902347
che,1962,60.3418573038567
che,1963,65.4593506803678
che,1964,70.8454366146258
che,1965,77.8309656836041
che,1966,85.1005230046529
che,1967,93.5933180810622
che,1968,104.372667494609
che,1969,117.24159055305
che,1970,133.39702740219
che,1971,108.74012172282
che,1972,122.332636938173
che,1973,135.609047148517
che,1974,147.937142343837
che,1975,103.366336637681
che,1976,114.746116817976
che,1977,91.6704514523776
che,1978,94.8315015024595
che,1979,98.3086565575498
che,1980,107.159596697779
che,1981,117.081835217
che,1982,127.953383513523
che,1983,139.961298773502
che,1984,142.1298219167
che,1985,147.10525979301
che,1986,151.718948631189
che,1987,135.530577493015
che,1988,119.247175874915
che,1989,127.380230714857
che,1990,111.768606527024
che,1991,114.84789882746
che,1992,114.359836309561
che,1993,102.03226783806
che,1994,92.3629669794137
che,1995,93.6486651140308
che,1996,95.3228352123677
che,1997,115.132308451134
che,1998,130.074931342963
che,1999,130.888368276545
che,2000,126.752750141625
che,2001,131.0974296421
che,2002,137.085989415746
che,2003,138.764014338404
che,2004,141.108375069619
che,2005,137.933847824512
che,2006,132.081372623919
che,2007,130.870558771493
che,2008,129.165995223955
che,2009,143.793709899001
che,2010,159.561704421919
che,2011,181.847265007411
che,2012,206.574010323539
che,2013,202.940887902126
che,2014,229.040978311299
che,2015,247.057454219592
che,2016,243.171837822719
che,2017,238.869065760958
che,2018,248.104872470913
che,2019,260.689498909246
che,2020,269.063481618305
che,2021,272.391958803894
che,2022,276.125649481529
chl,1888,0
chl,1889,0
chl,1890,0
chl,1891,0
chl,1892,0
chl,1893,0
chl,1894,0
chl,1895,0
chl,1896,0
chl,1897,0
chl,1898,0
chl,1899,0
chl,1900,0
chl,1901,0
chl,1902,0
chl,1903,0
chl,1904,0
chl,1905,0
chl,1906,0
chl,1907,0
chl,1908,0
chl,1909,0
chl,1910,0
chl,1911,0
chl,1912,0
chl,1913,0
chl,1914,0
chl,1915,0
chl,1916,0
chl,1917,0
chl,1918,0
chl,1919,0
chl,1920,0
chl,1921,0
chl,1922,0
chl,1923,0
chl,1924,0
chl,1925,0
chl,1926,0
chl,1927,0
chl,1928,0
chl,1929,0
chl,1930,0
chl,1931,0
chl,1932,0
chl,1933,0
chl,1934,0
chl,1935,0
chl,1936,0
chl,1937,0
chl,1938,0
chl,1939,0
chl,1940,0
chl,1941,0
chl,1942,0
chl,1943,0
chl,1944,0
chl,1945,0
chl,1946,0
chl,1947,0
chl,1948,0
chl,1949,0
chl,1950,0
chl,1951,0
chl,1952,0
chl,1953,0
chl,1954,0
chl,1955,0
chl,1956,0
chl,1957,0
chl,1958,0
chl,1959,0
chl,1960,40.823439595833
chl,1961,40.823439595833
chl,1962,40.823439595833
chl,1963,40.823439595833
chl,1964,40.823439595833
chl,1965,59.934395169781
chl,1966,59.934395169781
chl,1967,59.934395169781
chl,1968,59.934395169781
chl,1969,59.934395169781
chl,1970,69.3551889226655
chl,1971,116.143713501984
chl,1972,109.377612947335
chl,1973,79.8853537984443
chl,1974,84.617016575006
chl,1975,91.0641286278641
chl,1976,101.353279968957
chl,1977,101.555306020091
chl,1978,88.2995616123449
chl,1979,83.5111897687982
chl,1980,89.2529828010304
chl,1981,104.844431905221
chl,1982,88.057222920833
chl,1983,84.3961200972692
chl,1984,97.8175916285674
chl,1985,83.5299039290112
chl,1986,129.535240221066
chl,1987,152.425330835475
chl,1988,134.379338934129
chl,1989,150.314373702101
chl,1990,117.696562002207
chl,1991,103.272438763596
chl,1992,118.65969543712
chl,1993,126.408126857198
chl,1994,159.333956144917
chl,1995,159.506896647769
chl,1996,212.002863614723
chl,1997,228.201412564992
chl,1998,197.066895998079
chl,1999,203.273450054588
chl,2000,182.393912069978
chl,2001,195.450401956735
chl,2002,196.515521240748
chl,2003,165.548074663247
chl,2004,166.834184828094
chl,2005,171.513621347768
chl,2006,166.277946821621
chl,2007,181.409687988995
chl,2008,206.90231543164
chl,2009,208.975973177407
chl,2010,205.07823371835
chl,2011,197.133011927231
chl,2012,210.563130783066
chl,2013,204.153897645292
chl,2014,190.583882609605
chl,2015,201.432026694439
chl,2016,217.071959230122
chl,2017,206.46087102672
chl,2018,225.09627938814
chl,2019,228.31001007881
chl,2020,216.581656503662
chl,2021,210.742265849797
chl,2022,209.087519152913
chn,1888,0
chn,1889,0
chn,1890,0
chn,1891,0
chn,1892,0
chn,1893,0
chn,1894,0
chn,1895,0
chn,1896,0
chn,1897,0
chn,1898,0
chn,1899,0
chn,1900,0
chn,1901,0
chn,1902,0
chn,1903,0
chn,1904,0
chn,1905,0
chn,1906,0
chn,1907,0
chn,1908,0
chn,1909,0
chn,1910,0
chn,1911,0
chn,1912,0
chn,1913,0
chn,1914,0
chn,1915,0
chn,1916,0
chn,1917,0
chn,1918,0
chn,1919,0
chn,1920,0
chn,1921,0
chn,1922,0
chn,1923,0
chn,1924,0
chn,1925,0
chn,1926,0
chn,1927,0
chn,1928,0
chn,1929,0
chn,1930,0
chn,1931,0
chn,1932,0
chn,1933,0
chn,1934,0
chn,1935,0
chn,1936,0
chn,1937,0
chn,1938,0
chn,1939,0
chn,1940,0
chn,1941,0
chn,1942,0
chn,1943,0
chn,1944,0
chn,1945,0
chn,1946,0
chn,1947,0
chn,1948,0
chn,1949,0
chn,1950,0
chn,1951,0
chn,1952,0
chn,1953,11.9316724293956
chn,1954,11.9316724293956
chn,1955,11.9316724293956
chn,1956,12.0844467242662
chn,1957,12.2372210191368
chn,1958,85.5536051275482
chn,1959,85.5536051275482
chn,1960,85.5536051275482
chn,1961,61.6648837104631
chn,1962,44.1198407799738
chn,1963,60.7510343162175
chn,1964,79.0111698386907
chn,1965,87.4140283782761
chn,1966,82.0378628088078
chn,1967,50.3442125013601
chn,1968,47.9667016722082
chn,1969,80.84257254332
chn,1970,102.220321037696
chn,1971,94.0102474236905
chn,1972,122.401884395196
chn,1973,117.277124677823
chn,1974,117.374388781711
chn,1975,137.970838912447
chn,1976,135.291998176721
chn,1977,142.235397897356
chn,1978,179.399578423761
chn,1979,203.381281220958
chn,1980,203.95368365228
chn,1981,182.070241200319
chn,1982,196.868055338361
chn,1983,242.109193207468
chn,1984,292.031084241037
chn,1985,334.701493502104
chn,1986,374.515537643125
chn,1987,380.882467636516
chn,1988,421.553421313551
chn,1989,490.723527623814
chn,1990,497.882868585993
chn,1991,534.435128041542
chn,1992,610.561865531271
chn,1993,615.813891719741
chn,1994,622.503314549267
chn,1995,638.388390249133
chn,1996,607.22636819754
chn,1997,613.851292459839
chn,1998,679.29891003301
chn,1999,932.529499046591
chn,2000,830.363768559287
chn,2001,892.789167553829
chn,2002,1161.33910234728
chn,2003,1374.41891452286
chn,2004,1511.85909521679
chn,2005,1673.31598271534
chn,2006,1960.11542631024
chn,2007,2306.40703002561
chn,2008,2742.32539698869
chn,2009,3503.05155666305
chn,2010,4040.38289460524
chn,2011,3921.47770921848
chn,2012,4496.38010880923
chn,2013,4751.25938689307
chn,2014,4925.5336531563
chn,2015,5742.49975568314
chn,2016,6199.79458354716
chn,2017,6580.30450337456
chn,2018,6900.81237537102
chn,2019,7505.63142996568
chn,2020,7646.67751850495
chn,2021,7788.89605038899
chn,2022,7963.6834961115
civ,1888,0
civ,1889,0
civ,1890,0
civ,1891,0
civ,1892,0
civ,1893,0
civ,1894,0
civ,1895,0
civ,1896,0
civ,1897,0
civ,1898,0
civ,1899,0
civ,1900,0
civ,1901,0
civ,1902,0
civ,1903,0
civ,1904,0
civ,1905,0
civ,1906,0
civ,1907,0
civ,1908,0
civ,1909,0
civ,1910,0
civ,1911,0
civ,1912,0
civ,1913,0
civ,1914,0
civ,1915,0
civ,1916,0
civ,1917,0
civ,1918,0
civ,1919,0
civ,1920,0
civ,1921,0
civ,1922,0
civ,1923,0
civ,1924,0
civ,1925,0
civ,1926,0
civ,1927,0
civ,1928,0
civ,1929,0
civ,1930,0
civ,1931,0
civ,1932,0
civ,1933,0
civ,1934,0
civ,1935,0
civ,1936,0
civ,1937,0
civ,1938,0
civ,1939,0
civ,1940,0
civ,1941,0
civ,1942,0
civ,1943,0
civ,1944,0
civ,1945,0
civ,1946,0
civ,1947,0
civ,1948,0
civ,1949,0
civ,1950,0
civ,1951,0
civ,1952,0
civ,1953,0
civ,1954,0
civ,1955,0
civ,1956,0
civ,1957,0
civ,1958,0
civ,1959,0
civ,1960,0
civ,1961,75.2978630146016
civ,1962,87.3493615467645
civ,1963,95.9861992547815
civ,1964,103.725540535914
civ,1965,108.814136556249
civ,1966,117.129545311382
civ,1967,117.000138849831
civ,1968,115.271936427831
civ,1969,124.902281808399
civ,1970,127.306737352051
civ,1971,144.810004877288
civ,1972,149.29748701171
civ,1973,146.275219974202
civ,1974,140.969555050621
civ,1975,145.502955606883
civ,1976,146.028930257057
civ,1977,143.578556291564
civ,1978,156.368923975161
civ,1979,161.52848482925
civ,1980,154.198234942697
civ,1981,164.421345405207
civ,1982,181.553769027941
civ,1983,181.896833468732
civ,1984,141.219792443279
civ,1985,157.528028301435
civ,1986,153.029701930096
civ,1987,163.576458813285
civ,1988,164.465970636436
civ,1989,156.276636644863
civ,1990,157.446019083193
civ,1991,154.215311860663
civ,1992,96.032206669518
civ,1993,91.7642179851347
civ,1994,93.0794668701593
civ,1995,83.9023545106403
civ,1996,53.4130608252941
civ,1997,55.0738120923436
civ,1998,85.2872098751528
civ,1999,82.508731110555
civ,2000,88.8375246878779
civ,2001,57.0715182546886
civ,2002,68.851228502114
civ,2003,67.775480209342
civ,2004,71.2656779484013
civ,2005,72.3207464087049
civ,2006,78.315780669246
civ,2007,81.743817132834
civ,2008,80.0173082458778
civ,2009,76.6277747645249
civ,2010,76.7182524380642
civ,2011,80.3718997648903
civ,2012,85.2965952976696
civ,2013,88.6847499290744
civ,2014,92.5395296345116
civ,2015,90.2460852439245
civ,2016,88.0362266132322
civ,2017,130.441931003119
civ,2018,106.496995508801
civ,2019,133.81331359926
civ,2020,111.849752349689
civ,2021,118.675358066051
civ,2022,120.345959392265
cmr,1888,0
cmr,1889,0
cmr,1890,0
cmr,1891,0
cmr,1892,0
cmr,1893,0
cmr,1894,0
cmr,1895,0
cmr,1896,0
cmr,1897,0
cmr,1898,0
cmr,1899,0
cmr,1900,0
cmr,1901,0
cmr,1902,0
cmr,1903,0
cmr,1904,0
cmr,1905,0
cmr,1906,0
cmr,1907,0
cmr,1908,0
cmr,1909,0
cmr,1910,0
cmr,1911,0
cmr,1912,0
cmr,1913,0
cmr,1914,0
cmr,1915,0
cmr,1916,0
cmr,1917,0
cmr,1918,0
cmr,1919,0
cmr,1920,0
cmr,1921,0
cmr,1922,0
cmr,1923,0
cmr,1924,0
cmr,1925,0
cmr,1926,0
cmr,1927,0
cmr,1928,0
cmr,1929,0
cmr,1930,0
cmr,1931,0
cmr,1932,0
cmr,1933,0
cmr,1934,0
cmr,1935,0
cmr,1936,0
cmr,1937,0
cmr,1938,0
cmr,1939,0
cmr,1940,0
cmr,1941,0
cmr,1942,0
cmr,1943,0
cmr,1944,0
cmr,1945,0
cmr,1946,0
cmr,1947,0
cmr,1948,0
cmr,1949,0
cmr,1950,0
cmr,1951,0
cmr,1952,0
cmr,1953,0
cmr,1954,0
cmr,1955,0
cmr,1956,0
cmr,1957,0
cmr,1958,0
cmr,1959,0
cmr,1960,0
cmr,1961,5.99673856427115
cmr,1962,5.99673856427115
cmr,1963,5.99673856427115
cmr,1964,5.99673856427115
cmr,1965,5.99673856427115
cmr,1966,5.99673856427115
cmr,1967,5.99673856427115
cmr,1968,5.99673856427115
cmr,1969,5.99673856427115
cmr,1970,7.46480925048408
cmr,1971,7.89405483174703
cmr,1972,8.19884459359055
cmr,1973,7.81256782623003
cmr,1974,7.44448993302785
cmr,1975,9.5653186925223
cmr,1976,12.9865837692158
cmr,1977,16.6796197168863
cmr,1978,12.6665545192801
cmr,1979,13.0373820628563
cmr,1980,17.949577057901
cmr,1981,21.8305666920417
cmr,1982,32.2340572296337
cmr,1983,42.2667202236494
cmr,1984,54.9612138044318
cmr,1985,60.4042509680205
cmr,1986,58.7807819185373
cmr,1987,57.2009464165676
cmr,1988,55.6635717348152
cmr,1989,54.1675166650652
cmr,1990,52.7116706710529
cmr,1991,51.2949530641032
cmr,1992,49.9163122009236
cmr,1993,48.5747247029601
cmr,1994,47.269194696733
cmr,1995,45.99875307459
cmr,1996,44.7624567753287
cmr,1997,43.5593880841524
cmr,1998,42.3886539514423
cmr,1999,41.2493853298372
cmr,2000,40.1407365291319
cmr,2001,39.0618845885126
cmr,2002,38.0120286656652
cmr,2003,36.9903894423024
cmr,2004,35.9962085456681
cmr,2005,35.0287479855897
cmr,2006,34.0872896066611
cmr,2007,33.1711345551485
cmr,2008,34.752427448881
cmr,2009,35.2307969691727
cmr,2010,29.3765289342879
cmr,2011,30.3462898915364
cmr,2012,43.6331725898506
cmr,2013,36.4426616819584
cmr,2014,48.2543715597889
cmr,2015,33.0988317551851
cmr,2016,44.4244707655951
cmr,2017,46.2828622901083
cmr,2018,35.9485949715981
cmr,2019,34.042608095038
cmr,2020,34.3986731054606
cmr,2021,35.544867042087
cmr,2022,36.1474384663849
col,1888,0
col,1889,0
col,1890,0
col,1891,0
col,1892,0
col,1893,0
col,1894,0
col,1895,0
col,1896,0
col,1897,0
col,1898,0
col,1899,0
col,1900,0
col,1901,0
col,1902,0
col,1903,0
col,1904,0
col,1905,0
col,1906,0
col,1907,0
col,1908,0
col,1909,0
col,1910,0
col,1911,0
col,1912,0
col,1913,0
col,1914,0
col,1915,0
col,1916,0
col,1917,0
col,1918,0
col,1919,0
col,1920,0
col,1921,0
col,1922,0
col,1923,0
col,1924,0
col,1925,0
col,1926,0
col,1927,0
col,1928,0
col,1929,0
col,1930,0
col,1931,0
col,1932,0
col,1933,0
col,1934,0
col,1935,0
col,1936,0
col,1937,0
col,1938,0
col,1939,0
col,1940,0
col,1941,0
col,1942,0
col,1943,0
col,1944,0
col,1945,0
col,1946,0
col,1947,0
col,1948,0
col,1949,0
col,1950,0
col,1951,0
col,1952,0
col,1953,0
col,1954,0
col,1955,0
col,1956,0
col,1957,0
col,1958,0
col,1959,0
col,1960,0
col,1961,11.9546903315127
col,1962,25.3253255424545
col,1963,26.8294607603949
col,1964,28.4315852433476
col,1965,35.7072881705182
col,1966,35.9865575758036
col,1967,39.7346469625278
col,1968,56.3462771137548
col,1969,81.1596087465196
col,1970,123.721246004655
col,1971,180.645659781983
col,1972,184.905743078397
col,1973,192.414170509972
col,1974,170.86388140212
col,1975,145.621846734926
col,1976,137.831700166441
col,1977,136.031147421838
col,1978,136.060544201342
col,1979,165.557762701699
col,1980,155.440371089169
col,1981,171.640446327344
col,1982,175.584747768105
col,1983,210.15696451411
col,1984,276.034484488153
col,1985,310.123162000695
col,1986,290.302325023622
col,1987,381.715787034961
col,1988,260.026124836639
col,1989,301.028605217558
col,1990,200.377755067593
col,1991,173.534904505295
col,1992,172.116101636409
col,1993,158.053315256914
col,1994,184.16231460984
col,1995,227.016517275849
col,1996,269.754356962701
col,1997,260.316538967336
col,1998,269.809945132456
col,1999,260.524399117971
col,2000,234.484565195971
col,2001,246.918760430855
col,2002,247.081606427728
col,2003,225.38162507106
col,2004,201.194440784125
col,2005,209.767155457964
col,2006,208.742011542285
col,2007,189.218308076509
col,2008,184.930071915814
col,2009,202.801735872016
col,2010,180.976962602207
col,2011,262.991591598617
col,2012,255.004223686801
col,2013,269.72084087419603
col,2014,277.205764750108
col,2015,295.76654794105
col,2016,316.319326807429
col,2017,312.751623260253
col,2018,312.631728918723
col,2019,323.74828017267
col,2020,338.889035698865
col,2021,366.208794084063
col,2022,403.258953864436
cri,1888,0
cri,1889,0
cri,1890,0
cri,1891,0
cri,1892,0
cri,1893,0
cri,1894,0
cri,1895,0
cri,1896,0
cri,1897,0
cri,1898,0
cri,1899,0
cri,1900,0
cri,1901,0
cri,1902,0
cri,1903,0
cri,1904,0
cri,1905,0
cri,1906,0
cri,1907,0
cri,1908,0
cri,1909,0
cri,1910,0
cri,1911,0
cri,1912,0
cri,1913,0
cri,1914,0
cri,1915,0
cri,1916,0
cri,1917,0
cri,1918,0
cri,1919,0
cri,1920,0
cri,1921,0
cri,1922,0
cri,1923,0
cri,1924,0
cri,1925,0
cri,1926,0
cri,1927,0
cri,1928,0
cri,1929,0
cri,1930,0
cri,1931,0
cri,1932,0
cri,1933,0
cri,1934,0
cri,1935,0
cri,1936,0
cri,1937,0
cri,1938,0
cri,1939,0
cri,1940,0
cri,1941,0
cri,1942,0
cri,1943,0
cri,1944,0
cri,1945,0
cri,1946,0
cri,1947,0
cri,1948,0
cri,1949,0
cri,1950,0
cri,1951,0
cri,1952,0
cri,1953,0
cri,1954,0
cri,1955,0
cri,1956,0
cri,1957,0
cri,1958,0
cri,1959,0
cri,1960,16.7318943072043
cri,1961,16.7318943072043
cri,1962,16.7318943072043
cri,1963,16.7318943072043
cri,1964,16.7318943072043
cri,1965,16.7318943072043
cri,1966,19.7740569085142
cri,1967,19.7740569085142
cri,1968,19.7740569085142
cri,1969,19.7740569085142
cri,1970,19.7740569085142
cri,1971,25.858382111134
cri,1972,25.858382111134
cri,1973,25.858382111134
cri,1974,25.858382111134
cri,1975,25.858382111134
cri,1976,32.7032479640812
cri,1977,32.04794350408
cri,1978,31.405769970272
cri,1979,30.7764642464522
cri,1980,32.1081024142344
cri,1981,26.5806881200323
cri,1982,32.740552157699
cri,1983,52.7506052147234
cri,1984,51.4303595875336
cri,1985,56.8867874961712
cri,1986,45.2519563606019
cri,1987,30.0697041022053
cri,1988,27.9664775228039
cri,1989,33.5869972126851
cri,1990,40.1458384011389
cri,1991,35.5383369504147
cri,1992,41.7060097995471
cri,1993,48.2953766250646
cri,1994,40.0002754465653
cri,1995,34.5235815629253
cri,1996,37.2907246917312
cri,1997,36.3263318315369
cri,1998,39.3912998750317
cri,1999,40.4949163424691
cri,2000,35.4522352158389
cri,2001,37.6991645652301
cri,2002,40.0581514244014
cri,2003,41.5971370758426
cri,2004,39.1438827530794
cri,2005,37.9110607672661
cri,2006,37.4565873689167
cri,2007,39.7185721815445
cri,2008,41.1317587280526
cri,2009,46.5137519931809
cri,2010,44.3288028218442
cri,2011,45.8055680564591
cri,2012,44.0285993283804
cri,2013,41.2279794267136
cri,2014,38.9426273811611
cri,2015,37.6756469444932
cri,2016,36.1679700821824
cri,2017,35.8760717241054
cri,2018,34.8748260337051
cri,2019,35.2917396830134
cri,2020,37.9870590851307
cri,2021,38.620099520106
cri,2022,38.2861373573159
cyp,1888,0
cyp,1889,0
cyp,1890,0
cyp,1891,0
cyp,1892,0
cyp,1893,0
cyp,1894,0
cyp,1895,0
cyp,1896,0
cyp,1897,0
cyp,1898,0
cyp,1899,0
cyp,1900,0
cyp,1901,0
cyp,1902,0
cyp,1903,0
cyp,1904,0
cyp,1905,0
cyp,1906,0
cyp,1907,0
cyp,1908,0
cyp,1909,0
cyp,1910,0
cyp,1911,0
cyp,1912,0
cyp,1913,0
cyp,1914,0
cyp,1915,0
cyp,1916,0
cyp,1917,0
cyp,1918,0
cyp,1919,0
cyp,1920,0
cyp,1921,0
cyp,1922,0
cyp,1923,0
cyp,1924,0
cyp,1925,0
cyp,1926,0
cyp,1927,0
cyp,1928,0
cyp,1929,0
cyp,1930,0
cyp,1931,0
cyp,1932,0
cyp,1933,0
cyp,1934,0
cyp,1935,0
cyp,1936,0
cyp,1937,0
cyp,1938,0
cyp,1939,0
cyp,1940,0
cyp,1941,0
cyp,1942,0
cyp,1943,0
cyp,1944,0
cyp,1945,0
cyp,1946,0
cyp,1947,0
cyp,1948,0
cyp,1949,0
cyp,1950,0
cyp,1951,0
cyp,1952,0
cyp,1953,0
cyp,1954,0
cyp,1955,0
cyp,1956,0
cyp,1957,0
cyp,1958,0
cyp,1959,0
cyp,1960,0
cyp,1961,3.71589517980885
cyp,1962,3.71589517980885
cyp,1963,3.71589517980885
cyp,1964,3.71589517980885
cyp,1965,3.71589517980885
cyp,1966,3.71589517980885
cyp,1967,3.71589517980885
cyp,1968,3.71589517980885
cyp,1969,3.71589517980885
cyp,1970,5.22714441561628
cyp,1971,5.78338573098069
cyp,1972,6.2608896912022
cyp,1973,6.50218158599498
cyp,1974,5.68432905838155
cyp,1975,5.61575136196676
cyp,1976,5.2728628798928
cyp,1977,6.71045458992138
cyp,1978,7.14731991523042
cyp,1979,7.19811820887101
cyp,1980,7.83309687937833
cyp,1981,8.16582570272416
cyp,1982,8.71698718872452
cyp,1983,9.26052893067879
cyp,1984,9.88788785714002
cyp,1985,10.3921484932824
cyp,1986,10.9221253180422
cyp,1987,11.4791298007463
cyp,1988,12.0645402927863
cyp,1989,12.679805438457601
cyp,1990,13.3264477597437
cyp,1991,14.0060674239163
cyp,1992,14.4337353144997
cyp,1993,14.4049489597444
cyp,1994,14.312328665069
cyp,1995,13.1779372955125
cyp,1996,13.4287039836463
cyp,1997,13.7383187923978
cyp,1998,14.092455496567
cyp,1999,13.3652383801392
cyp,2000,13.0083610656152
cyp,2001,12.6510205265647
cyp,2002,13.3254599006888
cyp,2003,13.7962085845699
cyp,2004,14.2873931934049
cyp,2005,19.0072754873262
cyp,2006,18.0572433315915
cyp,2007,17.9278919335565
cyp,2008,15.5345438896868
cyp,2009,16.8774534228612
cyp,2010,16.6493806632308
cyp,2011,15.0190506599462
cyp,2012,13.280824574838
cyp,2013,12.260288396485
cyp,2014,11.5224244160964
cyp,2015,10.922632423567
cyp,2016,9.32394848707187
cyp,2017,9.58575993698213
cyp,2018,10.3862694112954
cyp,2019,11.5862542312484
cyp,2020,11.2586728285053
cyp,2021,13.3106191950527
cyp,2022,13.3865805770302
cze,1888,0
cze,1889,0
cze,1890,0
cze,1891,0
cze,1892,0
cze,1893,0
cze,1894,0
cze,1895,0
cze,1896,0
cze,1897,0
cze,1898,0
cze,1899,0
cze,1900,0
cze,1901,0
cze,1902,0
cze,1903,0
cze,1904,0
cze,1905,0
cze,1906,0
cze,1907,0
cze,1908,0
cze,1909,0
cze,1910,0
cze,1911,0
cze,1912,0
cze,1913,0
cze,1914,0
cze,1915,0
cze,1916,0
cze,1917,0
cze,1918,0
cze,1919,0
cze,1920,0
cze,1921,0
cze,1922,0
cze,1923,0
cze,1924,0
cze,1925,0
cze,1926,0
cze,1927,0
cze,1928,0
cze,1929,0
cze,1930,0
cze,1931,0
cze,1932,0
cze,1933,0
cze,1934,0
cze,1935,0
cze,1936,0
cze,1937,0
cze,1938,0
cze,1939,0
cze,1940,0
cze,1941,0
cze,1942,0
cze,1943,0
cze,1944,0
cze,1945,0
cze,1946,0
cze,1947,0
cze,1948,0
cze,1949,0
cze,1950,0
cze,1951,0
cze,1952,0
cze,1953,0
cze,1954,0
cze,1955,0
cze,1956,0
cze,1957,0
cze,1958,0
cze,1959,0
cze,1960,50.3975427910475
cze,1961,52.5660560495121
cze,1962,54.8278764315331
cze,1963,55.977622055742
cze,1964,57.1514779517037
cze,1965,58.3499497140398
cze,1966,59.5233721321558
cze,1967,60.7203921742302
cze,1968,61.9414843904741
cze,1969,61.7738798956816
cze,1970,61.6067289138611
cze,1971,61.4400302178736
cze,1972,63.5808327174948
cze,1973,65.7962288546212
cze,1974,68.0888177530663
cze,1975,45.4342691990063
cze,1976,58.0351797971682
cze,1977,79.6874487123196
cze,1978,77.5577173436162
cze,1979,76.670329273323
cze,1980,75.2505083608542
cze,1981,77.0252845014403
cze,1982,76.8478068873817
cze,1983,79.1550158701437
cze,1984,74.7180755186783
cze,1985,76.8478068873817
cze,1986,81.4622248529058
cze,1987,83.9469114497265
cze,1988,104.976451894497
cze,1989,176.551305458926
cze,1990,90.7277541941705
cze,1991,84.2909878493138
cze,1992,64.8274324731996
cze,1993,98.2432780292124
cze,1994,93.5966365008037
cze,1995,85.871245767038
cze,1996,99.8101858120485
cze,1997,91.1874653695605
cze,1998,81.5680497431648
cze,1999,82.5357863315643
cze,2000,86.4344893346274
cze,2001,94.9044832198684
cze,2002,101.007579428856
cze,2003,115.622781385002
cze,2004,119.28095741363
cze,2005,122.720716991362
cze,2006,127.032182416302
cze,2007,127.023891898967
cze,2008,127.383826703791
cze,2009,131.634087481035
cze,2010,120.583564965087
cze,2011,141.127378746976
cze,2012,148.408965285796
cze,2013,110.508473643052
cze,2014,116.402752198109
cze,2015,143.319533189782
cze,2016,121.451544216967
cze,2017,134.460433194854
cze,2018,155.43918886941
cze,2019,163.479161185893
cze,2020,182.645611537943
cze,2021,186.36149437513
cze,2022,166.375830433707
deu,1888,0
deu,1889,0
deu,1890,0
deu,1891,0
deu,1892,0
deu,1893,0
deu,1894,0
deu,1895,0
deu,1896,0
deu,1897,0
deu,1898,0
deu,1899,0
deu,1900,0
deu,1901,0
deu,1902,0
deu,1903,0
deu,1904,0
deu,1905,0
deu,1906,0
deu,1907,0
deu,1908,0
deu,1909,0
deu,1910,0
deu,1911,0
deu,1912,0
deu,1913,0
deu,1914,0
deu,1915,0
deu,1916,0
deu,1917,0
deu,1918,0
deu,1919,0
deu,1920,0
deu,1921,0
deu,1922,0
deu,1923,0
deu,1924,0
deu,1925,0
deu,1926,0
deu,1927,0
deu,1928,0
deu,1929,0
deu,1930,0
deu,1931,0
deu,1932,0
deu,1933,0
deu,1934,0
deu,1935,0
deu,1936,0
deu,1937,0
deu,1938,0
deu,1939,0
deu,1940,0
deu,1941,0
deu,1942,0
deu,1943,0
deu,1944,0
deu,1945,0
deu,1946,0
deu,1947,0
deu,1948,0
deu,1949,0
deu,1950,0
deu,1951,0
deu,1952,0
deu,1953,0
deu,1954,0
deu,1955,0
deu,1956,0
deu,1957,0
deu,1958,0
deu,1959,0
deu,1960,258.228794387023
deu,1961,280.46830663141
deu,1962,305.770904094517
deu,1963,336.178818955345
deu,1964,389.435237080689
deu,1965,414.216177174514
deu,1966,435.939326708278
deu,1967,466.434191445069
deu,1968,530.443153902941
deu,1969,577.711779076472
deu,1970,641.446737709142
deu,1971,694.061604495893
deu,1972,737.862935497826
deu,1973,763.648366961345
deu,1974,811.157158396661
deu,1975,861.630377177027
deu,1976,785.30572571365
deu,1977,714.40486899646
deu,1978,713.081621727431
deu,1979,706.018130307191
deu,1980,690.609165471786
deu,1981,683.172969918752
deu,1982,690.923528388375
deu,1983,708.699872598746
deu,1984,714.959477372789
deu,1985,719.748535155655
deu,1986,765.384170937575
deu,1987,819.974059240194
deu,1988,836.881434892694
deu,1989,873.339658388883
deu,1990,933.011426157181
deu,1991,1085.97183032093
deu,1992,1064.55137814254
deu,1993,1085.59135254574
deu,1994,1065.8960137956
deu,1995,1173.0314718353
deu,1996,1091.57525036608
deu,1997,1079.95666365257
deu,1998,1095.04537121253
deu,1999,1075.06285186406
deu,2000,1103.51028533434
deu,2001,1167.33851505461
deu,2002,1108.01444199387
deu,2003,1103.01119963129
deu,2004,1118.31121881812
deu,2005,1089.63644326453
deu,2006,1110.23924185176
deu,2007,1071.32433722503
deu,2008,1227.81911234021
deu,2009,1340.57658465974
deu,2010,1408.64484592485
deu,2011,1325.94913033848
deu,2012,1383.47748181026
deu,2013,1309.79638279154
deu,2014,1349.93666997258
deu,2015,1454.89794246063
deu,2016,1528.79565105669
deu,2017,1552.22431657949
deu,2018,1599.55119349803
deu,2019,1633.65176338278
deu,2020,1606.30392448
deu,2021,1594.25211814603
deu,2022,1837.86043510936
dnk,1888,0
dnk,1889,0
dnk,1890,0
dnk,1891,0
dnk,1892,0
dnk,1893,0
dnk,1894,0
dnk,1895,0
dnk,1896,0
dnk,1897,0
dnk,1898,0
dnk,1899,0
dnk,1900,0
dnk,1901,0
dnk,1902,0
dnk,1903,0
dnk,1904,0
dnk,1905,0
dnk,1906,0
dnk,1907,0
dnk,1908,0
dnk,1909,0
dnk,1910,0
dnk,1911,0
dnk,1912,0
dnk,1913,0
dnk,1914,0
dnk,1915,0
dnk,1916,0
dnk,1917,0
dnk,1918,0
dnk,1919,0
dnk,1920,0
dnk,1921,0
dnk,1922,0
dnk,1923,0
dnk,1924,0
dnk,1925,0
dnk,1926,0
dnk,1927,0
dnk,1928,0
dnk,1929,0
dnk,1930,0
dnk,1931,0
dnk,1932,0
dnk,1933,0
dnk,1934,0
dnk,1935,0
dnk,1936,0
dnk,1937,0
dnk,1938,0
dnk,1939,0
dnk,1940,0
dnk,1941,0
dnk,1942,0
dnk,1943,0
dnk,1944,0
dnk,1945,0
dnk,1946,0
dnk,1947,0
dnk,1948,0
dnk,1949,0
dnk,1950,0
dnk,1951,0
dnk,1952,0
dnk,1953,0
dnk,1954,0
dnk,1955,0
dnk,1956,0
dnk,1957,0
dnk,1958,0
dnk,1959,0
dnk,1960,99.295366104171407
dnk,1961,100.956580371462
dnk,1962,100.403469172974
dnk,1963,100.667538926033
dnk,1964,102.053878203985
dnk,1965,100.738464951958
dnk,1966,100.0020348737
dnk,1967,99.815371834255
dnk,1968,98.9315034894425
dnk,1969,98.0786614341246
dnk,1970,94.4387149039639
dnk,1971,93.6855316899454
dnk,1972,90.6450437168501
dnk,1973,86.1043831016236
dnk,1974,82.3905976493501
dnk,1975,78.2000400106083
dnk,1976,76.6313053477037
dnk,1977,75.7498795456238
dnk,1978,74.4872292660442
dnk,1979,74.3025478241384
dnk,1980,90.2560035791391
dnk,1981,107.228269311753
dnk,1982,104.865769917586
dnk,1983,110.076037049116
dnk,1984,116.146652355434
dnk,1985,121.503965191753
dnk,1986,129.619330847495
dnk,1987,136.201848341184
dnk,1988,150.604475271359
dnk,1989,162.737669971185
dnk,1990,166.936936190359
dnk,1991,171.254942054931
dnk,1992,167.521329338458
dnk,1993,164.828827634946
dnk,1994,194.575548800727
dnk,1995,224.322186663112
dnk,1996,207.696506960716
dnk,1997,191.038539037385
dnk,1998,199.591414568717
dnk,1999,209.952935994296
dnk,2000,216.817271814806
dnk,2001,236.452182326401
dnk,2002,232.203951783622
dnk,2003,220.277381259676
dnk,2004,203.214992920526
dnk,2005,192.954043951191
dnk,2006,184.386871944478
dnk,2007,236.181765403823
dnk,2008,246.034465504158
dnk,2009,249.134780214707
dnk,2010,238.309685272615
dnk,2011,217.781457007702
dnk,2012,218.465085513489
dnk,2013,192.552761318913
dnk,2014,233.842660190545
dnk,2015,221.834708708052
dnk,2016,177.140324754772
dnk,2017,180.305279102822
dnk,2018,170.272982318511
dnk,2019,177.697313483879
dnk,2020,154.55529503744
dnk,2021,142.399236368957
dnk,2022,148.651475594213
dom,1888,0
dom,1889,0
dom,1890,0
dom,1891,0
dom,1892,0
dom,1893,0
dom,1894,0
dom,1895,0
dom,1896,0
dom,1897,0
dom,1898,0
dom,1899,0
dom,1900,0
dom,1901,0
dom,1902,0
dom,1903,0
dom,1904,0
dom,1905,0
dom,1906,0
dom,1907,0
dom,1908,0
dom,1909,0
dom,1910,0
dom,1911,0
dom,1912,0
dom,1913,0
dom,1914,0
dom,1915,0
dom,1916,0
dom,1917,0
dom,1918,0
dom,1919,0
dom,1920,0
dom,1921,0
dom,1922,0
dom,1923,0
dom,1924,0
dom,1925,0
dom,1926,0
dom,1927,0
dom,1928,0
dom,1929,0
dom,1930,0
dom,1931,0
dom,1932,0
dom,1933,0
dom,1934,0
dom,1935,0
dom,1936,0
dom,1937,0
dom,1938,0
dom,1939,0
dom,1940,0
dom,1941,0
dom,1942,0
dom,1943,0
dom,1944,0
dom,1945,0
dom,1946,0
dom,1947,0
dom,1948,0
dom,1949,0
dom,1950,0
dom,1951,0
dom,1952,0
dom,1953,0
dom,1954,0
dom,1955,0
dom,1956,0
dom,1957,0
dom,1958,0
dom,1959,0
dom,1960,0
dom,1961,0.991275539391059
dom,1962,0.991275539391059
dom,1963,0.991275539391059
dom,1964,0.991275539391059
dom,1965,0.991275539391059
dom,1966,1.15648812928957
dom,1967,1.15648812928957
dom,1968,1.15648812928957
dom,1969,1.15648812928957
dom,1970,1.15648812928957
dom,1971,2.64340143837616
dom,1972,2.64340143837616
dom,1973,2.64340143837616
dom,1974,2.64340143837616
dom,1975,2.64340143837616
dom,1976,7.10414136563592
dom,1977,14.137165120175
dom,1978,13.9771504952072
dom,1979,10.0174235059235
dom,1980,8.82366360536975
dom,1981,8.01343082180241
dom,1982,9.84908372533927
dom,1983,12.1052333745516
dom,1984,12.4975890621531
dom,1985,12.9026618102878
dom,1986,13.320863805229
dom,1987,13.7526205930604
dom,1988,14.1983715126963
dom,1989,14.6585701429347
dom,1990,15.1336847640024
dom,1991,15.6241988340581
dom,1992,16.1306114811407
dom,1993,16.6534380110629
dom,1994,17.1932104317662
dom,1995,17.7504779946712
dom,1996,18.325807753575
dom,1997,18.9197851416626
dom,1998,19.5330145672213
dom,1999,20.1661200286627
dom,2000,20.8197457494798
dom,2001,21.4945568337832
dom,2002,22.1912399430851
dom,2003,22.9105039950202
dom,2004,23.6530808847116
dom,2005,28.0093990311638
dom,2006,29.5618415929761
dom,2007,24.5595080234653
dom,2008,24.1858078288249
dom,2009,23.0996853679154
dom,2010,22.1918554036548
dom,2011,22.9564176546911
dom,2012,23.8411708017133
dom,2013,19.5288479730235
dom,2014,18.1386990150085
dom,2015,18.8640128929758
dom,2016,18.1486348223613
dom,2017,17.6080637650347
dom,2018,18.0956990050376
dom,2019,19.4213110640318
dom,2020,21.1203808779287
dom,2021,21.6790406311189
dom,2022,22.4707121255907
ecu,1888,0
ecu,1889,0
ecu,1890,0
ecu,1891,0
ecu,1892,0
ecu,1893,0
ecu,1894,0
ecu,1895,0
ecu,1896,0
ecu,1897,0
ecu,1898,0
ecu,1899,0
ecu,1900,0
ecu,1901,0
ecu,1902,0
ecu,1903,0
ecu,1904,0
ecu,1905,0
ecu,1906,0
ecu,1907,0
ecu,1908,0
ecu,1909,0
ecu,1910,0
ecu,1911,0
ecu,1912,0
ecu,1913,0
ecu,1914,0
ecu,1915,0
ecu,1916,0
ecu,1917,0
ecu,1918,0
ecu,1919,0
ecu,1920,0
ecu,1921,0
ecu,1922,0
ecu,1923,0
ecu,1924,0
ecu,1925,0
ecu,1926,0
ecu,1927,0
ecu,1928,0
ecu,1929,0
ecu,1930,0
ecu,1931,0
ecu,1932,0
ecu,1933,0
ecu,1934,0
ecu,1935,0
ecu,1936,0
ecu,1937,0
ecu,1938,0
ecu,1939,0
ecu,1940,0
ecu,1941,0
ecu,1942,0
ecu,1943,0
ecu,1944,0
ecu,1945,0
ecu,1946,0
ecu,1947,0
ecu,1948,0
ecu,1949,0
ecu,1950,0
ecu,1951,0
ecu,1952,0
ecu,1953,0
ecu,1954,0
ecu,1955,0
ecu,1956,0
ecu,1957,0
ecu,1958,0
ecu,1959,0
ecu,1960,0
ecu,1961,2.42045290661368
ecu,1962,2.42045290661368
ecu,1963,2.42045290661368
ecu,1964,2.42045290661368
ecu,1965,5.12104882202668
ecu,1966,5.12104882202668
ecu,1967,5.12104882202668
ecu,1968,5.12104882202668
ecu,1969,5.12104882202668
ecu,1970,7.98132017337387
ecu,1971,10.7558814239779
ecu,1972,12.0983853905284
ecu,1973,14.6940072153271
ecu,1974,18.7615279536081
ecu,1975,21.0549099170044
ecu,1976,17.2969772953649
ecu,1977,16.6690996177905
ecu,1978,16.256657271796
ecu,1979,15.2083929253013
ecu,1980,19.2863026284417
ecu,1981,16.790693497403
ecu,1982,15.9935902973572
ecu,1983,15.6958014130227
ecu,1984,14.875862230112
ecu,1985,14.7110251906972
ecu,1986,12.5159499224652
ecu,1987,12.3950228700743
ecu,1988,11.5485335033375
ecu,1989,11.9113146605104
ecu,1990,15.3223887359787
ecu,1991,11.7174680381258
ecu,1992,12.6833762536419
ecu,1993,10.9090219444157
ecu,1994,9.32249615967309
ecu,1995,7.304215844979
ecu,1996,8.94506273839601
ecu,1997,8.33301637187998
ecu,1998,6.70389955529932
ecu,1999,5.39327744503196
ecu,2000,4.33888386291488
ecu,2001,3.4906257591485
ecu,2002,4.4598348626348
ecu,2003,4.00869954305816
ecu,2004,5.83591348286245
ecu,2005,8.32445330100853
ecu,2006,11.8595604767085
ecu,2007,17.3309666309367
ecu,2008,10.0329266962215
ecu,2009,30.5132940737672
ecu,2010,27.8196600165478
ecu,2011,25.6684174517451
ecu,2012,27.9976600083009
ecu,2013,27.3267686652471
ecu,2014,25.0303646148359
ecu,2015,35.7113687486619
ecu,2016,35.0243343685023
ecu,2017,21.6261927481641
ecu,2018,24.9592292944412
ecu,2019,20.7026235233723
ecu,2020,19.7578583597958
ecu,2021,19.7792076490594
ecu,2022,19.7385227142891
egy,1888,0
egy,1889,0
egy,1890,0
egy,1891,0
egy,1892,0
egy,1893,0
egy,1894,0
egy,1895,0
egy,1896,0
egy,1897,0
egy,1898,0
egy,1899,0
egy,1900,0
egy,1901,0
egy,1902,0
egy,1903,0
egy,1904,0
egy,1905,0
egy,1906,0
egy,1907,0
egy,1908,0
egy,1909,0
egy,1910,0
egy,1911,0
egy,1912,0
egy,1913,0
egy,1914,0
egy,1915,0
egy,1916,0
egy,1917,0
egy,1918,0
egy,1919,0
egy,1920,0
egy,1921,0
egy,1922,0
egy,1923,0
egy,1924,0
egy,1925,0
egy,1926,0
egy,1927,0
egy,1928,0
egy,1929,0
egy,1930,0
egy,1931,0
egy,1932,0
egy,1933,0
egy,1934,0
egy,1935,0
egy,1936,0
egy,1937,0
egy,1938,0
egy,1939,0
egy,1940,0
egy,1941,0
egy,1942,0
egy,1943,0
egy,1944,0
egy,1945,0
egy,1946,0
egy,1947,0
egy,1948,0
egy,1949,0
egy,1950,0
egy,1951,0
egy,1952,0
egy,1953,0
egy,1954,0
egy,1955,0
egy,1956,0
egy,1957,0
egy,1958,0
egy,1959,0
egy,1960,57.4079049866145
egy,1961,57.3034510110203
egy,1962,56.9923573573231
egy,1963,55.7021165115966
egy,1964,52.4200677024913
egy,1965,125.505011897986
egy,1966,119.976397515998
egy,1967,118.377803438424
egy,1968,117.330101528243
egy,1969,115.629614116551
egy,1970,115.629614116551
egy,1971,101.453103376423
egy,1972,101.453103376423
egy,1973,101.453103376423
egy,1974,101.453103376423
egy,1975,101.453103376423
egy,1976,135.56178876867
egy,1977,135.56178876867
egy,1978,135.56178876867
egy,1979,135.56178876867
egy,1980,135.56178876867
egy,1981,156.347551257705
egy,1982,193.115455103471
egy,1983,200.160627351696
egy,1984,209.939317750143
egy,1985,209.939317750143
egy,1986,210.89358737628
egy,1987,168.905723826252
egy,1988,190.853925227403
egy,1989,194.671003731951
egy,1990,177.494150461485
egy,1991,182.26549859217
egy,1992,210.89358737628
egy,1993,221.390553263787
egy,1994,246.20156354335
egy,1995,235.704597655843
egy,1996,245.247293917213
egy,1997,285.326618214968
egy,1998,316.817515877489
egy,1999,332.732414455447
egy,2000,349.449226527643
egy,2001,345.007859482632
egy,2002,340.196378517202
egy,2003,356.974876242801
egy,2004,406.132354841686
egy,2005,368.50755957428
egy,2006,341.616501279083
egy,2007,376.320512818095
egy,2008,347.94330953658
egy,2009,350.010902709755
egy,2010,370.956553051008
egy,2011,369.757821803461
egy,2012,434.689106954642
egy,2013,439.035998024188
egy,2014,443.426358004431
egy,2015,447.860621584475
egy,2016,452.339227800319
egy,2017,513.64454725072
egy,2018,435.619785516547
egy,2019,407.723913629068
egy,2020,502.59376595544
egy,2021,539.353129047317
egy,2022,529.211972227492
esp,1888,0
esp,1889,0
esp,1890,0
esp,1891,0
esp,1892,0
esp,1893,0
esp,1894,0
esp,1895,0
esp,1896,0
esp,1897,0
esp,1898,0
esp,1899,0
esp,1900,0
esp,1901,0
esp,1902,0
esp,1903,0
esp,1904,0
esp,1905,0
esp,1906,0
esp,1907,0
esp,1908,0
esp,1909,0
esp,1910,0
esp,1911,0
esp,1912,0
esp,1913,0
esp,1914,0
esp,1915,0
esp,1916,0
esp,1917,0
esp,1918,0
esp,1919,0
esp,1920,0
esp,1921,0
esp,1922,0
esp,1923,0
esp,1924,0
esp,1925,0
esp,1926,0
esp,1927,0
esp,1928,0
esp,1929,0
esp,1930,0
esp,1931,0
esp,1932,0
esp,1933,0
esp,1934,0
esp,1935,0
esp,1936,0
esp,1937,0
esp,1938,0
esp,1939,0
esp,1940,0
esp,1941,0
esp,1942,0
esp,1943,0
esp,1944,0
esp,1945,0
esp,1946,0
esp,1947,0
esp,1948,0
esp,1949,0
esp,1950,0
esp,1951,0
esp,1952,0
esp,1953,0
esp,1954,0
esp,1955,0
esp,1956,0
esp,1957,0
esp,1958,0
esp,1959,0
esp,1960,46.7835426620616
esp,1961,53.2138148605306
esp,1962,58.4573004260532
esp,1963,63.1756844207724
esp,1964,69.2972634277381
esp,1965,73.9853818386096
esp,1966,79.7144005192212
esp,1967,85.5990248777888
esp,1968,79.4627945195733
esp,1969,74.4105684154926
esp,1970,67.4630949435125
esp,1971,112.620649910366
esp,1972,120.63620867015
esp,1973,141.123291713778
esp,1974,144.615540676107
esp,1975,145.988352175255
esp,1976,161.734598156333
esp,1977,168.494297609559
esp,1978,221.011875652766
esp,1979,225.743220855487
esp,1980,231.868174283849
esp,1981,247.124641780135
esp,1982,259.782798785163
esp,1983,259.256660452645
esp,1984,301.60797066548
esp,1985,316.629097785024
esp,1986,339.981800715057
esp,1987,385.152750331352
esp,1988,410.917270502232
esp,1989,446.405444429303
esp,1990,472.495004939032
esp,1991,487.275287817045
esp,1992,444.209198923444
esp,1993,433.826005924929
esp,1994,414.168556125978
esp,1995,404.828054934001
esp,1996,478.950708437072
esp,1997,479.177083841063
esp,1998,514.485702547951
esp,1999,554.917754648852
esp,2000,559.068135132524
esp,2001,611.132022568899
esp,2002,515.435978462828
esp,2003,472.561757760778
esp,2004,650.944422119605
esp,2005,735.721095820026
esp,2006,581.313620252445
esp,2007,659.680967271931
esp,2008,792.327506013041
esp,2009,919.677343283791
esp,2010,879.063802338558
esp,2011,715.693157380358
esp,2012,683.081212947234
esp,2013,658.679317198675
esp,2014,635.923544224583
esp,2015,610.608926894486
esp,2016,661.314108008366
esp,2017,654.68368315846
esp,2018,676.766681670671
esp,2019,674.956717054722
esp,2020,694.878805877321
esp,2021,683.218360196415
esp,2022,634.407802466939
est,1888,0
est,1889,0
est,1890,0
est,1891,0
est,1892,0
est,1893,0
est,1894,0
est,1895,0
est,1896,0
est,1897,0
est,1898,0
est,1899,0
est,1900,0
est,1901,0
est,1902,0
est,1903,0
est,1904,0
est,1905,0
est,1906,0
est,1907,0
est,1908,0
est,1909,0
est,1910,0
est,1911,0
est,1912,0
est,1913,0
est,1914,0
est,1915,0
est,1916,0
est,1917,0
est,1918,0
est,1919,0
est,1920,0
est,1921,0
est,1922,0
est,1923,0
est,1924,0
est,1925,0
est,1926,0
est,1927,0
est,1928,0
est,1929,0
est,1930,0
est,1931,0
est,1932,0
est,1933,0
est,1934,0
est,1935,0
est,1936,0
est,1937,0
est,1938,0
est,1939,0
est,1940,0
est,1941,0
est,1942,0
est,1943,0
est,1944,0
est,1945,0
est,1946,0
est,1947,0
est,1948,0
est,1949,0
est,1950,0
est,1951,0
est,1952,0
est,1953,0
est,1954,0
est,1955,0
est,1956,0
est,1957,0
est,1958,0
est,1959,0
est,1960,0
est,1961,0
est,1962,0
est,1963,0
est,1964,0
est,1965,0
est,1966,0
est,1967,0
est,1968,0
est,1969,0
est,1970,0
est,1971,0
est,1972,0
est,1973,0
est,1974,0
est,1975,0
est,1976,0
est,1977,0
est,1978,0
est,1979,0
est,1980,0
est,1981,0
est,1982,0
est,1983,0
est,1984,0
est,1985,0
est,1986,0
est,1987,0
est,1988,0
est,1989,0
est,1990,0
est,1991,0
est,1992,15.5338156424582
est,1993,12.0925397867094
est,1994,14.8047146016566
est,1995,16.4403455486177
est,1996,9.81626383979108
est,1997,13.5531836527431
est,1998,13.95946762705
est,1999,15.0004824798417
est,2000,13.3236370131946
est,2001,16.7172727028439
est,2002,13.2200660580831
est,2003,14.0394860876518
est,2004,20.9001564254148
est,2005,15.5750224365062
est,2006,16.5564615648691
est,2007,17.968675148369
est,2008,15.8876910081786
est,2009,16.3067388767078
est,2010,18.782300692332
est,2011,30.4897099264434
est,2012,19.5700848215386
est,2013,27.5703992210074
est,2014,14.6542346514079
est,2015,13.5891152134854
est,2016,10.2983171560914
est,2017,15.0680116954691
est,2018,17.580580328853
est,2019,18.4617360369169
est,2020,20.1134524711052
est,2021,22.5270554098353
est,2022,23.6365683947241
eth,1888,0
eth,1889,0
eth,1890,0
eth,1891,0
eth,1892,0
eth,1893,0
eth,1894,0
eth,1895,0
eth,1896,0
eth,1897,0
eth,1898,0
eth,1899,0
eth,1900,0
eth,1901,0
eth,1902,0
eth,1903,0
eth,1904,0
eth,1905,0
eth,1906,0
eth,1907,0
eth,1908,0
eth,1909,0
eth,1910,0
eth,1911,0
eth,1912,0
eth,1913,0
eth,1914,0
eth,1915,0
eth,1916,0
eth,1917,0
eth,1918,0
eth,1919,0
eth,1920,0
eth,1921,0
eth,1922,0
eth,1923,0
eth,1924,0
eth,1925,0
eth,1926,0
eth,1927,0
eth,1928,0
eth,1929,0
eth,1930,0
eth,1931,0
eth,1932,0
eth,1933,0
eth,1934,0
eth,1935,0
eth,1936,0
eth,1937,0
eth,1938,0
eth,1939,0
eth,1940,0
eth,1941,0
eth,1942,0
eth,1943,0
eth,1944,0
eth,1945,0
eth,1946,0
eth,1947,0
eth,1948,0
eth,1949,0
eth,1950,0
eth,1951,0
eth,1952,0
eth,1953,0
eth,1954,0
eth,1955,0
eth,1956,0
eth,1957,0
eth,1958,0
eth,1959,0
eth,1960,1.8248876052272
eth,1961,1.8248876052272
eth,1962,2.32433052876306
eth,1963,2.574051990531
eth,1964,3.16954163013145
eth,1965,3.70548230577186
eth,1966,4.562219013068
eth,1967,6.10761067454724
eth,1968,9.9283490395966
eth,1969,8.37815504231413
eth,1970,8.72776508878924
eth,1971,8.83053507497835
eth,1972,11.7474738418599
eth,1973,10.4863804599319
eth,1974,13.1343884218326
eth,1975,11.5236849934294
eth,1976,14.904529398903
eth,1977,14.9861691075579
eth,1978,16.5776631927481
eth,1979,17.2077296501318
eth,1980,18.2181411031313
eth,1981,20.3052362432148
eth,1982,19.1991293293788
eth,1983,16.2036905337906
eth,1984,21.0878851573433
eth,1985,17.8975013387627
eth,1986,29.0936396109791
eth,1987,47.9872899164749
eth,1988,51.4940312519064
eth,1989,44.2707767802751
eth,1990,45.0888730174844
eth,1991,44.0353145201583
eth,1992,32.3000824218654
eth,1993,35.6218987088627
eth,1994,52.6902326454021
eth,1995,49.4541407060548
eth,1996,51.3924412777505
eth,1997,50.0880360355681
eth,1998,67.3098226877651
eth,1999,56.3134273937373
eth,2000,67.6025035767007
eth,2001,120.607331451034
eth,2002,126.779353929286
eth,2003,117.088962505259
eth,2004,113.909653500798
eth,2005,105.168697361283
eth,2006,104.049875288363
eth,2007,105.656710250874
eth,2008,91.3564345214721
eth,2009,99.6678976692972
eth,2010,124.696376233312
eth,2011,120.668444819668
eth,2012,120.660629147272
eth,2013,146.30597960594
eth,2014,151.08270303586
eth,2015,160.589362905757
eth,2016,192.506761005572
eth,2017,197.056933627777
eth,2018,197.716026242076
eth,2019,207.492216202961
eth,2020,215.932812266933
eth,2021,224.897471799322
eth,2022,230.183900942636
fin,1888,0
fin,1889,0
fin,1890,0
fin,1891,0
fin,1892,0
fin,1893,0
fin,1894,0
fin,1895,0
fin,1896,0
fin,1897,0
fin,1898,0
fin,1899,0
fin,1900,0
fin,1901,0
fin,1902,0
fin,1903,0
fin,1904,0
fin,1905,0
fin,1906,0
fin,1907,0
fin,1908,0
fin,1909,0
fin,1910,0
fin,1911,0
fin,1912,0
fin,1913,0
fin,1914,0
fin,1915,0
fin,1916,0
fin,1917,0
fin,1918,0
fin,1919,0
fin,1920,0
fin,1921,0
fin,1922,0
fin,1923,0
fin,1924,0
fin,1925,0
fin,1926,0
fin,1927,0
fin,1928,0
fin,1929,0
fin,1930,0
fin,1931,0
fin,1932,0
fin,1933,0
fin,1934,0
fin,1935,0
fin,1936,0
fin,1937,0
fin,1938,0
fin,1939,0
fin,1940,0
fin,1941,0
fin,1942,0
fin,1943,0
fin,1944,0
fin,1945,0
fin,1946,0
fin,1947,0
fin,1948,0
fin,1949,0
fin,1950,0
fin,1951,0
fin,1952,0
fin,1953,0
fin,1954,0
fin,1955,0
fin,1956,0
fin,1957,0
fin,1958,0
fin,1959,0
fin,1960,25.3488979970717
fin,1961,27.6817927919424
fin,1962,30.6270709893012
fin,1963,33.5078037711021
fin,1964,35.9654196133249
fin,1965,39.3944722556169
fin,1966,43.2738452186234
fin,1967,46.3671505776515
fin,1968,47.5971519304541
fin,1969,59.8861189056485
fin,1970,55.1905422444619
fin,1971,50.7526784370477
fin,1972,55.8744867659062
fin,1973,57.804807092761
fin,1974,54.632555057654
fin,1975,62.7302264285246
fin,1976,68.7517200785162
fin,1977,84.0174106180359
fin,1978,74.5334763486295
fin,1979,85.0047969909293
fin,1980,85.7052851130901
fin,1981,74.8937461798706
fin,1982,79.4939835707325
fin,1983,75.0707940462862
fin,1984,84.7560295450262
fin,1985,94.5142994677811
fin,1986,104.236829897213
fin,1987,113.982589100043
fin,1988,121.794341441695
fin,1989,129.459413770619
fin,1990,143.55676663816
fin,1991,157.285043595589
fin,1992,160.264778463997
fin,1993,163.453140070624
fin,1994,153.861278978737
fin,1995,145.052320559897
fin,1996,135.635183959362
fin,1997,126.444263119164
fin,1998,138.758589925485
fin,1999,141.952332711549
fin,2000,139.591475266438
fin,2001,147.201606962308
fin,2002,155.442109846096
fin,2003,161.35177358976
fin,2004,171.260386446737
fin,2005,174.899092345431
fin,2006,179.755706877796
fin,2007,187.971205714328
fin,2008,187.402983297522
fin,2009,195.197263913543
fin,2010,224.340524860973
fin,2011,228.711631541374
fin,2012,210.567864649886
fin,2013,195.500221902766
fin,2014,198.035785115957
fin,2015,144.388506544325
fin,2016,143.725081129623
fin,2017,144.501810325164
fin,2018,159.170158436903
fin,2019,158.076525743879
fin,2020,156.078672516274
fin,2021,159.575983008412
fin,2022,161.500077285369
fra,1888,0
fra,1889,0
fra,1890,0
fra,1891,0
fra,1892,0
fra,1893,0
fra,1894,0
fra,1895,0
fra,1896,0
fra,1897,0
fra,1898,0
fra,1899,0
fra,1900,0
fra,1901,0
fra,1902,0
fra,1903,0
fra,1904,0
fra,1905,0
fra,1906,0
fra,1907,0
fra,1908,0
fra,1909,0
fra,1910,0
fra,1911,0
fra,1912,0
fra,1913,0
fra,1914,0
fra,1915,0
fra,1916,0
fra,1917,0
fra,1918,0
fra,1919,0
fra,1920,0
fra,1921,0
fra,1922,0
fra,1923,0
fra,1924,0
fra,1925,0
fra,1926,0
fra,1927,0
fra,1928,0
fra,1929,0
fra,1930,0
fra,1931,0
fra,1932,0
fra,1933,0
fra,1934,0
fra,1935,0
fra,1936,0
fra,1937,0
fra,1938,0
fra,1939,0
fra,1940,0
fra,1941,0
fra,1942,0
fra,1943,0
fra,1944,0
fra,1945,0
fra,1946,8.95408518782086
fra,1947,12.5315624266514
fra,1948,13.2564107560876
fra,1949,17.1092783996502
fra,1950,21.8831450854534
fra,1951,22.407945668056
fra,1952,21.6103527034075
fra,1953,20.125582738272
fra,1954,23.8017848391762
fra,1955,42.1490210487775
fra,1956,41.1669684734123
fra,1957,36.991946016767
fra,1958,50.3133073400083
fra,1959,56.9655444278991
fra,1960,105.886569561474
fra,1961,129.9239514442175
fra,1962,164.57565030018048
fra,1963,205.1786086181145
fra,1964,252.4719052846365
fra,1965,260.5894332006255
fra,1966,308.67037697722117
fra,1967,350.63118834809416
fra,1968,382.5607084400682
fra,1969,372.0889417647202
fra,1970,354.16626030477215
fra,1971,406.66881256012687
fra,1972,435.12013939479385
fra,1973,467.6456792284339
fra,1974,500.70441944231186
fra,1975,538.0206854730428
fra,1976,547.3339105385705
fra,1977,581.0895131908766
fra,1978,580.2949143663116
fra,1979,614.9757797635345
fra,1980,628.2188187241046
fra,1981,769.0757390968753
fra,1982,816.2596282123443
fra,1983,837.1376021324082
fra,1984,851.1619793377922
fra,1985,887.4476024568512
fra,1986,892.1608153817913
fra,1987,924.4693628503272
fra,1988,903.0318791442353
fra,1989,949.2815755640603
fra,1990,972.8121144011383
fra,1991,997.2356058694803
fra,1992,1062.6322151575232
fra,1993,1092.3351843214432
fra,1994,1112.0885649072932
fra,1995,1099.7047201495232
fra,1996,1131.9233576636432
fra,1997,1141.4975701537132
fra,1998,1163.6666898931333
fra,1999,1189.4456417252034
fra,2000,1228.7390909044132
fra,2001,1216.7507819839732
fra,2002,1206.0116569984332
fra,2003,1194.8474279280633
fra,2004,1233.5422258715932
fra,2005,1291.3200622761133
fra,2006,1327.0583261049032
fra,2007,1392.0061596582532
fra,2008,1374.3984353297333
fra,2009,1464.9086489670733
fra,2010,1519.1275055563933
fra,2011,1539.5563752412534
fra,2012,1524.9121214123234
fra,2013,1563.9214992595332
fra,2014,1564.2487966388733
fra,2015,1551.4874190536832
fra,2016,1512.1750274887734
fra,2017,1509.9731944633133
fra,2018,1532.5996435505033
fra,2019,1554.2163246610032
fra,2020,1505.9276177412733
fra,2021,1556.5534306842933
fra,2022,1543.6675630500633
gbr,1888,0
gbr,1889,0
gbr,1890,0
gbr,1891,0
gbr,1892,0
gbr,1893,0
gbr,1894,0
gbr,1895,0
gbr,1896,0
gbr,1897,0
gbr,1898,0
gbr,1899,0
gbr,1900,0
gbr,1901,0
gbr,1902,0
gbr,1903,0
gbr,1904,0
gbr,1905,0
gbr,1906,0
gbr,1907,0
gbr,1908,0
gbr,1909,0
gbr,1910,0
gbr,1911,0
gbr,1912,0
gbr,1913,0
gbr,1914,0
gbr,1915,0
gbr,1916,0
gbr,1917,0
gbr,1918,0
gbr,1919,0
gbr,1920,0
gbr,1921,0
gbr,1922,0
gbr,1923,0
gbr,1924,0
gbr,1925,0
gbr,1926,0
gbr,1927,0
gbr,1928,0
gbr,1929,0
gbr,1930,20.7691679431012
gbr,1931,20.7691679431012
gbr,1932,20.7691679431012
gbr,1933,20.7691679431012
gbr,1934,20.7691679431012
gbr,1935,20.7691679431012
gbr,1936,20.7691679431012
gbr,1937,20.7691679431012
gbr,1938,20.7691679431012
gbr,1939,20.7691679431012
gbr,1940,25.9614599288765
gbr,1941,31.1537519146518
gbr,1942,36.3460439004271
gbr,1943,41.5383358862024
gbr,1944,46.7306278719777
gbr,1945,51.922919857753
gbr,1946,61.008427123203
gbr,1947,72.3808887596497
gbr,1948,103.408099829784
gbr,1949,108.412497122064
gbr,1950,123.663107358561
gbr,1951,133.008655705809
gbr,1952,153.342467683011
gbr,1953,172.030785967638
gbr,1954,168.336944352492
gbr,1955,176.609671710481
gbr,1956,187.642233375661
gbr,1957,198.062931426247
gbr,1958,224.611993784073
gbr,1959,258.993293444023
gbr,1960,279.630503471167
gbr,1961,296.211011398003
gbr,1962,290.807217337049
gbr,1963,308.568224432333
gbr,1964,335.386348233186
gbr,1965,338.075867886713
gbr,1966,357.403509685914
gbr,1967,415.02648859482
gbr,1968,441.767790911338
gbr,1969,501.335405280629
gbr,1970,522.574926235487
gbr,1971,556.111780329959
gbr,1972,590.604524077948
gbr,1973,593.651653068997
gbr,1974,640.64979292208
gbr,1975,664.482471331233
gbr,1976,694.246024452705
gbr,1977,676.918784515218
gbr,1978,686.810066869148
gbr,1979,692.375368416716
gbr,1980,730.584099107571
gbr,1981,766.215323593373
gbr,1982,788.615719408199
gbr,1983,769.419057393301
gbr,1984,759.126732355264
gbr,1985,760.751793148078
gbr,1986,760.349420356067
gbr,1987,720.896167581865
gbr,1988,724.191908607586
gbr,1989,723.695920024152
gbr,1990,705.586744447943
gbr,1991,720.754622540146
gbr,1992,764.046735999964
gbr,1993,746.549485723385
gbr,1994,821.140248380807
gbr,1995,849.81685539416
gbr,1996,799.41964454262
gbr,1997,795.341308998278
gbr,1998,799.486153286894
gbr,1999,793.131772890608
gbr,2000,829.078847103301
gbr,2001,716.552229037134
gbr,2002,689.967152127452
gbr,2003,747.930258878181
gbr,2004,749.886487534882
gbr,2005,766.906848142731
gbr,2006,754.999387794742
gbr,2007,728.454167278584
gbr,2008,715.590289808909
gbr,2009,723.505020732278
gbr,2010,699.217787093895
gbr,2011,601.639287742224
gbr,2012,593.908298330893
gbr,2013,660.634437900814
gbr,2014,623.021480026234
gbr,2015,567.06406755482
gbr,2016,510.613863497356
gbr,2017,508.325287284126
gbr,2018,533.429055012719
gbr,2019,553.714225355231
gbr,2020,547.837301055294
gbr,2021,594.513403226434
gbr,2022,634.098457763344
geo,1888,0
geo,1889,0
geo,1890,0
geo,1891,0
geo,1892,0
geo,1893,0
geo,1894,0
geo,1895,0
geo,1896,0
geo,1897,0
geo,1898,0
geo,1899,0
geo,1900,0
geo,1901,0
geo,1902,0
geo,1903,0
geo,1904,0
geo,1905,0
geo,1906,0
geo,1907,0
geo,1908,0
geo,1909,0
geo,1910,0
geo,1911,0
geo,1912,0
geo,1913,0
geo,1914,0
geo,1915,0
geo,1916,0
geo,1917,0
geo,1918,0
geo,1919,0
geo,1920,0
geo,1921,0
geo,1922,0
geo,1923,0
geo,1924,0
geo,1925,0
geo,1926,0
geo,1927,0
geo,1928,0
geo,1929,0
geo,1930,0
geo,1931,0
geo,1932,0
geo,1933,0
geo,1934,0
geo,1935,0
geo,1936,0
geo,1937,0
geo,1938,0
geo,1939,0
geo,1940,0
geo,1941,0
geo,1942,0
geo,1943,0
geo,1944,0
geo,1945,0
geo,1946,0
geo,1947,0
geo,1948,0
geo,1949,0
geo,1950,0
geo,1951,0
geo,1952,0
geo,1953,0
geo,1954,0
geo,1955,0
geo,1956,0
geo,1957,0
geo,1958,0
geo,1959,0
geo,1960,0
geo,1961,0
geo,1962,0
geo,1963,0
geo,1964,0
geo,1965,0
geo,1966,0
geo,1967,0
geo,1968,0
geo,1969,0
geo,1970,0
geo,1971,0
geo,1972,0
geo,1973,0
geo,1974,0
geo,1975,0
geo,1976,0
geo,1977,0
geo,1978,0
geo,1979,0
geo,1980,0
geo,1981,0
geo,1982,0
geo,1983,0
geo,1984,0
geo,1985,0
geo,1986,0
geo,1987,0
geo,1988,0
geo,1989,0
geo,1990,0
geo,1991,0
geo,1992,0
geo,1993,0
geo,1994,0
geo,1995,0
geo,1996,0
geo,1997,0
geo,1998,0
geo,1999,0
geo,2000,0
geo,2001,0
geo,2002,0
geo,2003,0
geo,2004,0
geo,2005,0
geo,2006,0
geo,2007,0
geo,2008,0
geo,2009,0
geo,2010,0
geo,2011,0
geo,2012,0
geo,2013,0
geo,2014,0
geo,2015,0
geo,2016,0
geo,2017,0
geo,2018,0
geo,2019,0
geo,2020,0
geo,2021,0
geo,2022,0
gha,1888,0
gha,1889,0
gha,1890,0
gha,1891,0
gha,1892,0
gha,1893,0
gha,1894,0
gha,1895,0
gha,1896,0
gha,1897,0
gha,1898,0
gha,1899,0
gha,1900,0
gha,1901,0
gha,1902,0
gha,1903,0
gha,1904,0
gha,1905,0
gha,1906,0
gha,1907,0
gha,1908,0
gha,1909,0
gha,1910,0
gha,1911,0
gha,1912,0
gha,1913,0
gha,1914,0
gha,1915,0
gha,1916,0
gha,1917,0
gha,1918,0
gha,1919,0
gha,1920,0
gha,1921,0
gha,1922,0
gha,1923,0
gha,1924,0
gha,1925,0
gha,1926,0
gha,1927,0
gha,1928,0
gha,1929,0
gha,1930,0
gha,1931,0
gha,1932,0
gha,1933,0
gha,1934,0
gha,1935,0
gha,1936,0
gha,1937,0
gha,1938,0
gha,1939,0
gha,1940,0
gha,1941,0
gha,1942,0
gha,1943,0
gha,1944,0
gha,1945,0
gha,1946,0
gha,1947,0
gha,1948,0
gha,1949,0
gha,1950,0
gha,1951,0
gha,1952,0
gha,1953,0
gha,1954,0
gha,1955,0
gha,1956,0
gha,1957,0
gha,1958,0
gha,1959,0
gha,1960,0
gha,1961,20.344034491085
gha,1962,21.1057638931129
gha,1963,22.3797772446366
gha,1964,24.2481069427974
gha,1965,27.135982148288
gha,1966,27.0556238817005
gha,1967,27.7872189337581
gha,1968,28.856988357705
gha,1969,30.8692932835019
gha,1970,33.4842852087056
gha,1971,29.9920488732543
gha,1972,34.4485844077563
gha,1973,35.8280679841762
gha,1974,36.9648026302794
gha,1975,34.219228521871
gha,1976,35.7644510231277
gha,1977,34.9675648794677
gha,1978,34.3029350495664
gha,1979,29.6019764541939
gha,1980,24.0070321430347
gha,1981,22.6744242221243
gha,1982,19.0629209922847
gha,1983,19.2765679592564
gha,1984,25.3659777139774
gha,1985,46.5284093503649
gha,1986,70.4768531955403
gha,1987,85.5925321787593
gha,1988,79.4754263208935
gha,1989,83.2520438380609
gha,1990,87.1653886678249
gha,1991,67.5646558639685
gha,1992,78.334170196502
gha,1993,81.3461734108779
gha,1994,79.477634149503
gha,1995,84.3423946808431
gha,1996,82.0741896692071
gha,1997,89.4614118005917
gha,1998,101.600197125819
gha,1999,98.0489443090036
gha,2000,101.75772451142
gha,2001,103.674666123294
gha,2002,98.1478280050377
gha,2003,130.635424484454
gha,2004,136.512157707462
gha,2005,134.321349615989
gha,2006,101.676532445065
gha,2007,103.392206155946
gha,2008,127.140840715764
gha,2009,163.883040148457
gha,2010,151.510779047328
gha,2011,148.983115326409
gha,2012,168.744445686559
gha,2013,169.996401241854
gha,2014,153.517365176694
gha,2015,159.781961009984
gha,2016,146.46014679178
gha,2017,154.289964081319
gha,2018,145.694626582994
gha,2019,135.756501785714
gha,2020,138.37433447011
gha,2021,115.451588013091
gha,2022,116.975380230497
gin,1888,0
gin,1889,0
gin,1890,0
gin,1891,0
gin,1892,0
gin,1893,0
gin,1894,0
gin,1895,0
gin,1896,0
gin,1897,0
gin,1898,0
gin,1899,0
gin,1900,0
gin,1901,0
gin,1902,0
gin,1903,0
gin,1904,0
gin,1905,0
gin,1906,0
gin,1907,0
gin,1908,0
gin,1909,0
gin,1910,0
gin,1911,0
gin,1912,0
gin,1913,0
gin,1914,0
gin,1915,0
gin,1916,0
gin,1917,0
gin,1918,0
gin,1919,0
gin,1920,0
gin,1921,0
gin,1922,0
gin,1923,0
gin,1924,0
gin,1925,0
gin,1926,0
gin,1927,0
gin,1928,0
gin,1929,0
gin,1930,0
gin,1931,0
gin,1932,0
gin,1933,0
gin,1934,0
gin,1935,0
gin,1936,0
gin,1937,0
gin,1938,0
gin,1939,0
gin,1940,0
gin,1941,0
gin,1942,0
gin,1943,0
gin,1944,0
gin,1945,0
gin,1946,0
gin,1947,0
gin,1948,0
gin,1949,0
gin,1950,0
gin,1951,0
gin,1952,0
gin,1953,0
gin,1954,0
gin,1955,0
gin,1956,0
gin,1957,0
gin,1958,0
gin,1959,0
gin,1960,0
gin,1961,5.84180376866736
gin,1962,5.84180376866736
gin,1963,5.84180376866736
gin,1964,5.84180376866736
gin,1965,5.84180376866736
gin,1966,4.31785495944979
gin,1967,4.31785495944979
gin,1968,4.31785495944979
gin,1969,4.31785495944979
gin,1970,4.31785495944979
gin,1971,7.8737355142908
gin,1972,7.8737355142908
gin,1973,7.8737355142908
gin,1974,7.8737355142908
gin,1975,7.8737355142908
gin,1976,15.2394880921757
gin,1977,15.2394880921757
gin,1978,15.2394880921757
gin,1979,15.2394880921757
gin,1980,15.2394880921757
gin,1981,22.3512492018577
gin,1982,19.9675617825116
gin,1983,17.8380868083776
gin,1984,15.9357133559443
gin,1985,14.2362217927742
gin,1986,14.4503649589152
gin,1987,14.6677292954112
gin,1988,14.8883632555405
gin,1989,15.1123160214224
gin,1990,15.3396375149801
gin,1991,15.5703784090691
gin,1992,13.3759668823252
gin,1993,15.4379081099248
gin,1994,15.7024510990822
gin,1995,11.7033844361563
gin,1996,10.2089304591234
gin,1997,13.1478067097463
gin,1998,15.6281342311748
gin,1999,17.0665664596896
gin,2000,15.3573337012022
gin,2001,11.7112405968263
gin,2002,10.3896972860625
gin,2003,8.5306607016522
gin,2004,6.58341910059259
gin,2005,7.39125019830213
gin,2006,6.4749229113156
gin,2007,5.38277120523824
gin,2008,4.82460336701794
gin,2009,4.24918926394946
gin,2010,3.7481829793764
gin,2011,7.62837700224705
gin,2012,12.2220721162461
gin,2013,9.89734439590965
gin,2014,10.2902297882729
gin,2015,7.2392506392963
gin,2016,5.91049754330276
gin,2017,6.26894245755488
gin,2018,6.50225590185967
gin,2019,6.98924766210806
gin,2020,7.04293850582478
gin,2021,7.21494420560778
gin,2022,7.59742647928275
grc,1888,0
grc,1889,0
grc,1890,0
grc,1891,0
grc,1892,0
grc,1893,0
grc,1894,0
grc,1895,0
grc,1896,0
grc,1897,0
grc,1898,0
grc,1899,0
grc,1900,0
grc,1901,0
grc,1902,0
grc,1903,0
grc,1904,0
grc,1905,0
grc,1906,0
grc,1907,0
grc,1908,0
grc,1909,0
grc,1910,0
grc,1911,0
grc,1912,0
grc,1913,0
grc,1914,0
grc,1915,0
grc,1916,0
grc,1917,0
grc,1918,0
grc,1919,0
grc,1920,0
grc,1921,0
grc,1922,0
grc,1923,0
grc,1924,0
grc,1925,0
grc,1926,0
grc,1927,0
grc,1928,0
grc,1929,0
grc,1930,0
grc,1931,0
grc,1932,0
grc,1933,0
grc,1934,0
grc,1935,0
grc,1936,0
grc,1937,0
grc,1938,0
grc,1939,0
grc,1940,0
grc,1941,0
grc,1942,0
grc,1943,0
grc,1944,0
grc,1945,0
grc,1946,0
grc,1947,0
grc,1948,0
grc,1949,0
grc,1950,0
grc,1951,0
grc,1952,0
grc,1953,0
grc,1954,0
grc,1955,0
grc,1956,0
grc,1957,0
grc,1958,0
grc,1959,0
grc,1960,6.94602667999027
grc,1961,8.59463308985121
grc,1962,10.3179404967166
grc,1963,12.7790055971098
grc,1964,15.4726740437891
grc,1965,18.6821421097563
grc,1966,22.3749953406363
grc,1967,27.4295088080653
grc,1968,33.8572209264959
grc,1969,41.1242007153269
grc,1970,47.8241545170917
grc,1971,61.0388366056841
grc,1972,68.51338862473
grc,1973,75.6515574455459
grc,1974,82.4703061272504
grc,1975,89.2728726394446
grc,1976,95.4651192160035
grc,1977,101.426747952045
grc,1978,100.959444141932
grc,1979,101.576963904897
grc,1980,77.4945402667455
grc,1981,111.837648191791
grc,1982,106.728119404889
grc,1983,119.970195591144
grc,1984,163.770702358477
grc,1985,180.414166008454
grc,1986,162.560205275759
grc,1987,148.136217543217
grc,1988,145.554183155716
grc,1989,146.928896546055
grc,1990,132.966661576814
grc,1991,118.88206663432
grc,1992,88.5479810945082
grc,1993,92.1294143300633
grc,1994,90.9998744951255
grc,1995,114.129013416452
grc,1996,106.075466035163
grc,1997,102.844428341677
grc,1998,101.633144912593
grc,1999,91.6273394202044
grc,2000,93.2731153291112
grc,2001,106.275117402736
grc,2002,89.9012241444847
grc,2003,74.5654396176241
grc,2004,89.0922017028912
grc,2005,105.850645863375
grc,2006,123.633700796931
grc,2007,123.71305801786
grc,2008,105.979415324067
grc,2009,84.4910568205307
grc,2010,78.095109732472
grc,2011,84.1717462620824
grc,2012,73.7863255489818
grc,2013,77.5841723760804
grc,2014,95.2706220961482
grc,2015,114.964828998209
grc,2016,100.77983990883
grc,2017,87.7502647637299
grc,2018,93.683399547809
grc,2019,100.956981825421
grc,2020,122.128438885527
grc,2021,135.595851096237
grc,2022,134.922941024833
gtm,1888,0
gtm,1889,0
gtm,1890,0
gtm,1891,0
gtm,1892,0
gtm,1893,0
gtm,1894,0
gtm,1895,0
gtm,1896,0
gtm,1897,0
gtm,1898,0
gtm,1899,0
gtm,1900,0
gtm,1901,0
gtm,1902,0
gtm,1903,0
gtm,1904,0
gtm,1905,0
gtm,1906,0
gtm,1907,0
gtm,1908,0
gtm,1909,0
gtm,1910,0
gtm,1911,0
gtm,1912,0
gtm,1913,0
gtm,1914,0
gtm,1915,0
gtm,1916,0
gtm,1917,0
gtm,1918,0
gtm,1919,0
gtm,1920,0
gtm,1921,0
gtm,1922,0
gtm,1923,0
gtm,1924,0
gtm,1925,0
gtm,1926,0
gtm,1927,0
gtm,1928,0
gtm,1929,0
gtm,1930,0
gtm,1931,0
gtm,1932,0
gtm,1933,0
gtm,1934,0
gtm,1935,0
gtm,1936,0
gtm,1937,0
gtm,1938,0
gtm,1939,0
gtm,1940,0
gtm,1941,0
gtm,1942,0
gtm,1943,0
gtm,1944,0
gtm,1945,0
gtm,1946,0
gtm,1947,0
gtm,1948,0
gtm,1949,0
gtm,1950,0
gtm,1951,0
gtm,1952,0
gtm,1953,0
gtm,1954,0
gtm,1955,0
gtm,1956,0
gtm,1957,0
gtm,1958,0
gtm,1959,0
gtm,1960,0
gtm,1961,9.47537931611655
gtm,1962,9.47537931611655
gtm,1963,9.47537931611655
gtm,1964,9.47537931611655
gtm,1965,9.47537931611655
gtm,1966,10.4229172477282
gtm,1967,10.4229172477282
gtm,1968,10.4229172477282
gtm,1969,10.4229172477282
gtm,1970,10.4229172477282
gtm,1971,28.4261379483497
gtm,1972,28.4261379483497
gtm,1973,28.4261379483497
gtm,1974,28.4261379483497
gtm,1975,28.4261379483497
gtm,1976,37.9015172644662
gtm,1977,37.9015172644662
gtm,1978,37.9015172644662
gtm,1979,37.9015172644662
gtm,1980,37.9015172644662
gtm,1981,34.5851345038254
gtm,1982,29.1576087932216
gtm,1983,24.8315081715669
gtm,1984,27.4606885929721
gtm,1985,20.6005891725775
gtm,1986,32.845576890418
gtm,1987,40.4187335736861
gtm,1988,40.6773710296068
gtm,1989,35.9406156119513
gtm,1990,22.8251930117601
gtm,1991,18.3394880240829
gtm,1992,26.7068465567476
gtm,1993,25.0618689100857
gtm,1994,22.426509638655
gtm,1995,18.4968259779536
gtm,1996,22.5760571329122
gtm,1997,27.5781905328042
gtm,1998,17.4090784009762
gtm,1999,15.2783499444209
gtm,2000,15.0542411210163
gtm,2001,16.6736129379619
gtm,2002,16.2726834614313
gtm,2003,16.0967315932317
gtm,2004,16.0994575872931
gtm,2005,14.6625092289965
gtm,2006,16.8752287296774
gtm,2007,18.7749862166512
gtm,2008,16.9298949086673
gtm,2009,15.3835769669389
gtm,2010,16.5749571220349
gtm,2011,16.4494657333077
gtm,2012,19.9319044856221
gtm,2013,18.7305108316035
gtm,2014,19.9448052305604
gtm,2015,21.3627049264986
gtm,2016,22.6538615457995
gtm,2017,23.7944220072804
gtm,2018,22.7559185565034
gtm,2019,19.9176015623589
gtm,2020,16.9529449744845
gtm,2021,17.6271417790797
gtm,2022,17.7964912367082
hkg,1888,0
hkg,1889,0
hkg,1890,0
hkg,1891,0
hkg,1892,0
hkg,1893,0
hkg,1894,0
hkg,1895,0
hkg,1896,0
hkg,1897,0
hkg,1898,0
hkg,1899,0
hkg,1900,0
hkg,1901,0
hkg,1902,0
hkg,1903,0
hkg,1904,0
hkg,1905,0
hkg,1906,0
hkg,1907,0
hkg,1908,0
hkg,1909,0
hkg,1910,0
hkg,1911,0
hkg,1912,0
hkg,1913,0
hkg,1914,0
hkg,1915,0
hkg,1916,0
hkg,1917,0
hkg,1918,0
hkg,1919,0
hkg,1920,0
hkg,1921,0
hkg,1922,0
hkg,1923,0
hkg,1924,0
hkg,1925,0
hkg,1926,0
hkg,1927,0
hkg,1928,0
hkg,1929,0
hkg,1930,0
hkg,1931,0
hkg,1932,0
hkg,1933,0
hkg,1934,0
hkg,1935,0
hkg,1936,0
hkg,1937,0
hkg,1938,0
hkg,1939,0
hkg,1940,0
hkg,1941,0
hkg,1942,0
hkg,1943,0
hkg,1944,0
hkg,1945,0
hkg,1946,0
hkg,1947,0
hkg,1948,0
hkg,1949,0
hkg,1950,0
hkg,1951,0
hkg,1952,0
hkg,1953,0
hkg,1954,0
hkg,1955,0
hkg,1956,0
hkg,1957,0
hkg,1958,0
hkg,1959,0
hkg,1960,5.33382083226151
hkg,1961,5.33382083226151
hkg,1962,5.33382083226151
hkg,1963,5.33382083226151
hkg,1964,5.33382083226151
hkg,1965,5.33382083226151
hkg,1966,3.80987202304393
hkg,1967,3.80987202304393
hkg,1968,3.80987202304393
hkg,1969,3.80987202304393
hkg,1970,3.80987202304393
hkg,1971,6.09579523687029
hkg,1972,6.09579523687029
hkg,1973,6.09579523687029
hkg,1974,6.09579523687029
hkg,1975,6.09579523687029
hkg,1976,5.84180376866736
hkg,1977,5.84180376866736
hkg,1978,5.84180376866736
hkg,1979,5.84180376866736
hkg,1980,5.84180376866736
hkg,1981,5.58781230046444
hkg,1982,5.46673276155187
hkg,1983,5.45572899294651
hkg,1984,5.29963892390648
hkg,1985,5.23880823271836
hkg,1986,5.26618004083439
hkg,1987,4.94862136749123
hkg,1988,4.84276757748119
hkg,1989,4.57434215616506
hkg,1990,4.48202540732648
hkg,1991,4.36042893282793
hkg,1992,4.22789331922429
hkg,1993,4.22150464862604
hkg,1994,4.16334764044558
hkg,1995,4.05545570178845
hkg,1996,3.97525753897306
hkg,1997,3.89882281892643
hkg,1998,3.94524286360455
hkg,1999,3.76296514527094
hkg,2000,3.58186699748887
hkg,2001,3.60571345178192
hkg,2002,3.60657399151779
hkg,2003,3.50874208051449
hkg,2004,3.54948958318949
hkg,2005,3.5427671967302
hkg,2006,3.54205355287039
hkg,2007,3.57138213494669
hkg,2008,3.49347847877205
hkg,2009,3.62137351880923
hkg,2010,3.51163262021778
hkg,2011,3.48179137732486
hkg,2012,3.57787855714602
hkg,2013,3.64064726957042
hkg,2014,3.79931045863242
hkg,2015,3.85085600035259
hkg,2016,4.00479900295739
hkg,2017,3.87043530470914
hkg,2018,3.84798389856313
hkg,2019,3.99980160583046
hkg,2020,4.33642359866408
hkg,2021,4.04823810818225
hkg,2022,3.97385509133753
hnd,1888,0
hnd,1889,0
hnd,1890,0
hnd,1891,0
hnd,1892,0
hnd,1893,0
hnd,1894,0
hnd,1895,0
hnd,1896,0
hnd,1897,0
hnd,1898,0
hnd,1899,0
hnd,1900,0
hnd,1901,0
hnd,1902,0
hnd,1903,0
hnd,1904,0
hnd,1905,0
hnd,1906,0
hnd,1907,0
hnd,1908,0
hnd,1909,0
hnd,1910,0
hnd,1911,0
hnd,1912,0
hnd,1913,0
hnd,1914,0
hnd,1915,0
hnd,1916,0
hnd,1917,0
hnd,1918,0
hnd,1919,0
hnd,1920,0
hnd,1921,0
hnd,1922,0
hnd,1923,0
hnd,1924,0
hnd,1925,0
hnd,1926,0
hnd,1927,0
hnd,1928,0
hnd,1929,0
hnd,1930,0
hnd,1931,0
hnd,1932,0
hnd,1933,0
hnd,1934,0
hnd,1935,0
hnd,1936,0
hnd,1937,0
hnd,1938,0
hnd,1939,0
hnd,1940,0
hnd,1941,0
hnd,1942,0
hnd,1943,0
hnd,1944,0
hnd,1945,0
hnd,1946,0
hnd,1947,0
hnd,1948,0
hnd,1949,0
hnd,1950,0
hnd,1951,0
hnd,1952,0
hnd,1953,0
hnd,1954,0
hnd,1955,0
hnd,1956,0
hnd,1957,0
hnd,1958,0
hnd,1959,0
hnd,1960,0
hnd,1961,2.45168147795179
hnd,1962,2.45168147795179
hnd,1963,2.45168147795179
hnd,1964,2.45168147795179
hnd,1965,2.45168147795179
hnd,1966,2.97704179465574
hnd,1967,2.97704179465574
hnd,1968,2.97704179465574
hnd,1969,2.97704179465574
hnd,1970,2.97704179465574
hnd,1971,4.02776242806365
hnd,1972,4.02776242806365
hnd,1973,4.02776242806365
hnd,1974,4.02776242806365
hnd,1975,4.02776242806365
hnd,1976,2.45168147795179
hnd,1977,2.45168147795179
hnd,1978,2.45168147795179
hnd,1979,2.45168147795179
hnd,1980,2.45168147795179
hnd,1981,4.5531227447676
hnd,1982,4.84414044431004
hnd,1983,5.31130050844897
hnd,1984,5.61205038565198
hnd,1985,8.36046162141739
hnd,1986,10.7321878216444
hnd,1987,12.6195478107979
hnd,1988,12.2231745669498
hnd,1989,9.48671172214095
hnd,1990,8.07225339130944
hnd,1991,8.15832353866539
hnd,1992,8.1351926464772
hnd,1993,7.28823345892114
hnd,1994,7.21714453124143
hnd,1995,7.91165210848078
hnd,1996,8.66606075214802
hnd,1997,12.9569221595506
hnd,1998,12.4464896457693
hnd,1999,12.4166911587977
hnd,2000,13.8235000246802
hnd,2001,12.9242785194973
hnd,2002,11.8728093119207
hnd,2003,10.6629503553408
hnd,2004,15.9337563223553
hnd,2005,12.0806638338041
hnd,2006,12.7787382763557
hnd,2007,13.0801180493343
hnd,2008,12.6698637863061
hnd,2009,13.4693016906814
hnd,2010,13.0311301445995
hnd,2011,15.8292781231943
hnd,2012,17.3639413344289
hnd,2013,17.2917647934941
hnd,2014,16.0583880305855
hnd,2015,15.1373959463634
hnd,2016,16.4215414795173
hnd,2017,16.1090058846766
hnd,2018,15.2388964712177
hnd,2019,14.6054215060943
hnd,2020,13.0122546400366
hnd,2021,13.5011868850781
hnd,2022,14.1128860076197
hrv,1888,0
hrv,1889,0
hrv,1890,0
hrv,1891,0
hrv,1892,0
hrv,1893,0
hrv,1894,0
hrv,1895,0
hrv,1896,0
hrv,1897,0
hrv,1898,0
hrv,1899,0
hrv,1900,0
hrv,1901,0
hrv,1902,0
hrv,1903,0
hrv,1904,0
hrv,1905,0
hrv,1906,0
hrv,1907,0
hrv,1908,0
hrv,1909,0
hrv,1910,0
hrv,1911,0
hrv,1912,0
hrv,1913,0
hrv,1914,0
hrv,1915,0
hrv,1916,0
hrv,1917,0
hrv,1918,0
hrv,1919,0
hrv,1920,0
hrv,1921,0
hrv,1922,0
hrv,1923,0
hrv,1924,0
hrv,1925,0
hrv,1926,0
hrv,1927,0
hrv,1928,0
hrv,1929,0
hrv,1930,0
hrv,1931,0
hrv,1932,0
hrv,1933,0
hrv,1934,0
hrv,1935,0
hrv,1936,0
hrv,1937,0
hrv,1938,0
hrv,1939,0
hrv,1940,0
hrv,1941,0
hrv,1942,0
hrv,1943,0
hrv,1944,0
hrv,1945,0
hrv,1946,0
hrv,1947,0
hrv,1948,0
hrv,1949,0
hrv,1950,0
hrv,1951,0
hrv,1952,0
hrv,1953,0
hrv,1954,0
hrv,1955,0
hrv,1956,0
hrv,1957,0
hrv,1958,0
hrv,1959,0
hrv,1960,0
hrv,1961,0
hrv,1962,0
hrv,1963,0
hrv,1964,0
hrv,1965,0
hrv,1966,0
hrv,1967,0
hrv,1968,0
hrv,1969,0
hrv,1970,0
hrv,1971,0
hrv,1972,0
hrv,1973,0
hrv,1974,0
hrv,1975,0
hrv,1976,0
hrv,1977,0
hrv,1978,0
hrv,1979,0
hrv,1980,0
hrv,1981,0
hrv,1982,0
hrv,1983,0
hrv,1984,0
hrv,1985,0
hrv,1986,0
hrv,1987,0
hrv,1988,0
hrv,1989,0
hrv,1990,0
hrv,1991,0
hrv,1992,0
hrv,1993,0
hrv,1994,0
hrv,1995,0
hrv,1996,0
hrv,1997,0
hrv,1998,0
hrv,1999,0
hrv,2000,0
hrv,2001,0
hrv,2002,160.134405481404
hrv,2003,53.6229862233912
hrv,2004,59.8262836968617
hrv,2005,68.5678028731911
hrv,2006,69.020420687911
hrv,2007,69.6581342301884
hrv,2008,65.3851433634848
hrv,2009,65.7973357770958
hrv,2010,59.3299143181688
hrv,2011,59.9489422509124
hrv,2012,53.0205198346374
hrv,2013,56.3704030815609
hrv,2014,52.4235094451183
hrv,2015,56.5871694092011
hrv,2016,111.101668301394
hrv,2017,35.7704868058929
hrv,2018,64.8962178780349
hrv,2019,63.3478573004788
hrv,2020,51.046165249519
hrv,2021,59.7035013789557
hrv,2022,60.8885231451134
hun,1888,0
hun,1889,0
hun,1890,0
hun,1891,0
hun,1892,0
hun,1893,0
hun,1894,0
hun,1895,0
hun,1896,0
hun,1897,0
hun,1898,0
hun,1899,0
hun,1900,0
hun,1901,0
hun,1902,0
hun,1903,0
hun,1904,0
hun,1905,0
hun,1906,0
hun,1907,0
hun,1908,0
hun,1909,0
hun,1910,0
hun,1911,0
hun,1912,0
hun,1913,0
hun,1914,0
hun,1915,0
hun,1916,0
hun,1917,0
hun,1918,0
hun,1919,0
hun,1920,0
hun,1921,0
hun,1922,0
hun,1923,0
hun,1924,0
hun,1925,0
hun,1926,0
hun,1927,0
hun,1928,0
hun,1929,0
hun,1930,0
hun,1931,0
hun,1932,0
hun,1933,0
hun,1934,0
hun,1935,0
hun,1936,0
hun,1937,0
hun,1938,0
hun,1939,0
hun,1940,0
hun,1941,0
hun,1942,0
hun,1943,0
hun,1944,0
hun,1945,0
hun,1946,0
hun,1947,0
hun,1948,0
hun,1949,0
hun,1950,0
hun,1951,0
hun,1952,0
hun,1953,0
hun,1954,0
hun,1955,0
hun,1956,0
hun,1957,0
hun,1958,0
hun,1959,0
hun,1960,18.4114014072337
hun,1961,20.0944377400735
hun,1962,21.9313250066367
hun,1963,36.286082984987
hun,1964,60.0364920037856
hun,1965,99.3323080259691
hun,1966,126.018801747214
hun,1967,159.874855516814
hun,1968,202.826634376306
hun,1969,195.822257925882
hun,1970,189.059769280824
hun,1971,182.530815133627
hun,1972,190.18091857053
hun,1973,198.151647774389
hun,1974,206.456440587357
hun,1975,205.139453438627
hun,1976,203.830867360579
hun,1977,202.530628762719
hun,1978,202.53062876272
hun,1979,202.53062876272
hun,1980,202.530628762719
hun,1981,199.320033832351
hun,1982,196.16033451155
hun,1983,193.050723983159
hun,1984,189.990408220003
hun,1985,186.978605782139
hun,1986,184.014547617313
hun,1987,193.712772525542
hun,1988,172.636215930695
hun,1989,176.943442137533
hun,1990,165.909990326336
hun,1991,110.715736690033
hun,1992,120.198480691171
hun,1993,116.177495629516
hun,1994,115.278984105929
hun,1995,87.7400127661935
hun,1996,79.4830157578855
hun,1997,78.3942110872322
hun,1998,116.67464989144
hun,1999,151.27762235321
hun,2000,151.678578647223
hun,2001,168.620247843407
hun,2002,205.210897765429
hun,2003,202.69068472223
hun,2004,182.819941014356
hun,2005,191.316765059607
hun,2006,189.104142428245
hun,2007,170.840885580745
hun,2008,159.81687036746
hun,2009,156.132840351939
hun,2010,131.58678126982
hun,2011,125.454258289801
hun,2012,123.821629561639
hun,2013,116.261931719735
hun,2014,126.664849322147
hun,2015,116.144269578855
hun,2016,100.883252144571
hun,2017,115.660851723334
hun,2018,119.148185967455
hun,2019,97.964808325571
hun,2020,102.374044013368
hun,2021,96.3793174452491
hun,2022,87.9120872804346
idn,1888,0
idn,1889,0
idn,1890,0
idn,1891,0
idn,1892,0
idn,1893,0
idn,1894,0
idn,1895,0
idn,1896,0
idn,1897,0
idn,1898,0
idn,1899,0
idn,1900,0
idn,1901,0
idn,1902,0
idn,1903,0
idn,1904,0
idn,1905,0
idn,1906,0
idn,1907,0
idn,1908,0
idn,1909,0
idn,1910,0
idn,1911,0
idn,1912,0
idn,1913,0
idn,1914,0
idn,1915,0
idn,1916,0
idn,1917,0
idn,1918,0
idn,1919,0
idn,1920,0
idn,1921,0
idn,1922,0
idn,1923,0
idn,1924,0
idn,1925,0
idn,1926,0
idn,1927,0
idn,1928,0
idn,1929,0
idn,1930,0
idn,1931,0
idn,1932,0
idn,1933,0
idn,1934,0
idn,1935,0
idn,1936,0
idn,1937,0
idn,1938,0
idn,1939,0
idn,1940,0
idn,1941,0
idn,1942,0
idn,1943,0
idn,1944,0
idn,1945,0
idn,1946,0
idn,1947,0
idn,1948,0
idn,1949,0
idn,1950,0
idn,1951,0
idn,1952,0
idn,1953,0
idn,1954,0
idn,1955,0
idn,1956,0
idn,1957,0
idn,1958,0
idn,1959,0
idn,1960,0
idn,1961,15.1162863903312
idn,1962,15.1162863903312
idn,1963,15.1162863903312
idn,1964,15.1162863903312
idn,1965,15.1162863903312
idn,1966,21.2816513554295
idn,1967,21.2816513554295
idn,1968,12.629597935609
idn,1969,60.6165936470872
idn,1970,63.2762154737834
idn,1971,74.3912331548088
idn,1972,96.7666549176347
idn,1973,107.320579444887
idn,1974,241.40114805786
idn,1975,268.518776056625
idn,1976,361.426162151903
idn,1977,354.220106654984
idn,1978,370.379294729203
idn,1979,307.988704776336
idn,1980,376.030496384352
idn,1981,412.11170086412
idn,1982,421.993735964292
idn,1983,492.836725930691
idn,1984,504.510460878519
idn,1985,488.297492542442
idn,1986,562.039306364582
idn,1987,527.081526895704
idn,1988,467.985908744625
idn,1989,402.345056127308
idn,1990,456.239329416902
idn,1991,462.025209346414
idn,1992,502.956658472945
idn,1993,414.816927660213
idn,1994,484.060509597735
idn,1995,443.160544277872
idn,1996,507.820078656209
idn,1997,575.398268895085
idn,1998,479.464964053198
idn,1999,412.203300397348
idn,2000,718.185536378698
idn,2001,742.86119885097
idn,2002,764.620547572332
idn,2003,936.874849870139
idn,2004,983.147143325271
idn,2005,868.814892724978
idn,2006,884.58700873055
idn,2007,938.382184232271
idn,2008,843.172255895763
idn,2009,844.672733662879
idn,2010,818.456149716632
idn,2011,785.183957821834
idn,2012,778.221351234852
idn,2013,703.185238620398
idn,2014,585.599534111006
idn,2015,664.314288075819
idn,2016,728.830393727277
idn,2017,598.697785602999
idn,2018,605.856143082646
idn,2019,618.830678657536
idn,2020,636.494561553214
idn,2021,638.3036517746
idn,2022,632.633100360358
ind,1888,0
ind,1889,0
ind,1890,0
ind,1891,0
ind,1892,0
ind,1893,0
ind,1894,0
ind,1895,0
ind,1896,0
ind,1897,0
ind,1898,0
ind,1899,0
ind,1900,0
ind,1901,0
ind,1902,0
ind,1903,0
ind,1904,0
ind,1905,0
ind,1906,0
ind,1907,0
ind,1908,0
ind,1909,0
ind,1910,0
ind,1911,0
ind,1912,0
ind,1913,0
ind,1914,0
ind,1915,0
ind,1916,0
ind,1917,0
ind,1918,0
ind,1919,0
ind,1920,0
ind,1921,0
ind,1922,0
ind,1923,0
ind,1924,0
ind,1925,0
ind,1926,0
ind,1927,0
ind,1928,0
ind,1929,0
ind,1930,0
ind,1931,0
ind,1932,0
ind,1933,0
ind,1934,0
ind,1935,0
ind,1936,0
ind,1937,0
ind,1938,0
ind,1939,0
ind,1940,0
ind,1941,0
ind,1942,0
ind,1943,0
ind,1944,0
ind,1945,0
ind,1946,0
ind,1947,0
ind,1948,0
ind,1949,0
ind,1950,0
ind,1951,0
ind,1952,0
ind,1953,0
ind,1954,0
ind,1955,0
ind,1956,0
ind,1957,0
ind,1958,0
ind,1959,0
ind,1960,0
ind,1961,186.822754208694
ind,1962,202.244094215031
ind,1963,207.701187295365
ind,1964,223.16590668295
ind,1965,248.906573670946
ind,1966,262.727312328965
ind,1967,277.716179068857
ind,1968,317.627627279649
ind,1969,369.304972521213
ind,1970,543.851553657606
ind,1971,444.713376974114
ind,1972,460.046079593873
ind,1973,458.269095663274
ind,1974,403.604524440304
ind,1975,378.87435874713
ind,1976,446.084926672726
ind,1977,479.765876117936
ind,1978,568.029672684797
ind,1979,568.915202913989
ind,1980,549.66100777908
ind,1981,528.57133944592
ind,1982,564.870340780796
ind,1983,575.80857888536
ind,1984,625.400964019111
ind,1985,678.910720154049
ind,1986,718.013626578962
ind,1987,748.901285477654
ind,1988,748.657999941692
ind,1989,844.589317119591
ind,1990,921.350029409828
ind,1991,992.274846779441
ind,1992,984.760179081582
ind,1993,967.377520948606
ind,1994,1013.72436419905
ind,1995,1071.20446705693
ind,1996,1093.57740605027
ind,1997,1214.71747691245
ind,1998,1386.63220752713
ind,1999,1518.54348460389
ind,2000,1700.21085710148
ind,2001,1744.13136439672
ind,2002,1697.54336034352
ind,2003,1712.61144996925
ind,2004,1876.63426690104
ind,2005,1970.6626773544
ind,2006,1971.87351774772
ind,2007,1946.70233105277
ind,2008,2113.77239575407
ind,2009,2341.81097819928
ind,2010,2572.33162482047
ind,2011,2811.56614800798
ind,2012,3047.67539178771
ind,2013,2960.83225069201
ind,2014,3204.95076817995
ind,2015,3674.3645718877
ind,2016,3805.70685170173
ind,2017,3961.30529204626
ind,2018,4014.28644516866
ind,2019,4196.84998117409
ind,2020,4300.26616182907
ind,2021,4336.4657778456
ind,2022,4453.98508903982
irl,1888,0
irl,1889,0
irl,1890,0
irl,1891,0
irl,1892,0
irl,1893,0
irl,1894,0
irl,1895,0
irl,1896,0
irl,1897,0
irl,1898,0
irl,1899,0
irl,1900,0
irl,1901,0
irl,1902,0
irl,1903,0
irl,1904,0
irl,1905,0
irl,1906,0
irl,1907,0
irl,1908,0
irl,1909,0
irl,1910,0
irl,1911,0
irl,1912,0
irl,1913,0
irl,1914,0
irl,1915,0
irl,1916,0
irl,1917,0
irl,1918,0
irl,1919,0
irl,1920,0
irl,1921,0
irl,1922,0
irl,1923,0
irl,1924,0
irl,1925,0
irl,1926,0
irl,1927,0
irl,1928,0
irl,1929,0
irl,1930,0
irl,1931,0
irl,1932,0
irl,1933,0
irl,1934,0
irl,1935,0
irl,1936,0
irl,1937,0
irl,1938,0
irl,1939,0
irl,1940,0
irl,1941,0
irl,1942,0
irl,1943,0
irl,1944,0
irl,1945,0
irl,1946,0
irl,1947,0
irl,1948,0
irl,1949,0
irl,1950,0
irl,1951,0
irl,1952,0
irl,1953,0
irl,1954,0
irl,1955,0
irl,1956,0
irl,1957,0
irl,1958,0
irl,1959,0
irl,1960,46.15983050719
irl,1961,50.8186527551756
irl,1962,54.1835726657778
irl,1963,58.2263865060105
irl,1964,58.1914851849237
irl,1965,60.5253565635849
irl,1966,62.8494094836898
irl,1967,64.9253624884475
irl,1968,67.9591960115353
irl,1969,67.7957425895845
irl,1970,71.0619216923664
irl,1971,71.9076371620983
irl,1972,77.3113497585535
irl,1973,79.7782643067339
irl,1974,71.9317671627087
irl,1975,82.7177308000735
irl,1976,87.1333520597845
irl,1977,95.1885434763947
irl,1978,87.128477202981
irl,1979,87.8593971113678
irl,1980,69.982569278468
irl,1981,77.7249860638781
irl,1982,79.0159659072802
irl,1983,65.0713849655663
irl,1984,66.2209271143918
irl,1985,60.7875390360579
irl,1986,55.0708742211504
irl,1987,57.5309784534677
irl,1988,60.4629964875582
irl,1989,55.1655627370755
irl,1990,61.3572266517384
irl,1991,57.456964720842
irl,1992,54.2557212887367
irl,1993,56.9603261018837
irl,1994,59.664930831258
irl,1995,66.9762807882195
irl,1996,75.5238253311416
irl,1997,83.126672841791
irl,1998,90.8278809479711
irl,1999,98.0538514940616
irl,2000,105.148841166584
irl,2001,114.423087231631
irl,2002,124.831063289539
irl,2003,126.985752613802
irl,2004,112.992785612671
irl,2005,116.066157104833
irl,2006,110.57836760342
irl,2007,157.590038288566
irl,2008,160.672102925355
irl,2009,131.54203183393
irl,2010,117.591631789739
irl,2011,133.484347424471
irl,2012,133.64338567199
irl,2013,131.72273132361
irl,2014,133.193832116448
irl,2015,131.758655192519
irl,2016,132.61215304615
irl,2017,131.662061542916
irl,2018,140.526030084317
irl,2019,146.682363231973
irl,2020,140.73139769344
irl,2021,130.988950492388
irl,2022,136.181146151974
irn,1888,0
irn,1889,0
irn,1890,0
irn,1891,0
irn,1892,0
irn,1893,0
irn,1894,0
irn,1895,0
irn,1896,0
irn,1897,0
irn,1898,0
irn,1899,0
irn,1900,0
irn,1901,0
irn,1902,0
irn,1903,0
irn,1904,0
irn,1905,0
irn,1906,0
irn,1907,0
irn,1908,0
irn,1909,0
irn,1910,0
irn,1911,0
irn,1912,0
irn,1913,0
irn,1914,0
irn,1915,0
irn,1916,0
irn,1917,0
irn,1918,0
irn,1919,0
irn,1920,0
irn,1921,0
irn,1922,0
irn,1923,0
irn,1924,0
irn,1925,0
irn,1926,0
irn,1927,0
irn,1928,0
irn,1929,0
irn,1930,0
irn,1931,0
irn,1932,0
irn,1933,0
irn,1934,0
irn,1935,0
irn,1936,0
irn,1937,0
irn,1938,0
irn,1939,0
irn,1940,0
irn,1941,0
irn,1942,0
irn,1943,0
irn,1944,0
irn,1945,0
irn,1946,0
irn,1947,0
irn,1948,0
irn,1949,0
irn,1950,0
irn,1951,0
irn,1952,0
irn,1953,0
irn,1954,0
irn,1955,0
irn,1956,0
irn,1957,0
irn,1958,0
irn,1959,0
irn,1960,88.7177905398844
irn,1961,88.7177905398844
irn,1962,88.7177905398844
irn,1963,88.7177905398844
irn,1964,88.7177905398844
irn,1965,110.370732429037
irn,1966,137.308407961823
irn,1967,170.820637700601
irn,1968,212.512042762546
irn,1969,264.378876738915
irn,1970,328.90460962643
irn,1971,317.582161340235
irn,1972,492.809716390255
irn,1973,529.172951854311
irn,1974,508.301533782404
irn,1975,478.367415573832
irn,1976,508.277860995096
irn,1977,320.18540489682
irn,1978,330.104213488956
irn,1979,202.92849177671
irn,1980,215.110428693582
irn,1981,158.213024175865
irn,1982,78.0115724592132
irn,1983,113.31626882283
irn,1984,283.850977683471
irn,1985,315.801520431188
irn,1986,324.347745467548
irn,1987,312.636252959602
irn,1988,296.744088679977
irn,1989,379.97524194378
irn,1990,513.058471840279
irn,1991,649.512608709846
irn,1992,404.884950585915
irn,1993,478.145459409066
irn,1994,628.799656270113
irn,1995,337.723029008214
irn,1996,654.999899487463
irn,1997,712.220294656359
irn,1998,700.396502848169
irn,1999,600.05490981157
irn,2000,636.678233880866
irn,2001,593.562531055349
irn,2002,572.547598812539
irn,2003,552.969697253584
irn,2004,457.780006134792
irn,2005,403.256711184898
irn,2006,385.039815264457
irn,2007,347.679274045715
irn,2008,321.968382306836
irn,2009,337.216022820568
irn,2010,313.586377985994
irn,2011,251.823646477992
irn,2012,292.746128364315
irn,2013,331.924711962314
irn,2014,357.911693988038
irn,2015,376.383867900737
irn,2016,395.103888816197
irn,2017,410.722351551156
irn,2018,451.078464352804
irn,2019,503.083991287583
irn,2020,483.12429700296
irn,2021,505.50015286305
irn,2022,507.852020992177
isr,1888,0
isr,1889,0
isr,1890,0
isr,1891,0
isr,1892,0
isr,1893,0
isr,1894,0
isr,1895,0
isr,1896,0
isr,1897,0
isr,1898,0
isr,1899,0
isr,1900,0
isr,1901,0
isr,1902,0
isr,1903,0
isr,1904,0
isr,1905,0
isr,1906,0
isr,1907,0
isr,1908,0
isr,1909,0
isr,1910,0
isr,1911,0
isr,1912,0
isr,1913,0
isr,1914,0
isr,1915,0
isr,1916,0
isr,1917,0
isr,1918,0
isr,1919,0
isr,1920,0
isr,1921,0
isr,1922,0
isr,1923,0
isr,1924,0
isr,1925,0
isr,1926,0
isr,1927,0
isr,1928,0
isr,1929,0
isr,1930,0
isr,1931,0
isr,1932,0
isr,1933,0
isr,1934,0
isr,1935,0
isr,1936,0
isr,1937,0
isr,1938,0
isr,1939,0
isr,1940,0
isr,1941,0
isr,1942,0
isr,1943,0
isr,1944,0
isr,1945,0
isr,1946,0
isr,1947,0
isr,1948,0
isr,1949,0
isr,1950,0
isr,1951,0
isr,1952,0
isr,1953,0
isr,1954,0
isr,1955,0
isr,1956,0
isr,1957,0
isr,1958,0
isr,1959,0
isr,1960,24.2394811726366
isr,1961,23.2961611886359
isr,1962,22.2906827222168
isr,1963,21.5320101452845
isr,1964,21.2138674219367
isr,1965,22.3158068762603
isr,1966,29.072908409711
isr,1967,38.2679458509779
isr,1968,47.6302425142253
isr,1969,55.5625335890565
isr,1970,58.6169781343781
isr,1971,63.3014888505201
isr,1972,65.8618640509507
isr,1973,72.1277820844729
isr,1974,67.8266323991452
isr,1975,60.8207634951591
isr,1976,91.4276130449687
isr,1977,92.1655822181602
isr,1978,143.895914377099
isr,1979,130.040808084001
isr,1980,123.93172187501
isr,1981,104.571990335497
isr,1982,104.197209702816
isr,1983,103.823779445645
isr,1984,103.451682158236
isr,1985,103.080918792049
isr,1986,102.711484926355
isr,1987,102.343374955163
isr,1988,101.976584235861
isr,1989,101.611108223886
isr,1990,101.246941952765
isr,1991,100.884080788856
isr,1992,100.522520203967
isr,1993,97.4593893603925
isr,1994,105.122330690206
isr,1995,116.357823217383
isr,1996,104.047506655864
isr,1997,112.030035192632
isr,1998,105.787717146344
isr,1999,109.430156797366
isr,2000,101.971311857629
isr,2001,113.850242078523
isr,2002,97.4770446664489
isr,2003,99.7624731770204
isr,2004,110.094609193764
isr,2005,104.325708305976
isr,2006,98.3748738095945
isr,2007,102.638584140185
isr,2008,101.81058143301
isr,2009,102.768313441194
isr,2010,99.3234441640917
isr,2011,109.302741371217
isr,2012,102.442485924654
isr,2013,99.8142433239413
isr,2014,118.740186818878
isr,2015,141.25470971135601
isr,2016,168.038248466586
isr,2017,154.974565981244
isr,2018,164.209932035587
isr,2019,169.948015579316
isr,2020,169.216629218759
isr,2021,157.067545974671
isr,2022,155.112689890399
ita,1888,0
ita,1889,0
ita,1890,0
ita,1891,0
ita,1892,0
ita,1893,0
ita,1894,0
ita,1895,0
ita,1896,0
ita,1897,0
ita,1898,0
ita,1899,0
ita,1900,0
ita,1901,0
ita,1902,0
ita,1903,0
ita,1904,0
ita,1905,0
ita,1906,0
ita,1907,0
ita,1908,0
ita,1909,0
ita,1910,0
ita,1911,0
ita,1912,0
ita,1913,0
ita,1914,0
ita,1915,0
ita,1916,0
ita,1917,0
ita,1918,0
ita,1919,0
ita,1920,0
ita,1921,0
ita,1922,0
ita,1923,0
ita,1924,0
ita,1925,0
ita,1926,0
ita,1927,0
ita,1928,0
ita,1929,0
ita,1930,0
ita,1931,0
ita,1932,0
ita,1933,0
ita,1934,0
ita,1935,0
ita,1936,0
ita,1937,0
ita,1938,0
ita,1939,0
ita,1940,0
ita,1941,0
ita,1942,0
ita,1943,0
ita,1944,0
ita,1945,0
ita,1946,0
ita,1947,0
ita,1948,0
ita,1949,0
ita,1950,0
ita,1951,0
ita,1952,0
ita,1953,0
ita,1954,0
ita,1955,0
ita,1956,0
ita,1957,0
ita,1958,0
ita,1959,0
ita,1960,33.6036353971969
ita,1961,40.3039856645454
ita,1962,46.9714903499183
ita,1963,53.4057053760693
ita,1964,61.8533604330711
ita,1965,73.2254780625492
ita,1966,95.4304866853328
ita,1967,128.754701685543
ita,1968,181.107725239695
ita,1969,211.834563102546
ita,1970,211.279613653761
ita,1971,165.76286761867
ita,1972,206.54606483169
ita,1973,266.404657454009
ita,1974,177.864205003119
ita,1975,196.243246295048
ita,1976,203.850486245624
ita,1977,221.454339913078
ita,1978,273.071454747456
ita,1979,247.128265084046
ita,1980,301.500960352852
ita,1981,456.688468811813
ita,1982,480.85486626067
ita,1983,536.356272444601
ita,1984,520.024798440151
ita,1985,651.978489543966
ita,1986,766.793081098326
ita,1987,809.210499679568
ita,1988,834.077835882324
ita,1989,864.753513023456
ita,1990,674.746535119425
ita,1991,663.590621521836
ita,1992,645.013234829874
ita,1993,626.385320829902
ita,1994,607.647310092563
ita,1995,589.088785793456
ita,1996,571.691891855447
ita,1997,552.634820794857
ita,1998,534.290378443304
ita,1999,607.528464158135
ita,2000,633.94968888748
ita,2001,650.285998580187
ita,2002,666.165708663075
ita,2003,682.192526962131
ita,2004,603.253788451044
ita,2005,585.538273408373
ita,2006,563.574063371945
ita,2007,775.538062046845
ita,2008,757.19462029229
ita,2009,592.026339214474
ita,2010,750.2905293742
ita,2011,801.38769460886
ita,2012,788.962688865937
ita,2013,761.880353642866
ita,2014,738.92596063309
ita,2015,703.382768427875
ita,2016,668.197503465395
ita,2017,805.805231230839
ita,2018,865.582306918346
ita,2019,874.070676579327
ita,2020,824.168874294563
ita,2021,871.388087636422
ita,2022,952.713803909769
jam,1888,0
jam,1889,0
jam,1890,0
jam,1891,0
jam,1892,0
jam,1893,0
jam,1894,0
jam,1895,0
jam,1896,0
jam,1897,0
jam,1898,0
jam,1899,0
jam,1900,0
jam,1901,0
jam,1902,0
jam,1903,0
jam,1904,0
jam,1905,0
jam,1906,0
jam,1907,0
jam,1908,0
jam,1909,0
jam,1910,0
jam,1911,0
jam,1912,0
jam,1913,0
jam,1914,0
jam,1915,0
jam,1916,0
jam,1917,0
jam,1918,0
jam,1919,0
jam,1920,0
jam,1921,0
jam,1922,0
jam,1923,0
jam,1924,0
jam,1925,0
jam,1926,0
jam,1927,0
jam,1928,0
jam,1929,0
jam,1930,0
jam,1931,0
jam,1932,0
jam,1933,0
jam,1934,0
jam,1935,0
jam,1936,0
jam,1937,0
jam,1938,0
jam,1939,0
jam,1940,0
jam,1941,0
jam,1942,0
jam,1943,0
jam,1944,0
jam,1945,0
jam,1946,0
jam,1947,0
jam,1948,0
jam,1949,0
jam,1950,0
jam,1951,0
jam,1952,0
jam,1953,0
jam,1954,0
jam,1955,0
jam,1956,0
jam,1957,0
jam,1958,0
jam,1959,0
jam,1960,0
jam,1961,6.34978670507322
jam,1962,6.34978670507322
jam,1963,6.34978670507322
jam,1964,6.34978670507322
jam,1965,6.34978670507322
jam,1966,10.1596587281172
jam,1967,10.1596587281172
jam,1968,10.1596587281172
jam,1969,10.1596587281172
jam,1970,10.1596587281172
jam,1971,12.4455819419435
jam,1972,12.4455819419435
jam,1973,12.4455819419435
jam,1974,12.4455819419435
jam,1975,12.4455819419435
jam,1976,8.38171845069665
jam,1977,8.38171845069665
jam,1978,8.38171845069665
jam,1979,8.38171845069665
jam,1980,8.38171845069665
jam,1981,6.09579523687029
jam,1982,6.27094166502293
jam,1983,6.45112045894616
jam,1984,6.63647621025695
jam,1985,6.82715766502694
jam,1986,7.0233178431497
jam,1987,7.22511416113756
jam,1988,7.43270855844673
jam,1989,7.6462676274321
jam,1990,7.8659627470358
jam,1991,8.09197022031706
jam,1992,8.32447141593361
jam,1993,8.56365291368812
jam,1994,8.80970665425659
jam,1995,9.06283009321871
jam,1996,9.32322635951397
jam,1997,9.5911044184505
jam,1998,9.86667923939757
jam,1999,10.1501719682963
jam,2000,10.441810105127
jam,2001,10.7418276864754
jam,2002,11.0504654733449
jam,2003,11.3679711443644
jam,2004,11.6945994945483
jam,2005,12.0306126397663
jam,2006,12.3762802270892
jam,2007,12.7318796511774
jam,2008,11.7937158254399
jam,2009,13.6138644542958
jam,2010,14.4590756478004
jam,2011,12.0101954428677
jam,2012,13.4892464800995
jam,2013,13.7579875644567
jam,2014,13.8087663420438
jam,2015,14.2746901548885
jam,2016,14.7297633925583
jam,2017,14.8496856859984
jam,2018,14.9535877263397
jam,2019,15.5638159863094
jam,2020,16.5716612742097
jam,2021,16.6184990491839
jam,2022,16.8333572536776
jor,1888,0
jor,1889,0
jor,1890,0
jor,1891,0
jor,1892,0
jor,1893,0
jor,1894,0
jor,1895,0
jor,1896,0
jor,1897,0
jor,1898,0
jor,1899,0
jor,1900,0
jor,1901,0
jor,1902,0
jor,1903,0
jor,1904,0
jor,1905,0
jor,1906,0
jor,1907,0
jor,1908,0
jor,1909,0
jor,1910,0
jor,1911,0
jor,1912,0
jor,1913,0
jor,1914,0
jor,1915,0
jor,1916,0
jor,1917,0
jor,1918,0
jor,1919,0
jor,1920,0
jor,1921,0
jor,1922,0
jor,1923,0
jor,1924,0
jor,1925,0
jor,1926,0
jor,1927,0
jor,1928,0
jor,1929,0
jor,1930,0
jor,1931,0
jor,1932,0
jor,1933,0
jor,1934,0
jor,1935,0
jor,1936,0
jor,1937,0
jor,1938,0
jor,1939,0
jor,1940,0
jor,1941,0
jor,1942,0
jor,1943,0
jor,1944,0
jor,1945,0
jor,1946,0
jor,1947,0
jor,1948,0
jor,1949,0
jor,1950,0
jor,1951,0
jor,1952,0
jor,1953,0
jor,1954,0
jor,1955,0
jor,1956,0
jor,1957,0
jor,1958,0
jor,1959,0
jor,1960,0
jor,1961,3.01741864225079
jor,1962,3.01741864225079
jor,1963,3.01741864225079
jor,1964,3.01741864225079
jor,1965,3.01741864225079
jor,1966,3.77177330281349
jor,1967,3.77177330281349
jor,1968,3.77177330281349
jor,1969,3.77177330281349
jor,1970,3.77177330281349
jor,1971,3.77177330281349
jor,1972,3.77177330281349
jor,1973,3.77177330281349
jor,1974,3.61937842189174
jor,1975,4.80805849308144
jor,1976,5.22968433029831
jor,1977,5.43795733422471
jor,1978,5.63099085005893
jor,1979,4.51596830464808
jor,1980,4.72170139389245
jor,1981,3.87844971945872
jor,1982,3.82765142581814
jor,1983,3.73899769748966
jor,1984,3.65239731275812
jor,1985,4.24954721859941
jor,1986,4.94432834566648
jor,1987,5.75270294274272
jor,1988,6.69324301175225
jor,1989,7.78755699021221
jor,1990,9.06078619427359
jor,1991,10.5421824278813
jor,1992,12.2657800283343
jor,1993,14.2711777881576
jor,1994,16.6044487175482
jor,1995,19.3191985487332
jor,1996,22.477797300848
jor,1997,24.0833542509086
jor,1998,22.477797300848
jor,1999,25.6889112009691
jor,2000,30.5055820511509
jor,2001,26.4303126890963
jor,2002,27.7606696676355
jor,2003,31.3876781373403
jor,2004,43.3612095314558
jor,2005,43.3024608723026
jor,2006,39.884433375553
jor,2007,39.8012020460862
jor,2008,42.0157846648951
jor,2009,43.1204790246644
jor,2010,41.0825193041752
jor,2011,38.2682282405064
jor,2012,41.2109375735133
jor,2013,43.8565640403815
jor,2014,45.6205134400313
jor,2015,40.2020363719506
jor,2016,41.1353447919189
jor,2017,41.3478968031833
jor,2018,41.4575030479214
jor,2019,41.7873299253783
jor,2020,42.6471403405129
jor,2021,43.1201554304525
jor,2022,43.8147250170577
jpn,1888,0
jpn,1889,0
jpn,1890,0
jpn,1891,0
jpn,1892,0
jpn,1893,0
jpn,1894,0
jpn,1895,0
jpn,1896,0
jpn,1897,30.9125143354307
jpn,1898,39.292925665003
jpn,1899,49.9452742847855
jpn,1900,63.4854845029842
jpn,1901,80.6964582794654
jpn,1902,102.573343022111
jpn,1903,102.452620824362
jpn,1904,102.332040708841
jpn,1905,102.211602508325
jpn,1906,102.09130605579
jpn,1907,101.971151184408
jpn,1908,110.555794796792
jpn,1909,119.863153658497
jpn,1910,129.95407098622
jpn,1911,140.894512203538
jpn,1912,152.755996164044
jpn,1913,148.031099987385
jpn,1914,143.452349588574
jpn,1915,139.015224532115
jpn,1916,134.71534420412
jpn,1917,130.548463487479
jpn,1918,126.510468570813
jpn,1919,147.247875226226
jpn,1920,171.384526542181
jpn,1921,199.477621615664
jpn,1922,232.175694785658
jpn,1923,270.233587169309
jpn,1924,283.913084998804
jpn,1925,298.285052860716
jpn,1926,313.384544289303
jpn,1927,329.248387264222
jpn,1928,344.231047767393
jpn,1929,359.895503913114
jpn,1930,376.272781252428
jpn,1931,393.395317174115
jpn,1932,411.297025151282
jpn,1933,411.297025151282
jpn,1934,411.297025151282
jpn,1935,411.297025151282
jpn,1936,411.297025151282
jpn,1937,411.297025151282
jpn,1938,411.297025151282
jpn,1939,411.297025151282
jpn,1940,411.297025151282
jpn,1941,411.297025151282
jpn,1942,411.297025151282
jpn,1943,0
jpn,1944,0
jpn,1945,0
jpn,1946,0
jpn,1947,0
jpn,1948,0
jpn,1949,0
jpn,1950,0
jpn,1951,100.365306283866
jpn,1952,200.730612567732
jpn,1953,301.095918851597
jpn,1954,401.461225135463
jpn,1955,488.632324075019
jpn,1956,523.921288387158
jpn,1957,561.758817214715
jpn,1958,602.328967562927
jpn,1959,645.829089010546
jpn,1960,692.470783697808
jpn,1961,724.120526278105
jpn,1962,778.686147868393
jpn,1963,766.903116512961
jpn,1964,859.760249219085
jpn,1965,946.395993084259
jpn,1966,990.274737673697
jpn,1967,1086.17146853318
jpn,1968,1181.34570966871
jpn,1969,1294.05146846239
jpn,1970,1439.57844718943
jpn,1971,1476.5541856515
jpn,1972,1567.04053878558
jpn,1973,1638.03281414839
jpn,1974,1625.52764881283
jpn,1975,1658.08157831022
jpn,1976,1652.31216403374
jpn,1977,1730.23163170169
jpn,1978,1787.33659115426
jpn,1979,1924.61847682997
jpn,1980,1925.96809239045
jpn,1981,2002.23332015548
jpn,1982,2013.90058868648
jpn,1983,1996.5972502223
jpn,1984,2083.01651952666
jpn,1985,2105.28690311295
jpn,1986,2115.87199880215
jpn,1987,2284.21211478627
jpn,1988,2261.16703249098
jpn,1989,2383.26053379491
jpn,1990,2478.32336673745
jpn,1991,2568.99849798792
jpn,1992,2674.02687626431
jpn,1993,2819.36088756343
jpn,1994,2670.03765691436
jpn,1995,2809.71129729455
jpn,1996,2833.83640285488
jpn,1997,2798.7135394536
jpn,1998,3003.33906191456
jpn,1999,3033.64009986824
jpn,2000,2963.90755373495
jpn,2001,2974.14095850263
jpn,2002,3022.75103035568
jpn,2003,3064.4904796545
jpn,2004,3085.74219084089
jpn,2005,3116.1642431999
jpn,2006,3131.78707525203
jpn,2007,3193.23833168073
jpn,2008,3047.66156739419
jpn,2009,3098.96859017974
jpn,2010,2982.8506058145
jpn,2011,2989.52471253001
jpn,2012,2843.88378422974
jpn,2013,2959.0407382937
jpn,2014,2973.15335126175
jpn,2015,2784.17319956429
jpn,2016,2672.93903471087
jpn,2017,2720.77688680436
jpn,2018,2781.57380185562
jpn,2019,2782.88010001649
jpn,2020,2679.69906589473
jpn,2021,2545.19253542659
jpn,2022,2537.75576765829
kaz,1888,0
kaz,1889,0
kaz,1890,0
kaz,1891,0
kaz,1892,0
kaz,1893,0
kaz,1894,0
kaz,1895,0
kaz,1896,0
kaz,1897,0
kaz,1898,0
kaz,1899,0
kaz,1900,0
kaz,1901,0
kaz,1902,0
kaz,1903,0
kaz,1904,0
kaz,1905,0
kaz,1906,0
kaz,1907,0
kaz,1908,0
kaz,1909,0
kaz,1910,0
kaz,1911,0
kaz,1912,0
kaz,1913,0
kaz,1914,0
kaz,1915,0
kaz,1916,0
kaz,1917,0
kaz,1918,0
kaz,1919,0
kaz,1920,0
kaz,1921,0
kaz,1922,0
kaz,1923,0
kaz,1924,0
kaz,1925,0
kaz,1926,0
kaz,1927,0
kaz,1928,0
kaz,1929,0
kaz,1930,0
kaz,1931,0
kaz,1932,0
kaz,1933,0
kaz,1934,0
kaz,1935,0
kaz,1936,0
kaz,1937,0
kaz,1938,0
kaz,1939,0
kaz,1940,0
kaz,1941,0
kaz,1942,0
kaz,1943,0
kaz,1944,0
kaz,1945,0
kaz,1946,0
kaz,1947,0
kaz,1948,0
kaz,1949,0
kaz,1950,0
kaz,1951,0
kaz,1952,0
kaz,1953,0
kaz,1954,0
kaz,1955,0
kaz,1956,0
kaz,1957,0
kaz,1958,0
kaz,1959,0
kaz,1960,0
kaz,1961,0
kaz,1962,0
kaz,1963,0
kaz,1964,0
kaz,1965,0
kaz,1966,0
kaz,1967,0
kaz,1968,0
kaz,1969,0
kaz,1970,0
kaz,1971,0
kaz,1972,0
kaz,1973,0
kaz,1974,0
kaz,1975,0
kaz,1976,0
kaz,1977,0
kaz,1978,0
kaz,1979,0
kaz,1980,0
kaz,1981,0
kaz,1982,0
kaz,1983,0
kaz,1984,0
kaz,1985,0
kaz,1986,0
kaz,1987,0
kaz,1988,0
kaz,1989,0
kaz,1990,0
kaz,1991,0
kaz,1992,0
kaz,1993,0
kaz,1994,13.5903481206728
kaz,1995,11.853202523807
kaz,1996,11.3607636120513
kaz,1997,11.592172610862301
kaz,1998,11.4348172057532
kaz,1999,4.84310296357969
kaz,2000,5.35599508551665
kaz,2001,6.26140186170366
kaz,2002,7.3198635636844
kaz,2003,8.5572534353155
kaz,2004,10.0038184754581
kaz,2005,11.6949188015054
kaz,2006,13.6718919989739
kaz,2007,15.9830635854904
kaz,2008,18.6849282891498
kaz,2009,21.8435310166452
kaz,2010,25.5360812678211
kaz,2011,29.8528404597159
kaz,2012,34.8993282942075
kaz,2013,40.798902102144
kaz,2014,43.2383461709371
kaz,2015,44.2222858628713
kaz,2016,40.2664765651775
kaz,2017,29.1940589311452
kaz,2018,32.0527805740392
kaz,2019,33.0424784802258
kaz,2020,36.0528905511144
kaz,2021,35.5143070895887
kaz,2022,37.0061270775933
ken,1888,0
ken,1889,0
ken,1890,0
ken,1891,0
ken,1892,0
ken,1893,0
ken,1894,0
ken,1895,0
ken,1896,0
ken,1897,0
ken,1898,0
ken,1899,0
ken,1900,0
ken,1901,0
ken,1902,0
ken,1903,0
ken,1904,0
ken,1905,0
ken,1906,0
ken,1907,0
ken,1908,0
ken,1909,0
ken,1910,0
ken,1911,0
ken,1912,0
ken,1913,0
ken,1914,0
ken,1915,0
ken,1916,0
ken,1917,0
ken,1918,0
ken,1919,0
ken,1920,0
ken,1921,0
ken,1922,0
ken,1923,0
ken,1924,0
ken,1925,0
ken,1926,0
ken,1927,0
ken,1928,0
ken,1929,0
ken,1930,0
ken,1931,0
ken,1932,0
ken,1933,0
ken,1934,0
ken,1935,0
ken,1936,0
ken,1937,0
ken,1938,0
ken,1939,0
ken,1940,0
ken,1941,0
ken,1942,0
ken,1943,0
ken,1944,0
ken,1945,0
ken,1946,0
ken,1947,0
ken,1948,0
ken,1949,0
ken,1950,0
ken,1951,0
ken,1952,0
ken,1953,0
ken,1954,0
ken,1955,0
ken,1956,0
ken,1957,0
ken,1958,0
ken,1959,0
ken,1960,87.0772814268293
ken,1961,87.0772814268293
ken,1962,91.0604713257583
ken,1963,94.7750003224133
ken,1964,100.899690167003
ken,1965,99.988579281031
ken,1966,123.136246875491
ken,1967,138.352577398476
ken,1968,139.94896826706
ken,1969,159.304234139568
ken,1970,162.48533496794
ken,1971,193.470892363518
ken,1972,230.098328706846
ken,1973,232.987406815356
ken,1974,199.245154944272
ken,1975,206.537935668313
ken,1976,206.561297485902
ken,1977,218.327866278242
ken,1978,256.528331672564
ken,1979,258.642576164371
ken,1980,224.557684301982
ken,1981,242.483985665295
ken,1982,253.890373890388
ken,1983,262.464912616018
ken,1984,261.129261538888
ken,1985,249.559111786614
ken,1986,255.044650890793
ken,1987,306.54098492807
ken,1988,324.642487327252
ken,1989,337.305500762241
ken,1990,349.103253544039
ken,1991,380.772656222212
ken,1992,364.794928119457
ken,1993,423.650729712679
ken,1994,610.646814120439
ken,1995,490.868468260241
ken,1996,457.534622250627
ken,1997,338.163312729818
ken,1998,323.345434401348
ken,1999,380.87272113268
ken,2000,375.853293080414
ken,2001,401.020171779775
ken,2002,329.121216008323
ken,2003,308.740195538982
ken,2004,295.98247993066
ken,2005,331.374656242264
ken,2006,363.96749896724
ken,2007,352.793629905472
ken,2008,344.468057390467
ken,2009,300.344394343031
ken,2010,303.924692091123
ken,2011,320.932846241502
ken,2012,328.968743572726
ken,2013,331.963743863355
ken,2014,346.794448645277
ken,2015,317.909619222428
ken,2016,292.679310992605
ken,2017,305.013430401845
ken,2018,306.393944318581
ken,2019,312.125636128205
ken,2020,318.931082103841
ken,2021,319.980452467106
ken,2022,321.707421938697
kgz,1888,0
kgz,1889,0
kgz,1890,0
kgz,1891,0
kgz,1892,0
kgz,1893,0
kgz,1894,0
kgz,1895,0
kgz,1896,0
kgz,1897,0
kgz,1898,0
kgz,1899,0
kgz,1900,0
kgz,1901,0
kgz,1902,0
kgz,1903,0
kgz,1904,0
kgz,1905,0
kgz,1906,0
kgz,1907,0
kgz,1908,0
kgz,1909,0
kgz,1910,0
kgz,1911,0
kgz,1912,0
kgz,1913,0
kgz,1914,0
kgz,1915,0
kgz,1916,0
kgz,1917,0
kgz,1918,0
kgz,1919,0
kgz,1920,0
kgz,1921,0
kgz,1922,0
kgz,1923,0
kgz,1924,0
kgz,1925,0
kgz,1926,0
kgz,1927,0
kgz,1928,0
kgz,1929,0
kgz,1930,0
kgz,1931,0
kgz,1932,0
kgz,1933,0
kgz,1934,0
kgz,1935,0
kgz,1936,0
kgz,1937,0
kgz,1938,0
kgz,1939,0
kgz,1940,0
kgz,1941,0
kgz,1942,0
kgz,1943,0
kgz,1944,0
kgz,1945,0
kgz,1946,0
kgz,1947,0
kgz,1948,0
kgz,1949,0
kgz,1950,0
kgz,1951,0
kgz,1952,0
kgz,1953,0
kgz,1954,0
kgz,1955,0
kgz,1956,0
kgz,1957,0
kgz,1958,0
kgz,1959,0
kgz,1960,0
kgz,1961,0
kgz,1962,0
kgz,1963,0
kgz,1964,0
kgz,1965,0
kgz,1966,0
kgz,1967,0
kgz,1968,0
kgz,1969,0
kgz,1970,0
kgz,1971,0
kgz,1972,0
kgz,1973,0
kgz,1974,0
kgz,1975,0
kgz,1976,0
kgz,1977,0
kgz,1978,0
kgz,1979,0
kgz,1980,0
kgz,1981,0
kgz,1982,0
kgz,1983,0
kgz,1984,0
kgz,1985,0
kgz,1986,0
kgz,1987,0
kgz,1988,0
kgz,1989,0
kgz,1990,0
kgz,1991,0
kgz,1992,0
kgz,1993,0
kgz,1994,0
kgz,1995,0
kgz,1996,0.159387412029934
kgz,1997,0.195707116701575
kgz,1998,0.145223075044915
kgz,1999,0.0823271554427198
kgz,2000,0.0635179050043427
kgz,2001,0.0888063009611793
kgz,2002,0.124162770952039
kgz,2003,0.173595719263519
kgz,2004,0.242709416965726
kgz,2005,0.339339364667286
kgz,2006,0.474440612368402
kgz,2007,0.663329746270975
kgz,2008,0.927421348040609
kgz,2009,1.10555208075908
kgz,2010,0.965821776166853
kgz,2011,1.13515505249821
kgz,2012,1.13776200269748
kgz,2013,1.20580822058248
kgz,2014,0.979127675073486
kgz,2015,0.97851183143646
kgz,2016,0.916617182852294
kgz,2017,1.08953044836385
kgz,2018,1.17277606641559
kgz,2019,1.03933859129959
kgz,2020,0.870427777657624
kgz,2021,0.861272180032267
kgz,2022,1.11708817142305
khm,1888,0
khm,1889,0
khm,1890,0
khm,1891,0
khm,1892,0
khm,1893,0
khm,1894,0
khm,1895,0
khm,1896,0
khm,1897,0
khm,1898,0
khm,1899,0
khm,1900,0
khm,1901,0
khm,1902,0
khm,1903,0
khm,1904,0
khm,1905,0
khm,1906,0
khm,1907,0
khm,1908,0
khm,1909,0
khm,1910,0
khm,1911,0
khm,1912,0
khm,1913,0
khm,1914,0
khm,1915,0
khm,1916,0
khm,1917,0
khm,1918,0
khm,1919,0
khm,1920,0
khm,1921,0
khm,1922,0
khm,1923,0
khm,1924,0
khm,1925,0
khm,1926,0
khm,1927,0
khm,1928,0
khm,1929,0
khm,1930,0
khm,1931,0
khm,1932,0
khm,1933,0
khm,1934,0
khm,1935,0
khm,1936,0
khm,1937,0
khm,1938,0
khm,1939,0
khm,1940,0
khm,1941,0
khm,1942,0
khm,1943,0
khm,1944,0
khm,1945,0
khm,1946,0
khm,1947,0
khm,1948,0
khm,1949,0
khm,1950,0
khm,1951,0
khm,1952,0
khm,1953,0
khm,1954,0
khm,1955,0
khm,1956,0
khm,1957,0
khm,1958,0
khm,1959,0
khm,1960,0
khm,1961,0
khm,1962,0
khm,1963,0
khm,1964,0
khm,1965,0
khm,1966,0
khm,1967,0
khm,1968,0
khm,1969,0
khm,1970,0
khm,1971,0
khm,1972,0
khm,1973,0
khm,1974,0
khm,1975,0
khm,1976,0
khm,1977,0
khm,1978,0
khm,1979,0
khm,1980,0
khm,1981,0
khm,1982,0
khm,1983,0
khm,1984,0
khm,1985,0
khm,1986,0
khm,1987,0
khm,1988,0
khm,1989,0
khm,1990,0
khm,1991,0
khm,1992,0
khm,1993,0
khm,1994,0
khm,1995,0
khm,1996,0
khm,1997,0
khm,1998,0
khm,1999,0
khm,2000,14.5837952973144
khm,2001,13.5472099840839
khm,2002,12.9211126250344
khm,2003,19.0988852441257
khm,2004,18.8112610444225
khm,2005,17.8617235932359
khm,2006,17.0337297926542
khm,2007,16.8856772368001
khm,2008,16.7384585362395
khm,2009,18.9831460541719
khm,2010,23.3660524926077
khm,2011,25.4500603060452
khm,2012,27.7989732837828
khm,2013,28.6014749219498
khm,2014,33.167769814884
khm,2015,31.1060568310961
khm,2016,33.8447365146357
khm,2017,31.683449373283
khm,2018,31.7750651011473
khm,2019,31.9599783080276
khm,2020,32.9838308544549
khm,2021,33.3857186053308
khm,2022,33.9025281199672
kor,1888,0
kor,1889,0
kor,1890,0
kor,1891,0
kor,1892,0
kor,1893,0
kor,1894,0
kor,1895,0
kor,1896,0
kor,1897,0
kor,1898,0
kor,1899,0
kor,1900,0
kor,1901,0
kor,1902,0
kor,1903,0
kor,1904,0
kor,1905,0
kor,1906,0
kor,1907,0
kor,1908,0
kor,1909,0
kor,1910,0
kor,1911,0
kor,1912,0
kor,1913,0
kor,1914,0
kor,1915,0
kor,1916,0
kor,1917,0
kor,1918,0
kor,1919,0
kor,1920,0
kor,1921,0
kor,1922,0
kor,1923,0
kor,1924,0
kor,1925,0
kor,1926,0
kor,1927,0
kor,1928,0
kor,1929,0
kor,1930,0
kor,1931,0
kor,1932,0
kor,1933,0
kor,1934,0
kor,1935,0
kor,1936,0
kor,1937,0
kor,1938,0
kor,1939,0
kor,1940,0
kor,1941,0
kor,1942,0
kor,1943,0
kor,1944,0
kor,1945,0
kor,1946,0
kor,1947,0
kor,1948,0
kor,1949,0
kor,1950,0
kor,1951,0
kor,1952,0
kor,1953,0
kor,1954,0
kor,1955,0
kor,1956,0
kor,1957,0
kor,1958,0
kor,1959,0
kor,1960,54.1048591186181
kor,1961,54.1048591186181
kor,1962,54.1048591186181
kor,1963,54.1048591186181
kor,1964,54.1048591186181
kor,1965,54.1048591186181
kor,1966,149.548262282922
kor,1967,149.548262282922
kor,1968,149.548262282922
kor,1969,149.548262282922
kor,1970,149.548262282922
kor,1971,156.235379702077
kor,1972,156.235379702077
kor,1973,156.235379702077
kor,1974,156.235379702077
kor,1975,156.235379702077
kor,1976,170.217534305765
kor,1977,170.217534305765
kor,1978,170.217534305765
kor,1979,209.279406720155
kor,1980,169.946271302887
kor,1981,135.631501438856
kor,1982,172.930164334542
kor,1983,142.27744500936
kor,1984,170.488797308642
kor,1985,167.911798781304
kor,1986,201.005885132385
kor,1987,212.534562754688
kor,1988,225.690818394257
kor,1989,245.030379481105
kor,1990,281.167862661673
kor,1991,285.29406228338
kor,1992,337.451009945288
kor,1993,511.84998832706
kor,1994,471.46907499554
kor,1995,502.514712830963
kor,1996,529.641013118734
kor,1997,566.125887005786
kor,1998,527.335277594273
kor,1999,570.151459469615
kor,2000,602.704564551042
kor,2001,621.990213904416
kor,2002,644.667549971756
kor,2003,665.479274974528
kor,2004,651.764130659678
kor,2005,624.924645703122
kor,2006,668.25693434595
kor,2007,812.954183541369
kor,2008,814.344522450637
kor,2009,968.739980606288
kor,2010,1017.79529665739
kor,2011,1058.42639649528
kor,2012,1035.49504407484
kor,2013,1101.19208658606
kor,2014,1198.64099158843
kor,2015,1123.86609172327
kor,2016,1124.66337080798
kor,2017,1190.02109212414
kor,2018,1240.37749082011
kor,2019,1298.27421450011
kor,2020,1337.63684135939
kor,2021,1474.95632090197
kor,2022,1472.93699042932
kwt,1888,0
kwt,1889,0
kwt,1890,0
kwt,1891,0
kwt,1892,0
kwt,1893,0
kwt,1894,0
kwt,1895,0
kwt,1896,0
kwt,1897,0
kwt,1898,0
kwt,1899,0
kwt,1900,0
kwt,1901,0
kwt,1902,0
kwt,1903,0
kwt,1904,0
kwt,1905,0
kwt,1906,0
kwt,1907,0
kwt,1908,0
kwt,1909,0
kwt,1910,0
kwt,1911,0
kwt,1912,0
kwt,1913,0
kwt,1914,0
kwt,1915,0
kwt,1916,0
kwt,1917,0
kwt,1918,0
kwt,1919,0
kwt,1920,0
kwt,1921,0
kwt,1922,0
kwt,1923,0
kwt,1924,0
kwt,1925,0
kwt,1926,0
kwt,1927,0
kwt,1928,0
kwt,1929,0
kwt,1930,0
kwt,1931,0
kwt,1932,0
kwt,1933,0
kwt,1934,0
kwt,1935,0
kwt,1936,0
kwt,1937,0
kwt,1938,0
kwt,1939,0
kwt,1940,0
kwt,1941,0
kwt,1942,0
kwt,1943,0
kwt,1944,0
kwt,1945,0
kwt,1946,0
kwt,1947,0
kwt,1948,0
kwt,1949,0
kwt,1950,0
kwt,1951,0
kwt,1952,0
kwt,1953,0
kwt,1954,0
kwt,1955,0
kwt,1956,0
kwt,1957,0
kwt,1958,0
kwt,1959,0
kwt,1960,0
kwt,1961,0.761974404608787
kwt,1962,0.761974404608787
kwt,1963,0.761974404608787
kwt,1964,0.761974404608787
kwt,1965,0.761974404608787
kwt,1966,1.26995734101464
kwt,1967,1.26995734101464
kwt,1968,1.26995734101464
kwt,1969,1.26995734101464
kwt,1970,1.26995734101464
kwt,1971,1.52394880921757
kwt,1972,1.52394880921757
kwt,1973,1.52394880921757
kwt,1974,1.52394880921757
kwt,1975,1.52394880921757
kwt,1976,2.03193174562343
kwt,1977,2.03193174562343
kwt,1978,2.03193174562343
kwt,1979,2.03193174562343
kwt,1980,2.03193174562343
kwt,1981,3.04789761843515
kwt,1982,3.08763079828935
kwt,1983,3.12788195012916
kwt,1984,3.16865782637104
kwt,1985,3.20996526745768
kwt,1986,3.25181120300559
kwt,1987,3.29420265296751
kwt,1988,3.33714672881011
kwt,1989,3.38065063470698
kwt,1990,3.42472166874717
kwt,1991,3.46936722415949
kwt,1992,3.51459479055281
kwt,1993,3.5604119551724702
kwt,1994,3.60682640417308
kwt,1995,3.65384592390796
kwt,1996,3.70147840223535
kwt,1997,3.74973182984162
kwt,1998,3.79861430158181
kwt,1999,3.84813401783757
kwt,2000,3.89829928589284
kwt,2001,3.94911852132747
kwt,2002,4.00060024942897
kwt,2003,4.0527531066227
kwt,2004,4.10558584192069
kwt,2005,4.15910731838933
kwt,2006,4.21332651463627
kwt,2007,4.26825252631658
kwt,2008,4.32389456765863
kwt,2009,4.38026197300987
kwt,2010,4.4373641984027
kwt,2011,4.4952108231408
kwt,2012,4.55381155140612
kwt,2013,4.61317621388684
kwt,2014,4.67331476942652
kwt,2015,4.73423730669478
kwt,2016,11.9178537641753
kwt,2017,11.0894699722631
kwt,2018,10.4882504614098
kwt,2019,9.71513673083494
kwt,2020,10.240111306638
kwt,2021,9.8995478796534
kwt,2022,10.2520408879691
lao,1888,0
lao,1889,0
lao,1890,0
lao,1891,0
lao,1892,0
lao,1893,0
lao,1894,0
lao,1895,0
lao,1896,0
lao,1897,0
lao,1898,0
lao,1899,0
lao,1900,0
lao,1901,0
lao,1902,0
lao,1903,0
lao,1904,0
lao,1905,0
lao,1906,0
lao,1907,0
lao,1908,0
lao,1909,0
lao,1910,0
lao,1911,0
lao,1912,0
lao,1913,0
lao,1914,0
lao,1915,0
lao,1916,0
lao,1917,0
lao,1918,0
lao,1919,0
lao,1920,0
lao,1921,0
lao,1922,0
lao,1923,0
lao,1924,0
lao,1925,0
lao,1926,0
lao,1927,0
lao,1928,0
lao,1929,0
lao,1930,0
lao,1931,0
lao,1932,0
lao,1933,0
lao,1934,0
lao,1935,0
lao,1936,0
lao,1937,0
lao,1938,0
lao,1939,0
lao,1940,0
lao,1941,0
lao,1942,0
lao,1943,0
lao,1944,0
lao,1945,0
lao,1946,0
lao,1947,0
lao,1948,0
lao,1949,0
lao,1950,0
lao,1951,0
lao,1952,0
lao,1953,0
lao,1954,0
lao,1955,0
lao,1956,0
lao,1957,0
lao,1958,0
lao,1959,0
lao,1960,0
lao,1961,3.80987202304393
lao,1962,3.80987202304393
lao,1963,3.80987202304393
lao,1964,3.80987202304393
lao,1965,3.80987202304393
lao,1966,3.80987202304393
lao,1967,3.80987202304393
lao,1968,3.80987202304393
lao,1969,3.80987202304393
lao,1970,3.80987202304393
lao,1971,3.80987202304393
lao,1972,3.80987202304393
lao,1973,3.80987202304393
lao,1974,3.80987202304393
lao,1975,3.80987202304393
lao,1976,3.80987202304393
lao,1977,3.80987202304393
lao,1978,3.80987202304393
lao,1979,3.80987202304393
lao,1980,3.80987202304393
lao,1981,3.80987202304393
lao,1982,4.34534413606533
lao,1983,4.9560760956352
lao,1984,5.65264556651845
lao,1985,6.44711688927075
lao,1986,7.35325003041378
lao,1987,8.38673890026155
lao,1988,9.56548316597938
lao,1989,10.9098982675831
lao,1990,12.4432690062473
lao,1991,14.19215282895
lao,1992,16.186839794201
lao,1993,18.4618771853034
lao,1994,21.0566678572634
lao,1995,24.0161526805122
lao,1996,27.3915889011241
lao,1997,31.2414378984612
lao,1998,35.6323777158963
lao,1999,40.6404579012941
lao,2000,46.3524166586846
lao,2001,27.3135831334395
lao,2002,27.2529896277319
lao,2003,23.191326340488
lao,2004,30.867412299454
lao,2005,27.5141295933552
lao,2006,23.8704035590107
lao,2007,21.7271363638186
lao,2008,21.5628542996149
lao,2009,30.1545005503619
lao,2010,23.3984659291081
lao,2011,20.0890506450149
lao,2012,18.0612343335285
lao,2013,19.2131635298552
lao,2014,21.244126334123
lao,2015,30.2148833793556
lao,2016,23.7354860812688
lao,2017,22.3072562052748
lao,2018,22.6457145352608
lao,2019,23.5357051120304
lao,2020,24.0250221909731
lao,2021,24.0021566529061
lao,2022,25.6090480525468
lka,1888,0
lka,1889,0
lka,1890,0
lka,1891,0
lka,1892,0
lka,1893,0
lka,1894,0
lka,1895,0
lka,1896,0
lka,1897,0
lka,1898,0
lka,1899,0
lka,1900,0
lka,1901,0
lka,1902,0
lka,1903,0
lka,1904,0
lka,1905,0
lka,1906,0
lka,1907,0
lka,1908,0
lka,1909,0
lka,1910,0
lka,1911,0
lka,1912,0
lka,1913,0
lka,1914,0
lka,1915,0
lka,1916,0
lka,1917,0
lka,1918,0
lka,1919,0
lka,1920,0
lka,1921,0
lka,1922,0
lka,1923,0
lka,1924,0
lka,1925,0
lka,1926,0
lka,1927,0
lka,1928,0
lka,1929,0
lka,1930,0
lka,1931,0
lka,1932,0
lka,1933,0
lka,1934,0
lka,1935,0
lka,1936,0
lka,1937,0
lka,1938,0
lka,1939,0
lka,1940,0
lka,1941,0
lka,1942,0
lka,1943,0
lka,1944,0
lka,1945,0
lka,1946,0
lka,1947,0
lka,1948,0
lka,1949,0
lka,1950,0
lka,1951,0
lka,1952,0
lka,1953,0
lka,1954,0
lka,1955,0
lka,1956,0
lka,1957,0
lka,1958,0
lka,1959,0
lka,1960,45.2265344784388
lka,1961,45.2265344784388
lka,1962,45.2265344784388
lka,1963,45.2265344784388
lka,1964,45.2265344784388
lka,1965,45.2265344784388
lka,1966,45.2265344784388
lka,1967,45.2265344784388
lka,1968,45.2265344784388
lka,1969,45.2265344784388
lka,1970,58.7565564486773
lka,1971,55.8492790005269
lka,1972,53.6743959124877
lka,1973,51.5842071397788
lka,1974,46.1769905672572
lka,1975,48.6809232046066
lka,1976,52.4468059430761
lka,1977,68.5646243232067
lka,1978,75.3376223342824
lka,1979,80.0020454928535
lka,1980,77.8535355105664
lka,1981,81.7390886931205
lka,1982,84.7664623484213
lka,1983,88.3993107347822
lka,1984,80.5281392310003
lka,1985,78.1062403067596
lka,1986,74.4733919203987
lka,1987,72.0514929961581
lka,1988,69.6295940719175
lka,1989,64.7857962234363
lka,1990,72.6569677272183
lka,1991,78.7117150378198
lka,1992,84.1609876173612
lka,1993,83.555512886301
lka,1994,85.9774118105416
lka,1995,81.1336139620604
lka,1996,85.3719370794814
lka,1997,90.2157349279626
lka,1998,95.665007507504
lka,1999,107.169027397647
lka,2000,116.251148363549
lka,2001,94.4679000824459
lka,2002,86.8897761727964
lka,2003,82.7040422299861
lka,2004,86.1747633666917
lka,2005,79.24211186044
lka,2006,102.389011934183
lka,2007,94.9535972364173
lka,2008,90.1755687405728
lka,2009,88.1409496241232
lka,2010,76.1189664326904
lka,2011,83.3617466574135
lka,2012,84.3776723965358
lka,2013,85.7479213450913
lka,2014,97.1703973256901
lka,2015,102.197773472733
lka,2016,117.62095461179
lka,2017,120.903800593665
lka,2018,123.643561114149
lka,2019,120.715260697565
lka,2020,125.810337719168
lka,2021,133.324550216322
lka,2022,127.598041099782
ltu,1888,0
ltu,1889,0
ltu,1890,0
ltu,1891,0
ltu,1892,0
ltu,1893,0
ltu,1894,0
ltu,1895,0
ltu,1896,0
ltu,1897,0
ltu,1898,0
ltu,1899,0
ltu,1900,0
ltu,1901,0
ltu,1902,0
ltu,1903,0
ltu,1904,0
ltu,1905,0
ltu,1906,0
ltu,1907,0
ltu,1908,0
ltu,1909,0
ltu,1910,0
ltu,1911,0
ltu,1912,0
ltu,1913,0
ltu,1914,0
ltu,1915,0
ltu,1916,0
ltu,1917,0
ltu,1918,0
ltu,1919,0
ltu,1920,0
ltu,1921,0
ltu,1922,0
ltu,1923,0
ltu,1924,0
ltu,1925,0
ltu,1926,0
ltu,1927,0
ltu,1928,0
ltu,1929,0
ltu,1930,0
ltu,1931,0
ltu,1932,0
ltu,1933,0
ltu,1934,0
ltu,1935,0
ltu,1936,0
ltu,1937,0
ltu,1938,0
ltu,1939,0
ltu,1940,0
ltu,1941,0
ltu,1942,0
ltu,1943,0
ltu,1944,0
ltu,1945,0
ltu,1946,0
ltu,1947,0
ltu,1948,0
ltu,1949,0
ltu,1950,0
ltu,1951,0
ltu,1952,0
ltu,1953,0
ltu,1954,0
ltu,1955,0
ltu,1956,0
ltu,1957,0
ltu,1958,0
ltu,1959,0
ltu,1960,0
ltu,1961,0
ltu,1962,0
ltu,1963,0
ltu,1964,0
ltu,1965,0
ltu,1966,0
ltu,1967,0
ltu,1968,0
ltu,1969,0
ltu,1970,0
ltu,1971,0
ltu,1972,0
ltu,1973,0
ltu,1974,0
ltu,1975,0
ltu,1976,0
ltu,1977,0
ltu,1978,0
ltu,1979,0
ltu,1980,0
ltu,1981,0
ltu,1982,0
ltu,1983,0
ltu,1984,0
ltu,1985,0
ltu,1986,0
ltu,1987,0
ltu,1988,0
ltu,1989,0
ltu,1990,0
ltu,1991,0
ltu,1992,0
ltu,1993,0
ltu,1994,0
ltu,1995,0
ltu,1996,15.1150954797201
ltu,1997,17.9765906709628
ltu,1998,20.6810358424097
ltu,1999,18.7710692859079
ltu,2000,19.1096488771724
ltu,2001,16.3835726069495
ltu,2002,19.7282281162506
ltu,2003,24.519106720397
ltu,2004,24.5874922505366
ltu,2005,32.5302516530553
ltu,2006,34.299521672572
ltu,2007,40.5179070900578
ltu,2008,40.0683464198983
ltu,2009,33.7845060237134
ltu,2010,25.4541611825736
ltu,2011,24.2424477849842
ltu,2012,38.1127361278946
ltu,2013,32.6565190407382
ltu,2014,40.7693704195715
ltu,2015,43.6624395838392
ltu,2016,31.4296785951476
ltu,2017,29.5605780654954
ltu,2018,35.2248645345843
ltu,2019,42.1195049300334
ltu,2020,45.0600947877011
ltu,2021,50.5673046008646
ltu,2022,43.8152082804923
lux,1888,0
lux,1889,0
lux,1890,0
lux,1891,0
lux,1892,0
lux,1893,0
lux,1894,0
lux,1895,0
lux,1896,0
lux,1897,0
lux,1898,0
lux,1899,0
lux,1900,0
lux,1901,0
lux,1902,0
lux,1903,0
lux,1904,0
lux,1905,0
lux,1906,0
lux,1907,0
lux,1908,0
lux,1909,0
lux,1910,0
lux,1911,0
lux,1912,0
lux,1913,0
lux,1914,0
lux,1915,0
lux,1916,0
lux,1917,0
lux,1918,0
lux,1919,0
lux,1920,0
lux,1921,0
lux,1922,0
lux,1923,0
lux,1924,0
lux,1925,0
lux,1926,0
lux,1927,0
lux,1928,0
lux,1929,0
lux,1930,0
lux,1931,0
lux,1932,0
lux,1933,0
lux,1934,0
lux,1935,0
lux,1936,0
lux,1937,0
lux,1938,0
lux,1939,0
lux,1940,0
lux,1941,0
lux,1942,0
lux,1943,0
lux,1944,0
lux,1945,0
lux,1946,0
lux,1947,0
lux,1948,0
lux,1949,0
lux,1950,0
lux,1951,0
lux,1952,0
lux,1953,0
lux,1954,0
lux,1955,0
lux,1956,0
lux,1957,0
lux,1958,0
lux,1959,0
lux,1960,0
lux,1961,0
lux,1962,0
lux,1963,0
lux,1964,0
lux,1965,0
lux,1966,0
lux,1967,0
lux,1968,0
lux,1969,0
lux,1970,0
lux,1971,0
lux,1972,0
lux,1973,0
lux,1974,0
lux,1975,0
lux,1976,0
lux,1977,0
lux,1978,0
lux,1979,0
lux,1980,0
lux,1981,0
lux,1982,0
lux,1983,0
lux,1984,0
lux,1985,0
lux,1986,0
lux,1987,0.0969101655873405
lux,1988,0.108695472163499
lux,1989,0.120455372427463
lux,1990,0.135450704281217
lux,1991,0.153345749310979
lux,1992,0.170414643360985
lux,1993,0.185373778267972
lux,1994,0.206379174020085
lux,1995,0.232482242757697
lux,1996,0.260231760173447
lux,1997,0.305714872507248
lux,1998,0.353868075807238
lux,1999,0.387286341009611
lux,2000,0.373610691284196
lux,2001,0.376383183973715
lux,2002,0.592725944101201
lux,2003,0.71904906541427
lux,2004,0.711995833664057
lux,2005,2.36045151959784
lux,2006,0.864674357124547
lux,2007,1.01148415831503
lux,2008,1.22744661861134
lux,2009,3.088496220617
lux,2010,4.94954582262265
lux,2011,1.87242712611159
lux,2012,1.98579709892182
lux,2013,1.74167560992721
lux,2014,2.67775928132584
lux,2015,0
lux,2016,0
lux,2017,0
lux,2018,0
lux,2019,0
lux,2020,0
lux,2021,0.612191838237571
lux,2022,0.698925554934903
lva,1888,0
lva,1889,0
lva,1890,0
lva,1891,0
lva,1892,0
lva,1893,0
lva,1894,0
lva,1895,0
lva,1896,0
lva,1897,0
lva,1898,0
lva,1899,0
lva,1900,0
lva,1901,0
lva,1902,0
lva,1903,0
lva,1904,0
lva,1905,0
lva,1906,0
lva,1907,0
lva,1908,0
lva,1909,0
lva,1910,0
lva,1911,0
lva,1912,0
lva,1913,0
lva,1914,0
lva,1915,0
lva,1916,0
lva,1917,0
lva,1918,0
lva,1919,0
lva,1920,0
lva,1921,0
lva,1922,0
lva,1923,0
lva,1924,0
lva,1925,0
lva,1926,0
lva,1927,0
lva,1928,0
lva,1929,0
lva,1930,0
lva,1931,0
lva,1932,0
lva,1933,0
lva,1934,0
lva,1935,0
lva,1936,0
lva,1937,0
lva,1938,0
lva,1939,0
lva,1940,0
lva,1941,0
lva,1942,0
lva,1943,0
lva,1944,0
lva,1945,0
lva,1946,0
lva,1947,0
lva,1948,0
lva,1949,0
lva,1950,0
lva,1951,0
lva,1952,0
lva,1953,0
lva,1954,0
lva,1955,0
lva,1956,0
lva,1957,0
lva,1958,0
lva,1959,0
lva,1960,0
lva,1961,0
lva,1962,0
lva,1963,0
lva,1964,0
lva,1965,0
lva,1966,0
lva,1967,0
lva,1968,0
lva,1969,0
lva,1970,0
lva,1971,0
lva,1972,0
lva,1973,0
lva,1974,0
lva,1975,0
lva,1976,0
lva,1977,0
lva,1978,0
lva,1979,0
lva,1980,0
lva,1981,0
lva,1982,0
lva,1983,0
lva,1984,0
lva,1985,0
lva,1986,0
lva,1987,0
lva,1988,0
lva,1989,0
lva,1990,0
lva,1991,0
lva,1992,0
lva,1993,0
lva,1994,0
lva,1995,12.599080336236
lva,1996,12.2035571169953
lva,1997,11.077404116625
lva,1998,10.6516024749315
lva,1999,10.408870127578
lva,2000,12.2906151872674
lva,2001,10.1609200791249
lva,2002,11.0482888615726
lva,2003,11.7411086576905
lva,2004,9.12611143712145
lva,2005,22.9173575266931
lva,2006,24.9613935228392
lva,2007,34.1114622718546
lva,2008,31.1139568870933
lva,2009,14.7530691427958
lva,2010,25.8596029839365
lva,2011,26.6870492291183
lva,2012,33.810097914787
lva,2013,31.2474529031077
lva,2014,30.9055371560916
lva,2015,33.7456430027519
lva,2016,41.7231891101415
lva,2017,35.115700407737
lva,2018,39.3906019933536
lva,2019,34.9000470681198
lva,2020,43.2106944687051
lva,2021,39.8712972637111
lva,2022,38.6482671432087
mar,1888,0
mar,1889,0
mar,1890,0
mar,1891,0
mar,1892,0
mar,1893,0
mar,1894,0
mar,1895,0
mar,1896,0
mar,1897,0
mar,1898,0
mar,1899,0
mar,1900,0
mar,1901,0
mar,1902,0
mar,1903,0
mar,1904,0
mar,1905,0
mar,1906,0
mar,1907,0
mar,1908,0
mar,1909,0
mar,1910,0
mar,1911,0
mar,1912,0
mar,1913,0
mar,1914,0
mar,1915,0
mar,1916,0
mar,1917,0
mar,1918,0
mar,1919,0
mar,1920,0
mar,1921,0
mar,1922,0
mar,1923,0
mar,1924,0
mar,1925,0
mar,1926,0
mar,1927,0
mar,1928,0
mar,1929,0
mar,1930,0
mar,1931,0
mar,1932,0
mar,1933,0
mar,1934,0
mar,1935,0
mar,1936,0
mar,1937,0
mar,1938,0
mar,1939,0
mar,1940,0
mar,1941,0
mar,1942,0
mar,1943,0
mar,1944,0
mar,1945,0
mar,1946,0
mar,1947,0
mar,1948,0
mar,1949,0
mar,1950,0
mar,1951,0
mar,1952,0
mar,1953,0
mar,1954,0
mar,1955,0
mar,1956,0
mar,1957,0
mar,1958,0
mar,1959,0
mar,1960,21.250372661462
mar,1961,21.250372661462
mar,1962,21.250372661462
mar,1963,21.250372661462
mar,1964,21.250372661462
mar,1965,21.250372661462
mar,1966,27.2334872943008
mar,1967,27.2334872943008
mar,1968,27.2334872943008
mar,1969,27.2334872943008
mar,1970,27.2334872943008
mar,1971,36.105002094717
mar,1972,36.105002094717
mar,1973,36.105002094717
mar,1974,36.105002094717
mar,1975,36.105002094717
mar,1976,38.168145071558
mar,1977,38.168145071558
mar,1978,38.168145071558
mar,1979,38.168145071558
mar,1980,38.168145071558
mar,1981,51.9912030163925
mar,1982,60.0340410520775
mar,1983,63.6724677825065
mar,1984,66.4491618662549
mar,1985,68.7471155907363
mar,1986,69.1301078781499
mar,1987,58.0233315431563
mar,1988,46.2463187051889
mar,1989,62.7149870639726
mar,1990,62.9064832076794
mar,1991,60.6085294831979
mar,1992,64.8214446447472
mar,1993,59.5553006928106
mar,1994,53.6189202379002
mar,1995,47.2995474955763
mar,1996,40.3099382502785
mar,1997,50.4592338667382
mar,1998,45.4803341303618
mar,1999,47.491043639283
mar,2000,55.1508893875545
mar,2001,57.2573469683292
mar,2002,67.5981387284956
mar,2003,75.0715939893216
mar,2004,83.3712929099013
mar,2005,92.5885826063218
mar,2006,102.824909268375
mar,2007,114.192934684018
mar,2008,126.817776203562
mar,2009,140.838383790724
mar,2010,139.852288589245
mar,2011,133.042999509468
mar,2012,145.914379131591
mar,2013,136.393598911964
mar,2014,119.552091105362
mar,2015,132.874057059919
mar,2016,130.704637920306
mar,2017,160.147233000722
mar,2018,163.989735931643
mar,2019,162.784448490083
mar,2020,154.961765012209
mar,2021,172.583634381051
mar,2022,160.173091539868
mdg,1888,0
mdg,1889,0
mdg,1890,0
mdg,1891,0
mdg,1892,0
mdg,1893,0
mdg,1894,0
mdg,1895,0
mdg,1896,0
mdg,1897,0
mdg,1898,0
mdg,1899,0
mdg,1900,0
mdg,1901,0
mdg,1902,0
mdg,1903,0
mdg,1904,0
mdg,1905,0
mdg,1906,0
mdg,1907,0
mdg,1908,0
mdg,1909,0
mdg,1910,0
mdg,1911,0
mdg,1912,0
mdg,1913,0
mdg,1914,0
mdg,1915,0
mdg,1916,0
mdg,1917,0
mdg,1918,0
mdg,1919,0
mdg,1920,0
mdg,1921,0
mdg,1922,0
mdg,1923,0
mdg,1924,0
mdg,1925,0
mdg,1926,0
mdg,1927,0
mdg,1928,0
mdg,1929,0
mdg,1930,0
mdg,1931,0
mdg,1932,0
mdg,1933,0
mdg,1934,0
mdg,1935,0
mdg,1936,0
mdg,1937,0
mdg,1938,0
mdg,1939,0
mdg,1940,0
mdg,1941,0
mdg,1942,0
mdg,1943,0
mdg,1944,0
mdg,1945,0
mdg,1946,0
mdg,1947,0
mdg,1948,0
mdg,1949,0
mdg,1950,0
mdg,1951,0
mdg,1952,0
mdg,1953,0
mdg,1954,0
mdg,1955,0
mdg,1956,0
mdg,1957,0
mdg,1958,0
mdg,1959,0
mdg,1960,29.5094708213952
mdg,1961,29.5094708213952
mdg,1962,32.0871997038543
mdg,1963,37.6764019960193
mdg,1964,37.4867418415197
mdg,1965,44.6394034942549
mdg,1966,42.3799738276081
mdg,1967,44.2386433417037
mdg,1968,46.4436487901028
mdg,1969,48.066480025125
mdg,1970,45.7130448905958
mdg,1971,48.2990198667288
mdg,1972,49.7701229781514
mdg,1973,47.649227685226
mdg,1974,29.1136583250483
mdg,1975,26.5491231924674
mdg,1976,29.1367473873352
mdg,1977,27.1626325618051
mdg,1978,30.7348403413357
mdg,1979,29.943215348642
mdg,1980,26.4072903812764
mdg,1981,18.8901513881552
mdg,1982,17.5351213198802
mdg,1983,23.756083621045
mdg,1984,31.9816805969603
mdg,1985,19.0241647089271
mdg,1986,19.6364802300971
mdg,1987,24.7046840027142
mdg,1988,18.7862976960632
mdg,1989,29.8661026125409
mdg,1990,30.0029301800845
mdg,1991,24.9234395534909
mdg,1992,28.7447626208714
mdg,1993,26.9388646872353
mdg,1994,24.2720763672916
mdg,1995,20.3129404281023
mdg,1996,17.6390261905274
mdg,1997,39.7069323115335
mdg,1998,17.6410934468918
mdg,1999,14.2295397716651
mdg,2000,12.7472782417671
mdg,2001,13.1816802353701
mdg,2002,10.3071035033856
mdg,2003,13.5360855389095
mdg,2004,14.3772798828196
mdg,2005,14.2554218394497
mdg,2006,13.2711891141033
mdg,2007,12.6660000509493
mdg,2008,14.1653248259342
mdg,2009,11.5096497801746
mdg,2010,8.54489098588035
mdg,2011,8.14910103593732
mdg,2012,9.02914920264938
mdg,2013,9.79525677905141
mdg,2014,10.0046591328836
mdg,2015,10.0302141339649
mdg,2016,10.0222595515569
mdg,2017,9.63659604451033
mdg,2018,9.64677347902629
mdg,2019,9.73783755555973
mdg,2020,9.75345679863471
mdg,2021,9.66620136392394
mdg,2022,9.62605082877935
mex,1888,0
mex,1889,0
mex,1890,0
mex,1891,0
mex,1892,0
mex,1893,0
mex,1894,0
mex,1895,0
mex,1896,0
mex,1897,0
mex,1898,0
mex,1899,0
mex,1900,0
mex,1901,0
mex,1902,0
mex,1903,0
mex,1904,0
mex,1905,0
mex,1906,0
mex,1907,0
mex,1908,0
mex,1909,0
mex,1910,0
mex,1911,0
mex,1912,0
mex,1913,0
mex,1914,0
mex,1915,0
mex,1916,0
mex,1917,0
mex,1918,0
mex,1919,0
mex,1920,0
mex,1921,0
mex,1922,0
mex,1923,0
mex,1924,0
mex,1925,0
mex,1926,0
mex,1927,0
mex,1928,0
mex,1929,0
mex,1930,0
mex,1931,0
mex,1932,0
mex,1933,0
mex,1934,0
mex,1935,0
mex,1936,0
mex,1937,0
mex,1938,0
mex,1939,0
mex,1940,0
mex,1941,0
mex,1942,0
mex,1943,0
mex,1944,0
mex,1945,0
mex,1946,0
mex,1947,0.50135995030115
mex,1948,1.09444841169712
mex,1949,1.84492547265657
mex,1950,2.81927363492021
mex,1951,3.40741562891502
mex,1952,3.90920390917331
mex,1953,4.89320199959068
mex,1954,8.69447412254519
mex,1955,10.6891977813009
mex,1956,13.3668682809738
mex,1957,20.6245178563709
mex,1958,20.9778882258888
mex,1959,21.3224036234582
mex,1960,30.6059719184529
mex,1961,30.6059719184529
mex,1962,30.6059719184529
mex,1963,30.6059719184529
mex,1964,30.6059719184529
mex,1965,26.3947933756484
mex,1966,26.3947933756484
mex,1967,26.3947933756484
mex,1968,26.3947933756484
mex,1969,26.3947933756484
mex,1970,46.2315270422971
mex,1971,48.0805849308144
mex,1972,63.8356757034421
mex,1973,91.4343886383724
mex,1974,111.685128398192
mex,1975,160.974712717652
mex,1976,147.06613991886
mex,1977,167.944238605141
mex,1978,169.181177055289
mex,1979,226.387675438635
mex,1980,320.732806302612
mex,1981,371.330446683318
mex,1982,276.970076331248
mex,1983,295.006154601642
mex,1984,314.216728412076
mex,1985,334.678280008464
mex,1986,356.472272101727
mex,1987,379.685472191842
mex,1988,404.41029801163
mex,1989,430.745185465565
mex,1990,458.794980528483
mex,1991,488.671356664435
mex,1992,556.213871003091
mex,1993,458.422804068755
mex,1994,467.173211877379
mex,1995,347.175214943971
mex,1996,481.774753031257
mex,1997,487.139864612963
mex,1998,510.832452800359
mex,1999,541.039919254632
mex,2000,564.355770783621
mex,2001,577.14232372857
mex,2002,595.100528641332
mex,2003,624.38855849948
mex,2004,641.061267334428
mex,2005,627.026901314547
mex,2006,683.15834453836
mex,2007,769.769964374954
mex,2008,765.199040977625
mex,2009,805.896541570868
mex,2010,759.463348202617
mex,2011,777.655494043627
mex,2012,755.548735763831
mex,2013,782.582750855746
mex,2014,774.310417564256
mex,2015,686.807480035361
mex,2016,624.788684423676
mex,2017,596.350790635981
mex,2018,584.060434216924
mex,2019,536.469270202478
mex,2020,632.216896890619
mex,2021,490.312221551588
mex,2022,508.188663304649
mlt,1888,0
mlt,1889,0
mlt,1890,0
mlt,1891,0
mlt,1892,0
mlt,1893,0
mlt,1894,0
mlt,1895,0
mlt,1896,0
mlt,1897,0
mlt,1898,0
mlt,1899,0
mlt,1900,0
mlt,1901,0
mlt,1902,0
mlt,1903,0
mlt,1904,0
mlt,1905,0
mlt,1906,0
mlt,1907,0
mlt,1908,0
mlt,1909,0
mlt,1910,0
mlt,1911,0
mlt,1912,0
mlt,1913,0
mlt,1914,0
mlt,1915,0
mlt,1916,0
mlt,1917,0
mlt,1918,0
mlt,1919,0
mlt,1920,0
mlt,1921,0
mlt,1922,0
mlt,1923,0
mlt,1924,0
mlt,1925,0
mlt,1926,0
mlt,1927,0
mlt,1928,0
mlt,1929,0
mlt,1930,0
mlt,1931,0
mlt,1932,0
mlt,1933,0
mlt,1934,0
mlt,1935,0
mlt,1936,0
mlt,1937,0
mlt,1938,0
mlt,1939,0
mlt,1940,0
mlt,1941,0
mlt,1942,0
mlt,1943,0
mlt,1944,0
mlt,1945,0
mlt,1946,0
mlt,1947,0
mlt,1948,0
mlt,1949,0
mlt,1950,0
mlt,1951,0
mlt,1952,0
mlt,1953,0
mlt,1954,0
mlt,1955,0
mlt,1956,0
mlt,1957,0
mlt,1958,0
mlt,1959,0
mlt,1960,0
mlt,1961,0
mlt,1962,0
mlt,1963,0
mlt,1964,0
mlt,1965,0
mlt,1966,0
mlt,1967,0
mlt,1968,0
mlt,1969,0
mlt,1970,0
mlt,1971,0
mlt,1972,0
mlt,1973,0
mlt,1974,0
mlt,1975,0
mlt,1976,0
mlt,1977,0
mlt,1978,0
mlt,1979,0
mlt,1980,0
mlt,1981,0
mlt,1982,0
mlt,1983,0
mlt,1984,0
mlt,1985,0
mlt,1986,0
mlt,1987,0
mlt,1988,0
mlt,1989,0
mlt,1990,0
mlt,1991,0
mlt,1992,0
mlt,1993,0
mlt,1994,0
mlt,1995,0
mlt,1996,0
mlt,1997,0
mlt,1998,0
mlt,1999,0
mlt,2000,0
mlt,2001,0
mlt,2002,4.08266295971163
mlt,2003,0.768838958673246
mlt,2004,0.446801959278963
mlt,2005,1.25295913442109
mlt,2006,1.72275613159196
mlt,2007,0.783571915803453
mlt,2008,1.86650159676506
mlt,2009,2.1682895146953
mlt,2010,1.5834571187159
mlt,2011,1.76426996241565
mlt,2012,2.49257667963819
mlt,2013,11.4676707285748
mlt,2014,2.13325417455847
mlt,2015,6.06530896834634
mlt,2016,1.1982630340013
mlt,2017,0.971994651817633
mlt,2018,1.38030546556414
mlt,2019,1.61129075103838
mlt,2020,1.27090334177963
mlt,2021,1.70922852865625
mlt,2022,1.8460936494993
mng,1888,0
mng,1889,0
mng,1890,0
mng,1891,0
mng,1892,0
mng,1893,0
mng,1894,0
mng,1895,0
mng,1896,0
mng,1897,0
mng,1898,0
mng,1899,0
mng,1900,0
mng,1901,0
mng,1902,0
mng,1903,0
mng,1904,0
mng,1905,0
mng,1906,0
mng,1907,0
mng,1908,0
mng,1909,0
mng,1910,0
mng,1911,0
mng,1912,0
mng,1913,0
mng,1914,0
mng,1915,0
mng,1916,0
mng,1917,0
mng,1918,0
mng,1919,0
mng,1920,0
mng,1921,0
mng,1922,0
mng,1923,0
mng,1924,0
mng,1925,0
mng,1926,0
mng,1927,0
mng,1928,0
mng,1929,0
mng,1930,0
mng,1931,0
mng,1932,0
mng,1933,0
mng,1934,0
mng,1935,0
mng,1936,0
mng,1937,0
mng,1938,0
mng,1939,0
mng,1940,0
mng,1941,0
mng,1942,0
mng,1943,0
mng,1944,0
mng,1945,0
mng,1946,0
mng,1947,0
mng,1948,0
mng,1949,0
mng,1950,0
mng,1951,0
mng,1952,0
mng,1953,0
mng,1954,0
mng,1955,0
mng,1956,0
mng,1957,0
mng,1958,0
mng,1959,0
mng,1960,0
mng,1961,0
mng,1962,0
mng,1963,0
mng,1964,0
mng,1965,0
mng,1966,0
mng,1967,0
mng,1968,0
mng,1969,0
mng,1970,0
mng,1971,0
mng,1972,0
mng,1973,0
mng,1974,0
mng,1975,0
mng,1976,0
mng,1977,0
mng,1978,0
mng,1979,0
mng,1980,0
mng,1981,0
mng,1982,0
mng,1983,0
mng,1984,0
mng,1985,0
mng,1986,0
mng,1987,0
mng,1988,0
mng,1989,0
mng,1990,0
mng,1991,0
mng,1992,0
mng,1993,0
mng,1994,0
mng,1995,0
mng,1996,0
mng,1997,0
mng,1998,0
mng,1999,0
mng,2000,0
mng,2001,0
mng,2002,0
mng,2003,0
mng,2004,0
mng,2005,0
mng,2006,0
mng,2007,0
mng,2008,0
mng,2009,0
mng,2010,0
mng,2011,0
mng,2012,0
mng,2013,10.3109186210296
mng,2014,10.2872851520272
mng,2015,9.3416604027603
mng,2016,8.23897003296004
mng,2017,5.84119010773272
mng,2018,4.87182586767242
mng,2019,5.03763908148059
mng,2020,5.22139056319756
mng,2021,5.31011069787883
mng,2022,5.4237262001775
moz,1888,0
moz,1889,0
moz,1890,0
moz,1891,0
moz,1892,0
moz,1893,0
moz,1894,0
moz,1895,0
moz,1896,0
moz,1897,0
moz,1898,0
moz,1899,0
moz,1900,0
moz,1901,0
moz,1902,0
moz,1903,0
moz,1904,0
moz,1905,0
moz,1906,0
moz,1907,0
moz,1908,0
moz,1909,0
moz,1910,0
moz,1911,0
moz,1912,0
moz,1913,0
moz,1914,0
moz,1915,0
moz,1916,0
moz,1917,0
moz,1918,0
moz,1919,0
moz,1920,0
moz,1921,0
moz,1922,0
moz,1923,0
moz,1924,0
moz,1925,0
moz,1926,0
moz,1927,0
moz,1928,0
moz,1929,0
moz,1930,0
moz,1931,0
moz,1932,0
moz,1933,0
moz,1934,0
moz,1935,0
moz,1936,0
moz,1937,0
moz,1938,0
moz,1939,0
moz,1940,0
moz,1941,0
moz,1942,0
moz,1943,0
moz,1944,0
moz,1945,0
moz,1946,0
moz,1947,0
moz,1948,0
moz,1949,0
moz,1950,0
moz,1951,0
moz,1952,0
moz,1953,0
moz,1954,0
moz,1955,0
moz,1956,0
moz,1957,0
moz,1958,0
moz,1959,0
moz,1960,0
moz,1961,16.5094454331904
moz,1962,16.5094454331904
moz,1963,16.5094454331904
moz,1964,16.5094454331904
moz,1965,16.5094454331904
moz,1966,16.5094454331904
moz,1967,16.5094454331904
moz,1968,16.5094454331904
moz,1969,16.5094454331904
moz,1970,16.5094454331904
moz,1971,17.779402774205
moz,1972,17.779402774205
moz,1973,17.779402774205
moz,1974,17.779402774205
moz,1975,17.779402774205
moz,1976,13.4615478147552
moz,1977,13.4615478147552
moz,1978,13.4615478147552
moz,1979,13.4615478147552
moz,1980,13.4615478147552
moz,1981,20.0653259880314
moz,1982,19.8264699304572
moz,1983,19.5904571965486
moz,1984,19.3572539396051
moz,1985,19.1268267158344
moz,1986,18.8991424795566
moz,1987,18.6741685784652
moz,1988,18.4518727489437
moz,1989,18.2322231114396
moz,1990,18.0151881658918
moz,1991,17.8007367872135
moz,1992,17.5888382208286
moz,1993,17.379462078261
moz,1994,17.1725783327764
moz,1995,16.9681573150766
moz,1996,16.7661697090444
moz,1997,16.5665865475393
moz,1998,16.3693792082433
moz,1999,16.1745194095563
moz,2000,15.98197920654
moz,2001,15.7917309869106
moz,2002,15.6037474670786
moz,2003,15.4180016882365
moz,2004,15.2344670124918
moz,2005,19.6061028087732
moz,2006,18.6454413072541
moz,2007,15.5364461534357
moz,2008,16.7568383002711
moz,2009,20.9180701039712
moz,2010,22.8806007549462
moz,2011,20.996538627034
moz,2012,25.0933707470093
moz,2013,21.9976879943336
moz,2014,28.4415788197632
moz,2015,32.583189762929
moz,2016,31.14559169766
moz,2017,28.9830821361709
moz,2018,28.0576277298208
moz,2019,26.9327260974976
moz,2020,26.2302966508551
moz,2021,25.2092617670727
moz,2022,25.3470675116493
mrt,1888,0
mrt,1889,0
mrt,1890,0
mrt,1891,0
mrt,1892,0
mrt,1893,0
mrt,1894,0
mrt,1895,0
mrt,1896,0
mrt,1897,0
mrt,1898,0
mrt,1899,0
mrt,1900,0
mrt,1901,0
mrt,1902,0
mrt,1903,0
mrt,1904,0
mrt,1905,0
mrt,1906,0
mrt,1907,0
mrt,1908,0
mrt,1909,0
mrt,1910,0
mrt,1911,0
mrt,1912,0
mrt,1913,0
mrt,1914,0
mrt,1915,0
mrt,1916,0
mrt,1917,0
mrt,1918,0
mrt,1919,0
mrt,1920,0
mrt,1921,0
mrt,1922,0
mrt,1923,0
mrt,1924,0
mrt,1925,0
mrt,1926,0
mrt,1927,0
mrt,1928,0
mrt,1929,0
mrt,1930,0
mrt,1931,0
mrt,1932,0
mrt,1933,0
mrt,1934,0
mrt,1935,0
mrt,1936,0
mrt,1937,0
mrt,1938,0
mrt,1939,0
mrt,1940,0
mrt,1941,0
mrt,1942,0
mrt,1943,0
mrt,1944,0
mrt,1945,0
mrt,1946,0
mrt,1947,0
mrt,1948,0
mrt,1949,0
mrt,1950,0
mrt,1951,0
mrt,1952,0
mrt,1953,0
mrt,1954,0
mrt,1955,0
mrt,1956,0
mrt,1957,0
mrt,1958,0
mrt,1959,0
mrt,1960,0
mrt,1961,1.51683704810789
mrt,1962,1.51683704810789
mrt,1963,1.51683704810789
mrt,1964,1.51683704810789
mrt,1965,1.51683704810789
mrt,1966,2.27525557216184
mrt,1967,2.27525557216184
mrt,1968,2.27525557216184
mrt,1969,2.27525557216184
mrt,1970,2.27525557216184
mrt,1971,3.79209262026973
mrt,1972,3.79209262026973
mrt,1973,3.39982629164967
mrt,1974,3.04813726110155
mrt,1975,2.73282808163925
mrt,1976,2.45013550377226
mrt,1977,2.19668556071206
mrt,1978,1.96945329970997
mrt,1979,1.76572667891585
mrt,1980,1.58307419886236
mrt,1981,1.41931588225333
mrt,1982,1.27249725569667
mrt,1983,1.42655495944278
mrt,1984,1.59926400092441
mrt,1985,1.79288244572911
mrt,1986,2.00994173716508
mrt,1987,2.25327979334154
mrt,1988,2.52607811122055
mrt,1989,2.83190336275312
mrt,1990,3.17475402694397
mrt,1991,3.55911266753053
mrt,1992,3.99000453977527
mrt,1993,4.47306329261934
mrt,1994,5.01460462521315
mrt,1995,5.6217088608384
mrt,1996,6.30231351782507
mrt,1997,7.06531708777196
mrt,1998,7.92069537790775
mrt,1999,8.87963193869806
mrt,2000,9.95466428196035
mrt,2001,11.1598478011991
mrt,2002,24.6130996087443
mrt,2003,23.8376177980975
mrt,2004,23.7626340264786
mrt,2005,16.7890783643599
mrt,2006,22.6975830974183
mrt,2007,23.754981615679
mrt,2008,11.7114958224435
mrt,2009,16.0110071451825
mrt,2010,14.6189280012018
mrt,2011,13.0136503702982
mrt,2012,12.2906510123569
mrt,2013,13.2456817930578
mrt,2014,16.114864828444
mrt,2015,19.6324642021985
mrt,2016,18.4831685115681
mrt,2017,19.505225808836
mrt,2018,20.4385965363289
mrt,2019,20.0415046240865
mrt,2020,18.9515793254786
mrt,2021,19.1098137595609
mrt,2022,20.4747768478025
mus,1888,0
mus,1889,0
mus,1890,0
mus,1891,0
mus,1892,0
mus,1893,0
mus,1894,0
mus,1895,0
mus,1896,0
mus,1897,0
mus,1898,0
mus,1899,0
mus,1900,0
mus,1901,0
mus,1902,0
mus,1903,0
mus,1904,0
mus,1905,0
mus,1906,0
mus,1907,0
mus,1908,0
mus,1909,0
mus,1910,0
mus,1911,0
mus,1912,0
mus,1913,0
mus,1914,0
mus,1915,0
mus,1916,0
mus,1917,0
mus,1918,0
mus,1919,0
mus,1920,0
mus,1921,0
mus,1922,0
mus,1923,0
mus,1924,0
mus,1925,0
mus,1926,0
mus,1927,0
mus,1928,0
mus,1929,0
mus,1930,0
mus,1931,0
mus,1932,0
mus,1933,0
mus,1934,0
mus,1935,0
mus,1936,0
mus,1937,0
mus,1938,0
mus,1939,0
mus,1940,0
mus,1941,0
mus,1942,0
mus,1943,0
mus,1944,0
mus,1945,0
mus,1946,0
mus,1947,0
mus,1948,0
mus,1949,0
mus,1950,0
mus,1951,0
mus,1952,0
mus,1953,0
mus,1954,0
mus,1955,0
mus,1956,0
mus,1957,0
mus,1958,0
mus,1959,0
mus,1960,4.84657887725886
mus,1961,4.84657887725886
mus,1962,5.30246020290102
mus,1963,5.75834152854319
mus,1964,6.21422285418535
mus,1965,7.08812160799109
mus,1966,7.6818275204553
mus,1967,8.41335801974156
mus,1968,9.11762651284324
mus,1969,9.79463299976033
mus,1970,10.4474065922911
mus,1971,11.4939647185992
mus,1972,11.7408373301596
mus,1973,11.8074777897219
mus,1974,11.8801764728808
mus,1975,11.7378082183613
mus,1976,11.3818875820626
mus,1977,12.2906211215486
mus,1978,12.4663096058493
mus,1979,12.6525999814439
mus,1980,12.9055308166009
mus,1981,14.5836587528517
mus,1982,14.3661318606212
mus,1983,15.4754446304219
mus,1984,18.5299061198338
mus,1985,17.8577940210626
mus,1986,17.3801806098949
mus,1987,16.2940715958642
mus,1988,15.9656828656454
mus,1989,14.5536386923464
mus,1990,14.8431140993111
mus,1991,19.2242141057729
mus,1992,19.3828691697795
mus,1993,19.4149958601143
mus,1994,20.8346134609052
mus,1995,21.7634258371467
mus,1996,23.6232083474786
mus,1997,25.4454010773894
mus,1998,28.0799564733165
mus,1999,31.4125811287741
mus,2000,29.6934918087287
mus,2001,34.3892550559699
mus,2002,36.2765709351506
mus,2003,33.602014806094
mus,2004,35.5715152604983
mus,2005,34.6948500809229
mus,2006,28.9192714665141
mus,2007,27.1677921738907
mus,2008,27.0477366599317
mus,2009,32.3934623252665
mus,2010,37.7382890022807
mus,2011,32.8987124851453
mus,2012,37.2079612480073
mus,2013,40.0381184860998
mus,2014,36.1808472021622
mus,2015,40.098639947032
mus,2016,40.3068014989778
mus,2017,40.1703919961749
mus,2018,43.9430271270749
mus,2019,44.7712377900152
mus,2020,44.7833570198994
mus,2021,45.8213615064133
mus,2022,47.5006233645714
mwi,1888,0
mwi,1889,0
mwi,1890,0
mwi,1891,0
mwi,1892,0
mwi,1893,0
mwi,1894,0
mwi,1895,0
mwi,1896,0
mwi,1897,0
mwi,1898,0
mwi,1899,0
mwi,1900,0
mwi,1901,0
mwi,1902,0
mwi,1903,0
mwi,1904,0
mwi,1905,0
mwi,1906,0
mwi,1907,0
mwi,1908,0
mwi,1909,0
mwi,1910,0
mwi,1911,0
mwi,1912,0
mwi,1913,0
mwi,1914,0
mwi,1915,0
mwi,1916,0
mwi,1917,0
mwi,1918,0
mwi,1919,0
mwi,1920,0
mwi,1921,0
mwi,1922,0
mwi,1923,0
mwi,1924,0
mwi,1925,0
mwi,1926,0
mwi,1927,0
mwi,1928,0
mwi,1929,0
mwi,1930,0
mwi,1931,0
mwi,1932,0
mwi,1933,0
mwi,1934,0
mwi,1935,0
mwi,1936,0
mwi,1937,0
mwi,1938,0
mwi,1939,0
mwi,1940,0
mwi,1941,0
mwi,1942,0
mwi,1943,0
mwi,1944,0
mwi,1945,0
mwi,1946,0
mwi,1947,0
mwi,1948,0
mwi,1949,0
mwi,1950,0
mwi,1951,0
mwi,1952,0
mwi,1953,0
mwi,1954,0
mwi,1955,0
mwi,1956,0
mwi,1957,0
mwi,1958,0
mwi,1959,0
mwi,1960,10.1305359061542
mwi,1961,10.1305359061542
mwi,1962,10.7673623960025
mwi,1963,11.339257557474
mwi,1964,11.9148987571211
mwi,1965,13.1261177672246
mwi,1966,13.3184143935709
mwi,1967,18.0334277772315
mwi,1968,22.7559332372433
mwi,1969,22.7983883365665
mwi,1970,22.3251388470518
mwi,1971,21.675825563285
mwi,1972,26.2884472368131
mwi,1973,25.6803403729777
mwi,1974,23.0194045889256
mwi,1975,21.8843550217255
mwi,1976,22.9344943902792
mwi,1977,22.6997426646096
mwi,1978,28.5960067529691
mwi,1979,26.112383442561
mwi,1980,33.0450514261636
mwi,1981,27.4085126513109
mwi,1982,28.6008382669631
mwi,1983,33.9090903864642
mwi,1984,34.2768332272819
mwi,1985,25.2681738007914
mwi,1986,30.2429297591384
mwi,1987,41.9102710505842
mwi,1988,33.1783542614479
mwi,1989,35.9891372326922
mwi,1990,31.6366972411398
mwi,1991,25.9282061538591
mwi,1992,26.2380118998409
mwi,1993,24.0687084187942
mwi,1994,24.8091486303683
mwi,1995,24.8361184032312
mwi,1996,24.1931974693609
mwi,1997,24.7933172713468
mwi,1998,28.0790627650922
mwi,1999,28.1088702375296
mwi,2000,26.7066562800394
mwi,2001,28.3986823058789
mwi,2002,17.666370887225
mwi,2003,14.9145047397115
mwi,2004,16.3417755187716
mwi,2005,16.6660804700244
mwi,2006,15.7520363980968
mwi,2007,18.0697041554617
mwi,2008,16.0342906520291
mwi,2009,25.4111452333041
mwi,2010,27.3166769403837
mwi,2011,29.3853132832177
mwi,2012,31.9786183536715
mwi,2013,27.6818642451779
mwi,2014,23.5316113911484
mwi,2015,23.9315385448863
mwi,2016,23.6761883521164
mwi,2017,25.2366668625689
mwi,2018,25.0299291828531
mwi,2019,26.6404828880303
mwi,2020,28.1094054819507
mwi,2021,29.2081342289774
mwi,2022,30.7922704168677
mys,1888,0
mys,1889,0
mys,1890,0
mys,1891,0
mys,1892,0
mys,1893,0
mys,1894,0
mys,1895,0
mys,1896,0
mys,1897,0
mys,1898,0
mys,1899,0
mys,1900,0
mys,1901,0
mys,1902,0
mys,1903,0
mys,1904,0
mys,1905,0
mys,1906,0
mys,1907,0
mys,1908,0
mys,1909,0
mys,1910,0
mys,1911,0
mys,1912,0
mys,1913,0
mys,1914,0
mys,1915,0
mys,1916,0
mys,1917,0
mys,1918,0
mys,1919,0
mys,1920,0
mys,1921,0
mys,1922,0
mys,1923,0
mys,1924,0
mys,1925,0
mys,1926,0
mys,1927,0
mys,1928,0
mys,1929,0
mys,1930,0
mys,1931,0
mys,1932,0
mys,1933,0
mys,1934,0
mys,1935,0
mys,1936,0
mys,1937,0
mys,1938,0
mys,1939,0
mys,1940,0
mys,1941,0
mys,1942,0
mys,1943,0
mys,1944,0
mys,1945,0
mys,1946,0
mys,1947,0
mys,1948,0
mys,1949,0
mys,1950,0
mys,1951,0
mys,1952,0
mys,1953,0
mys,1954,0
mys,1955,0
mys,1956,0
mys,1957,0
mys,1958,0
mys,1959,0
mys,1960,37.665008864771
mys,1961,37.665008864771
mys,1962,37.665008864771
mys,1963,37.665008864771
mys,1964,37.665008864771
mys,1965,43.9726508957882
mys,1966,51.336614143516
mys,1967,59.9337974407333
mys,1968,69.970724318221
mys,1969,81.6885041609103
mys,1970,95.3686241934376
mys,1971,111.339711431531
mys,1972,129.985427036385
mys,1973,151.753682712047
mys,1974,180.429012421098
mys,1975,217.858583335578
mys,1976,154.753617885105
mys,1977,183.935265766824
mys,1978,195.588178510777
mys,1979,182.061888527952
mys,1980,229.040620178951
mys,1981,245.031211281972
mys,1982,242.293432384967
mys,1983,239.897875850088
mys,1984,258.720105766999
mys,1985,279.595669856664
mys,1986,320.320130949618
mys,1987,309.026792999471
mys,1988,305.262347016089
mys,1989,313.133461344979
mys,1990,327.506800554257
mys,1991,371.311262906341
mys,1992,405.533499118907
mys,1993,408.613500378038
mys,1994,411.693501637169
mys,1995,415.115725258425
mys,1996,438.386845882971
mys,1997,495.537980357956
mys,1998,414.7735028963
mys,1999,480.480196424427
mys,2000,504.093539411097
mys,2001,538.330571585748
mys,2002,681.12533810769
mys,2003,667.14565251093
mys,2004,682.621389832006
mys,2005,605.493993391497
mys,2006,581.334629916798
mys,2007,549.17201686205
mys,2008,568.345671836531
mys,2009,642.295118613442
mys,2010,583.836841519956
mys,2011,591.743139127009
mys,2012,627.590428358337
mys,2013,661.305885567833
mys,2014,660.338092798904
mys,2015,643.371477072041
mys,2016,629.710839788506
mys,2017,613.752727714648
mys,2018,612.690010450991
mys,2019,614.679718796105
mys,2020,635.06792426975
mys,2021,704.270613663536
mys,2022,709.282539018638
nam,1888,0
nam,1889,0
nam,1890,0
nam,1891,0
nam,1892,0
nam,1893,0
nam,1894,0
nam,1895,0
nam,1896,0
nam,1897,0
nam,1898,0
nam,1899,0
nam,1900,0
nam,1901,0
nam,1902,0
nam,1903,0
nam,1904,0
nam,1905,0
nam,1906,0
nam,1907,0
nam,1908,0
nam,1909,0
nam,1910,0
nam,1911,0
nam,1912,0
nam,1913,0
nam,1914,0
nam,1915,0
nam,1916,0
nam,1917,0
nam,1918,0
nam,1919,0
nam,1920,0
nam,1921,0
nam,1922,0
nam,1923,0
nam,1924,0
nam,1925,0
nam,1926,0
nam,1927,0
nam,1928,0
nam,1929,0
nam,1930,0
nam,1931,0
nam,1932,0
nam,1933,0
nam,1934,0
nam,1935,0
nam,1936,0
nam,1937,0
nam,1938,0
nam,1939,0
nam,1940,0
nam,1941,0
nam,1942,0
nam,1943,0
nam,1944,0
nam,1945,0
nam,1946,0
nam,1947,0
nam,1948,0
nam,1949,0
nam,1950,0
nam,1951,0
nam,1952,0
nam,1953,0
nam,1954,0
nam,1955,0
nam,1956,0
nam,1957,0
nam,1958,0
nam,1959,0
nam,1960,0
nam,1961,0
nam,1962,0
nam,1963,0
nam,1964,0
nam,1965,0
nam,1966,0
nam,1967,0
nam,1968,0
nam,1969,0
nam,1970,0
nam,1971,0
nam,1972,0
nam,1973,0
nam,1974,0
nam,1975,0
nam,1976,0
nam,1977,0
nam,1978,0
nam,1979,0
nam,1980,0
nam,1981,0
nam,1982,0
nam,1983,0
nam,1984,0
nam,1985,0
nam,1986,0
nam,1987,0
nam,1988,0
nam,1989,0
nam,1990,20.1493157630628
nam,1991,21.6072439908169
nam,1992,26.9411757390508
nam,1993,27.9703292519633
nam,1994,29.0387964519768
nam,1995,30.1480791228138
nam,1996,31.2997364163681
nam,1997,32.4953870441708
nam,1998,33.7367115525695
nam,1999,35.0254546848195
nam,2000,36.3634278334074
nam,2001,37.7525115860532
nam,2002,42.0932622697373
nam,2003,44.7254104458191
nam,2004,35.5865699979934
nam,2005,56.9316077378535
nam,2006,40.133861058413
nam,2007,31.1393741609668
nam,2008,37.9867361833269
nam,2009,32.9212675027165
nam,2010,31.5538285727219
nam,2011,39.7150879691556
nam,2012,33.1645858473787
nam,2013,34.0461881925849
nam,2014,45.1142393673729
nam,2015,41.7747861474574
nam,2016,41.982733561376
nam,2017,44.5183830488295
nam,2018,45.0175673723482
nam,2019,42.8671192531547
nam,2020,46.6867549457309
nam,2021,48.5546343606968
nam,2022,47.3213484515739
nga,1888,0
nga,1889,0
nga,1890,0
nga,1891,0
nga,1892,0
nga,1893,0
nga,1894,0
nga,1895,0
nga,1896,0
nga,1897,0
nga,1898,0
nga,1899,0
nga,1900,0
nga,1901,0
nga,1902,0
nga,1903,0
nga,1904,0
nga,1905,0
nga,1906,0
nga,1907,0
nga,1908,0
nga,1909,0
nga,1910,0
nga,1911,0
nga,1912,0
nga,1913,0
nga,1914,0
nga,1915,0
nga,1916,0
nga,1917,0
nga,1918,0
nga,1919,0
nga,1920,0
nga,1921,0
nga,1922,0
nga,1923,0
nga,1924,0
nga,1925,0
nga,1926,0
nga,1927,0
nga,1928,0
nga,1929,0
nga,1930,0
nga,1931,0
nga,1932,0
nga,1933,0
nga,1934,0
nga,1935,0
nga,1936,0
nga,1937,0
nga,1938,0
nga,1939,0
nga,1940,0
nga,1941,0
nga,1942,0
nga,1943,0
nga,1944,0
nga,1945,0
nga,1946,0
nga,1947,0
nga,1948,0
nga,1949,0
nga,1950,0
nga,1951,0
nga,1952,0
nga,1953,0
nga,1954,0
nga,1955,0
nga,1956,0
nga,1957,0
nga,1958,0
nga,1959,0
nga,1960,49.01856294234
nga,1961,49.01856294234
nga,1962,67.7428608696635
nga,1963,68.8464791997691
nga,1964,75.3902730285406
nga,1965,103.11330503211
nga,1966,101.578240547664
nga,1967,96.9637436732073
nga,1968,96.1182952791223
nga,1969,100.657201856996
nga,1970,96.1287616278799
nga,1971,107.075399500676
nga,1972,129.705971369859
nga,1973,153.576224102997
nga,1974,146.83822135839
nga,1975,210.079389334651
nga,1976,243.497277989988
nga,1977,280.215555286883
nga,1978,196.841784011583
nga,1979,190.786419791499
nga,1980,206.713876745267
nga,1981,246.375523898324
nga,1982,199.93207071519
nga,1983,162.261024180794
nga,1984,145.568269128867
nga,1985,128.657948842419
nga,1986,117.879776719917
nga,1987,114.068569942217
nga,1988,136.144008854634
nga,1989,140.287729686079
nga,1990,155.158260617248
nga,1991,175.511024494384
nga,1992,185.865429683295
nga,1993,201.562824836255
nga,1994,162.36556483103
nga,1995,133.193799959222
nga,1996,146.33028476115
nga,1997,145.129619625709
nga,1998,206.352613410125
nga,1999,218.99998655114
nga,2000,282.513498148624
nga,2001,440.065690231001
nga,2002,597.653562879094
nga,2003,592.756383100296
nga,2004,633.37300136518
nga,2005,539.889296334884
nga,2006,658.897729544645
nga,2007,694.728815465614
nga,2008,901.43552563312
nga,2009,623.524871592419
nga,2010,558.440877625673
nga,2011,627.570964374887
nga,2012,579.117447200799
nga,2013,592.134255829565
nga,2014,615.724781248835
nga,2015,675.081723647102
nga,2016,684.802096706615
nga,2017,662.382678665197
nga,2018,727.645052184345
nga,2019,608.481556417989
nga,2020,608.234634816309
nga,2021,788.544846083582
nga,2022,807.20040810986
nic,1888,0
nic,1889,0
nic,1890,0
nic,1891,0
nic,1892,0
nic,1893,0
nic,1894,0
nic,1895,0
nic,1896,0
nic,1897,0
nic,1898,0
nic,1899,0
nic,1900,0
nic,1901,0
nic,1902,0
nic,1903,0
nic,1904,0
nic,1905,0
nic,1906,0
nic,1907,0
nic,1908,0
nic,1909,0
nic,1910,0
nic,1911,0
nic,1912,0
nic,1913,0
nic,1914,0
nic,1915,0
nic,1916,0
nic,1917,0
nic,1918,0
nic,1919,0
nic,1920,0
nic,1921,0
nic,1922,0
nic,1923,0
nic,1924,0
nic,1925,0
nic,1926,0
nic,1927,0
nic,1928,0
nic,1929,0
nic,1930,0
nic,1931,0
nic,1932,0
nic,1933,0
nic,1934,0
nic,1935,0
nic,1936,0
nic,1937,0
nic,1938,0
nic,1939,0
nic,1940,0
nic,1941,0
nic,1942,0
nic,1943,0
nic,1944,0
nic,1945,0
nic,1946,0
nic,1947,0
nic,1948,0
nic,1949,0
nic,1950,0
nic,1951,0
nic,1952,0
nic,1953,0
nic,1954,0
nic,1955,0
nic,1956,0
nic,1957,0
nic,1958,0
nic,1959,0
nic,1960,0
nic,1961,7.61974404608787
nic,1962,7.61974404608787
nic,1963,7.61974404608787
nic,1964,7.61974404608787
nic,1965,7.61974404608787
nic,1966,7.61974404608787
nic,1967,7.61974404608787
nic,1968,7.61974404608787
nic,1969,7.61974404608787
nic,1970,7.61974404608787
nic,1971,7.61974404608787
nic,1972,7.61974404608787
nic,1973,7.61974404608787
nic,1974,7.61974404608787
nic,1975,7.61974404608787
nic,1976,11.1756246009289
nic,1977,11.1756246009289
nic,1978,11.1756246009289
nic,1979,11.1756246009289
nic,1980,11.1756246009289
nic,1981,12.9535648783494
nic,1982,12.5156457910222
nic,1983,12.0925313639446
nic,1984,11.6837210983455
nic,1985,11.288731415735
nic,1986,10.907095085884
nic,1987,10.5383606741404
nic,1988,10.1820920074309
nic,1989,9.83786765831536
nic,1990,9.50528044648336
nic,1991,9.18393695710383
nic,1992,8.8734570754577
nic,1993,8.57347353730318
nic,1994,8.28363149444169
nic,1995,8.00358809497073
nic,1996,7.73301207772697
nic,1997,7.47158338044007
nic,1998,7.21899276113341
nic,1999,6.97494143232422
nic,2000,6.7391407075902
nic,2001,6.51131166008452
nic,2002,6.29118479259548
nic,2003,6.07849971876033
nic,2004,5.87300485505627
nic,2005,3.75219754628595
nic,2006,5.65548615672085
nic,2007,6.63451677192401
nic,2008,7.78302900531943
nic,2009,9.13036210172647
nic,2010,10.7109342714343
nic,2011,12.5651219183621
nic,2012,14.7402910728684
nic,2013,14.3206077515953
nic,2014,12.7749865104427
nic,2015,11.5392936765164
nic,2016,10.7657127634009
nic,2017,10.1157678824328
nic,2018,9.51470341471135
nic,2019,11.2953149991365
nic,2020,12.6907138312757
nic,2021,20.9740695679223
nic,2022,14.8754655138704
nld,1888,0
nld,1889,0
nld,1890,0
nld,1891,0
nld,1892,0
nld,1893,0
nld,1894,0
nld,1895,0
nld,1896,0
nld,1897,0
nld,1898,0
nld,1899,0
nld,1900,0
nld,1901,0
nld,1902,0
nld,1903,0
nld,1904,0
nld,1905,0
nld,1906,0
nld,1907,0
nld,1908,0
nld,1909,0
nld,1910,0
nld,1911,0
nld,1912,0
nld,1913,0
nld,1914,0
nld,1915,0
nld,1916,0
nld,1917,0
nld,1918,0
nld,1919,0
nld,1920,0
nld,1921,0
nld,1922,0
nld,1923,0
nld,1924,0
nld,1925,0
nld,1926,0
nld,1927,0
nld,1928,0
nld,1929,0
nld,1930,0
nld,1931,0
nld,1932,0
nld,1933,0
nld,1934,0
nld,1935,0
nld,1936,0
nld,1937,0
nld,1938,0
nld,1939,0
nld,1940,0
nld,1941,0
nld,1942,0
nld,1943,0
nld,1944,0
nld,1945,0
nld,1946,0
nld,1947,0
nld,1948,0
nld,1949,0
nld,1950,0
nld,1951,0
nld,1952,0
nld,1953,0
nld,1954,0
nld,1955,108.240997118364
nld,1956,120.118294032275
nld,1957,125.694588558153
nld,1958,145.209671007906
nld,1959,166.564034391421
nld,1960,120.908962237988
nld,1961,134.609464523993
nld,1962,156.563382092708
nld,1963,175.243904927469
nld,1964,188.972470792341
nld,1965,214.236603265196
nld,1966,236.893691255638
nld,1967,267.248977090642
nld,1968,263.382535460851
nld,1969,254.172977107913
nld,1970,230.666210346653
nld,1971,297.500057624252
nld,1972,333.45189112569
nld,1973,350.883739177084
nld,1974,364.296763785917
nld,1975,399.684598639856
nld,1976,415.765368453479
nld,1977,434.916808198278
nld,1978,473.792878073233
nld,1979,443.91138266153
nld,1980,453.218712044789
nld,1981,453.2908931965
nld,1982,468.54590472351
nld,1983,465.916408997013
nld,1984,467.262936923574
nld,1985,459.062124859816
nld,1986,463.200275774699
nld,1987,476.87928400365
nld,1988,474.074378088629
nld,1989,496.507972225712
nld,1990,511.525317434603
nld,1991,524.759897582887
nld,1992,542.730687604422
nld,1993,549.827629650237
nld,1994,537.10130091057
nld,1995,526.719296075077
nld,1996,519.468643738127
nld,1997,503.928981245457
nld,1998,507.3076773225
nld,1999,532.28673814496
nld,2000,535.713623513562
nld,2001,563.264764386029
nld,2002,578.903420644802
nld,2003,578.564329401927
nld,2004,578.082056349475
nld,2005,620.910302157841
nld,2006,578.121151963856
nld,2007,584.451637961032
nld,2008,503.505895270118
nld,2009,496.530973489031
nld,2010,606.735049747261
nld,2011,720.092368045341
nld,2012,657.275998205983
nld,2013,669.794231495794
nld,2014,650.342209313273
nld,2015,615.244277094487
nld,2016,561.0585293462
nld,2017,622.80310132201
nld,2018,625.149576169312
nld,2019,664.155518743302
nld,2020,697.920534105433
nld,2021,730.965842314368
nld,2022,661.978886128853
nor,1888,0
nor,1889,0
nor,1890,0
nor,1891,0
nor,1892,0
nor,1893,0
nor,1894,0
nor,1895,0
nor,1896,0
nor,1897,0
nor,1898,0
nor,1899,0
nor,1900,0
nor,1901,0
nor,1902,0
nor,1903,0
nor,1904,0
nor,1905,0
nor,1906,0
nor,1907,0
nor,1908,0
nor,1909,0
nor,1910,0
nor,1911,0
nor,1912,0
nor,1913,0
nor,1914,0
nor,1915,0
nor,1916,0
nor,1917,0
nor,1918,0
nor,1919,0
nor,1920,0
nor,1921,0
nor,1922,0
nor,1923,0
nor,1924,0
nor,1925,0
nor,1926,0
nor,1927,0
nor,1928,0
nor,1929,0
nor,1930,0
nor,1931,0
nor,1932,0
nor,1933,0
nor,1934,0
nor,1935,0
nor,1936,0
nor,1937,0
nor,1938,0
nor,1939,0
nor,1940,0
nor,1941,0
nor,1942,0
nor,1943,0
nor,1944,0
nor,1945,0
nor,1946,0
nor,1947,0
nor,1948,0
nor,1949,0
nor,1950,0
nor,1951,0
nor,1952,0
nor,1953,0
nor,1954,0
nor,1955,0
nor,1956,0
nor,1957,0
nor,1958,0
nor,1959,0
nor,1960,32.9463308868465
nor,1961,36.6332972181569
nor,1962,39.909083669308004
nor,1963,44.0554606062851
nor,1964,48.0152426634822
nor,1965,52.3047140587099
nor,1966,57.41443140739
nor,1967,61.700182693215
nor,1968,69.8292382221781
nor,1969,70.3532064195354
nor,1970,62.9338209668437
nor,1971,60.8305332161743
nor,1972,72.954243849137
nor,1973,76.0990579452232
nor,1974,76.9768590608185
nor,1975,85.3158251789329
nor,1976,98.0821807180171
nor,1977,96.5027046426124
nor,1978,105.815303810218
nor,1979,103.505165810526
nor,1980,93.4844246526894
nor,1981,96.1955661308087
nor,1982,108.75067674906
nor,1983,121.317825351091
nor,1984,121.645324541864
nor,1985,121.951431728497
nor,1986,136.80442968172
nor,1987,151.766489849614
nor,1988,164.717020910818
nor,1989,177.724940407154
nor,1990,177.137516486894
nor,1991,176.480779036843
nor,1992,185.365960322237
nor,1993,194.379421019056
nor,1994,190.007561886916
nor,1995,185.700459130633
nor,1996,180.80523073332
nor,1997,176.080804999432
nor,1998,182.213594359631
nor,1999,188.397941503314
nor,2000,188.461491391626
nor,2001,188.34062538198
nor,2002,203.412474728707
nor,2003,218.864560169471
nor,2004,215.69613516091
nor,2005,213.435670986523
nor,2006,219.454592625618
nor,2007,224.53019257296
nor,2008,188.031679728973
nor,2009,189.426748322635
nor,2010,183.599374651362
nor,2011,176.56601028583
nor,2012,169.421802530632
nor,2013,167.548326295872
nor,2014,173.667426975723
nor,2015,253.254339161287
nor,2016,225.440618015056
nor,2017,263.255872153668
nor,2018,277.009913663171
nor,2019,260.256432488341
nor,2020,263.95130810248
nor,2021,274.900905591078
nor,2022,152.998243307234
npl,1888,0
npl,1889,0
npl,1890,0
npl,1891,0
npl,1892,0
npl,1893,0
npl,1894,0
npl,1895,0
npl,1896,0
npl,1897,0
npl,1898,0
npl,1899,0
npl,1900,0
npl,1901,0
npl,1902,0
npl,1903,0
npl,1904,0
npl,1905,0
npl,1906,0
npl,1907,0
npl,1908,0
npl,1909,0
npl,1910,0
npl,1911,0
npl,1912,0
npl,1913,0
npl,1914,0
npl,1915,0
npl,1916,0
npl,1917,0
npl,1918,0
npl,1919,0
npl,1920,0
npl,1921,0
npl,1922,0
npl,1923,0
npl,1924,0
npl,1925,0
npl,1926,0
npl,1927,0
npl,1928,0
npl,1929,0
npl,1930,0
npl,1931,0
npl,1932,0
npl,1933,0
npl,1934,0
npl,1935,0
npl,1936,0
npl,1937,0
npl,1938,0
npl,1939,0
npl,1940,0
npl,1941,0
npl,1942,0
npl,1943,0
npl,1944,0
npl,1945,0
npl,1946,0
npl,1947,0
npl,1948,0
npl,1949,0
npl,1950,0
npl,1951,0
npl,1952,0
npl,1953,0
npl,1954,0
npl,1955,0
npl,1956,0
npl,1957,0
npl,1958,0
npl,1959,0
npl,1960,0
npl,1961,6.60377817327615
npl,1962,6.60377817327615
npl,1963,6.60377817327615
npl,1964,6.60377817327615
npl,1965,6.60377817327615
npl,1966,8.12772698249372
npl,1967,8.12772698249372
npl,1968,8.12772698249372
npl,1969,8.12772698249372
npl,1970,8.12772698249372
npl,1971,22.8592321382636
npl,1972,22.8592321382636
npl,1973,22.8592321382636
npl,1974,22.8592321382636
npl,1975,22.8592321382636
npl,1976,30.2249847161485
npl,1977,30.2249847161485
npl,1978,30.2249847161485
npl,1979,30.2249847161485
npl,1980,30.2249847161485
npl,1981,27.1770870977134
npl,1982,27.846185403285
npl,1983,28.5317568702705
npl,1984,29.2342070669469
npl,1985,29.9539515466586
npl,1986,30.6914160936494
npl,1987,31.4470369749462
npl,1988,32.221261198445
npl,1989,33.01454677735
npl,1990,33.827363001124
npl,1991,34.6601907131091
npl,1992,35.5135225949825
npl,1993,36.3878634582159
npl,1994,37.2837305427098
npl,1995,38.2016538227811
npl,1996,39.1421763206836
npl,1997,40.2401450945816
npl,1998,42.7356648025919
npl,1999,47.7654116561322
npl,2000,54.5705122079968
npl,2001,76.0706139987975
npl,2002,66.1476559142932
npl,2003,43.8125047188554
npl,2004,41.4089215175202
npl,2005,41.4476547438663
npl,2006,39.2356369658784
npl,2007,47.1951513412685
npl,2008,54.4252725952783
npl,2009,56.2763096277142
npl,2010,50.743607898837
npl,2011,60.8254668364154
npl,2012,64.3927123039193
npl,2013,63.9312694644311
npl,2014,91.333955381717
npl,2015,99.1717030789197
npl,2016,98.6654761702729
npl,2017,99.263333100887
npl,2018,99.9745022118929
npl,2019,101.528849217245
npl,2020,101.700874644086
npl,2021,103.841851248331
npl,2022,103.92524564937
nzl,1888,0
nzl,1889,0
nzl,1890,0
nzl,1891,0
nzl,1892,0
nzl,1893,0
nzl,1894,0
nzl,1895,0
nzl,1896,0
nzl,1897,0
nzl,1898,0
nzl,1899,0
nzl,1900,0
nzl,1901,0
nzl,1902,0
nzl,1903,0
nzl,1904,0
nzl,1905,0
nzl,1906,0
nzl,1907,0
nzl,1908,0
nzl,1909,0
nzl,1910,0
nzl,1911,0
nzl,1912,0
nzl,1913,0
nzl,1914,0
nzl,1915,0
nzl,1916,0
nzl,1917,0
nzl,1918,0
nzl,1919,0
nzl,1920,0
nzl,1921,0
nzl,1922,0
nzl,1923,0
nzl,1924,0
nzl,1925,0
nzl,1926,0
nzl,1927,0
nzl,1928,0
nzl,1929,2.68511425460117
nzl,1930,3.58828904933065
nzl,1931,3.3685978830451
nzl,1932,2.75834464336302
nzl,1933,3.71033969726707
nzl,1934,3.5150586605688
nzl,1935,3.93003086355262
nzl,1936,4.2473625481873
nzl,1937,5.5655095459006
nzl,1938,7.95770224545436
nzl,1939,11.7656824610706
nzl,1940,10.3254848154209
nzl,1941,16.3059665643053
nzl,1942,18.3075971904625
nzl,1943,11.1066089622139
nzl,1944,12.7420876445619
nzl,1945,14.987819566592
nzl,1946,17.575293302844
nzl,1947,25.1424334749018
nzl,1948,30.8788139279134
nzl,1949,33.7836193488001
nzl,1950,40.6184556332395
nzl,1951,38.1286224153366
nzl,1952,39.5688200609863
nzl,1953,36.4931437329886
nzl,1954,36.0781715300048
nzl,1955,38.421543970384
nzl,1956,40.9601974474614
nzl,1957,44.7193574039031
nzl,1958,46.3304259566638
nzl,1959,46.2083753087273
nzl,1960,48.3808768419956
nzl,1961,55.3452723845682
nzl,1962,58.29504530203
nzl,1963,59.4009275594397
nzl,1964,61.9874412290191
nzl,1965,73.0591226007261
nzl,1966,86.7344860268551
nzl,1967,91.4567580977191
nzl,1968,91.5288413832218
nzl,1969,98.5147437257083
nzl,1970,92.903954967799
nzl,1971,99.6368746216486
nzl,1972,111.748484936442
nzl,1973,153.210253601052
nzl,1974,188.581123471088
nzl,1975,204.703468768102
nzl,1976,189.600079595935
nzl,1977,169.126050302313
nzl,1978,167.753191211583
nzl,1979,189.084598448771
nzl,1980,158.146732548192
nzl,1981,166.773420237781
nzl,1982,188.810219544623
nzl,1983,182.409203541936
nzl,1984,184.233904008195
nzl,1985,181.803605689292
nzl,1986,190.13011467022
nzl,1987,177.830120248561
nzl,1988,174.329488952662
nzl,1989,182.086136163205
nzl,1990,192.337379787167
nzl,1991,196.928619378155
nzl,1992,194.775215704959
nzl,1993,203.963191753025
nzl,1994,195.483629523018
nzl,1995,222.209448531985
nzl,1996,258.973901518955
nzl,1997,284.163087646612
nzl,1998,303.226846059112
nzl,1999,286.980589454626
nzl,2000,289.382269114516
nzl,2001,289.952883142556
nzl,2002,313.258687192315
nzl,2003,302.743089839608
nzl,2004,290.615009681746
nzl,2005,281.047173560503
nzl,2006,319.405136003264
nzl,2007,287.082083356257
nzl,2008,299.266729576405
nzl,2009,333.033735471904
nzl,2010,338.397664432733
nzl,2011,330.018967995189
nzl,2012,328.059635406666
nzl,2013,321.140291229623
nzl,2014,318.773508546814
nzl,2015,319.007576117815
nzl,2016,316.808193508122
nzl,2017,313.598151509161
nzl,2018,315.628475627956
nzl,2019,319.830747980067
nzl,2020,334.709805631995
nzl,2021,321.403312341243
nzl,2022,328.003365423407
omn,1888,0
omn,1889,0
omn,1890,0
omn,1891,0
omn,1892,0
omn,1893,0
omn,1894,0
omn,1895,0
omn,1896,0
omn,1897,0
omn,1898,0
omn,1899,0
omn,1900,0
omn,1901,0
omn,1902,0
omn,1903,0
omn,1904,0
omn,1905,0
omn,1906,0
omn,1907,0
omn,1908,0
omn,1909,0
omn,1910,0
omn,1911,0
omn,1912,0
omn,1913,0
omn,1914,0
omn,1915,0
omn,1916,0
omn,1917,0
omn,1918,0
omn,1919,0
omn,1920,0
omn,1921,0
omn,1922,0
omn,1923,0
omn,1924,0
omn,1925,0
omn,1926,0
omn,1927,0
omn,1928,0
omn,1929,0
omn,1930,0
omn,1931,0
omn,1932,0
omn,1933,0
omn,1934,0
omn,1935,0
omn,1936,0
omn,1937,0
omn,1938,0
omn,1939,0
omn,1940,0
omn,1941,0
omn,1942,0
omn,1943,0
omn,1944,0
omn,1945,0
omn,1946,0
omn,1947,0
omn,1948,0
omn,1949,0
omn,1950,0
omn,1951,0
omn,1952,0
omn,1953,0
omn,1954,0
omn,1955,0
omn,1956,0
omn,1957,0
omn,1958,0
omn,1959,0
omn,1960,0
omn,1961,0.761974404608787
omn,1962,0.761974404608787
omn,1963,0.761974404608787
omn,1964,0.761974404608787
omn,1965,0.761974404608787
omn,1966,1.26995734101464
omn,1967,1.26995734101464
omn,1968,1.26995734101464
omn,1969,1.26995734101464
omn,1970,1.26995734101464
omn,1971,1.52394880921757
omn,1972,1.52394880921757
omn,1973,1.52394880921757
omn,1974,1.52394880921757
omn,1975,1.52394880921757
omn,1976,2.03193174562343
omn,1977,2.03193174562343
omn,1978,2.03193174562343
omn,1979,2.03193174562343
omn,1980,2.03193174562343
omn,1981,9.90566725991423
omn,1982,10.5723023189266
omn,1983,11.2838008172453
omn,1984,12.0431819902964
omn,1985,12.8536682630674
omn,1986,13.7186989244294
omn,1987,14.6419447217184
omn,1988,15.6273234375085
omn,1989,16.6790165146752
omn,1990,17.8014868002988
omn,1991,18.999497483703
omn,1992,20.2781323089922
omn,1993,21.6428171478591
omn,1994,23.0993430242069
omn,1995,24.6538906882904
omn,1996,26.3130568446564
omn,1997,28.0838821451809
omn,1998,29.9738810659916
omn,1999,31.9910737950586
omn,2000,34.1440202657663
omn,2001,36.4418564808892
omn,2002,38.8943332811111
omn,2003,41.5118577226017
omn,2004,44.3055372392361
omn,2005,47.2872267768582
omn,2006,50.4695790996025
omn,2007,53.8660984817489
omn,2008,48.1563034496423
omn,2009,70.3340248646777
omn,2010,65.1948970208865
omn,2011,70.2475264026722
omn,2012,85.491371955327
omn,2013,70.1395214241882
omn,2014,108.991223052349
omn,2015,79.4436916733655
omn,2016,81.8498244604051
omn,2017,73.0070216169483
omn,2018,56.4187451942212
omn,2019,58.2889338832523
omn,2020,64.1885727345655
omn,2021,60.2230208554352
omn,2022,65.0324948568966
pak,1888,0
pak,1889,0
pak,1890,0
pak,1891,0
pak,1892,0
pak,1893,0
pak,1894,0
pak,1895,0
pak,1896,0
pak,1897,0
pak,1898,0
pak,1899,0
pak,1900,0
pak,1901,0
pak,1902,0
pak,1903,0
pak,1904,0
pak,1905,0
pak,1906,0
pak,1907,0
pak,1908,0
pak,1909,0
pak,1910,0
pak,1911,0
pak,1912,0
pak,1913,0
pak,1914,0
pak,1915,0
pak,1916,0
pak,1917,0
pak,1918,0
pak,1919,0
pak,1920,0
pak,1921,0
pak,1922,0
pak,1923,0
pak,1924,0
pak,1925,0
pak,1926,0
pak,1927,0
pak,1928,0
pak,1929,0
pak,1930,0
pak,1931,0
pak,1932,0
pak,1933,0
pak,1934,0
pak,1935,0
pak,1936,0
pak,1937,0
pak,1938,0
pak,1939,0
pak,1940,0
pak,1941,0
pak,1942,0
pak,1943,0
pak,1944,0
pak,1945,0
pak,1946,0
pak,1947,0
pak,1948,0
pak,1949,0
pak,1950,0
pak,1951,0
pak,1952,0
pak,1953,0
pak,1954,0
pak,1955,0
pak,1956,0
pak,1957,0
pak,1958,0
pak,1959,0
pak,1960,34.2888482073954
pak,1961,34.2888482073954
pak,1962,34.2888482073954
pak,1963,34.2888482073954
pak,1964,34.2888482073954
pak,1965,34.2888482073954
pak,1966,32.5109079299749
pak,1967,32.5109079299749
pak,1968,32.5109079299749
pak,1969,32.5109079299749
pak,1970,32.5109079299749
pak,1971,46.480438681136
pak,1972,46.480438681136
pak,1973,46.480438681136
pak,1974,46.480438681136
pak,1975,46.480438681136
pak,1976,107.184399581636
pak,1977,107.184399581636
pak,1978,107.184399581636
pak,1979,107.184399581636
pak,1980,107.184399581636
pak,1981,188.715660874776
pak,1982,195.062000941567
pak,1983,201.621762788281
pak,1984,208.402123599827
pak,1985,215.410501923465
pak,1986,222.654565785613
pak,1987,230.142241081606
pak,1988,237.881720247601
pak,1989,245.881471224104
pak,1990,254.150246720943
pak,1991,262.697093793799
pak,1992,253.191606847313
pak,1993,250.167133727977
pak,1994,231.156159835005
pak,1995,295.966298106501
pak,1996,279.115662155912
pak,1997,235.908903308247
pak,1998,234.612700542818
pak,1999,216.897929415275
pak,2000,188.381468575817
pak,2001,190.002385778088
pak,2002,201.410675477937
pak,2003,238.875330495961
pak,2004,252.161104639376
pak,2005,251.393306546137
pak,2006,273.597819428389
pak,2007,301.058892503801
pak,2008,324.595312669976
pak,2009,305.217161768036
pak,2010,288.173989058351
pak,2011,295.688882970648
pak,2012,325.702521455445
pak,2013,413.827353957157
pak,2014,415.596672088569
pak,2015,418.067534944491
pak,2016,443.899192490454
pak,2017,471.923261515413
pak,2018,374.321689670437
pak,2019,369.859030507961
pak,2020,378.847186882512
pak,2021,401.371290102794
pak,2022,409.358544041278
pan,1888,0
pan,1889,0
pan,1890,0
pan,1891,0
pan,1892,0
pan,1893,0
pan,1894,0
pan,1895,0
pan,1896,0
pan,1897,0
pan,1898,0
pan,1899,0
pan,1900,0
pan,1901,0
pan,1902,0
pan,1903,0
pan,1904,0
pan,1905,0
pan,1906,0
pan,1907,0
pan,1908,0
pan,1909,0
pan,1910,0
pan,1911,0
pan,1912,0
pan,1913,0
pan,1914,0
pan,1915,0
pan,1916,0
pan,1917,0
pan,1918,0
pan,1919,0
pan,1920,0
pan,1921,0
pan,1922,0
pan,1923,0
pan,1924,0
pan,1925,0
pan,1926,0
pan,1927,0
pan,1928,0
pan,1929,0
pan,1930,0
pan,1931,0
pan,1932,0
pan,1933,0
pan,1934,0
pan,1935,0
pan,1936,0
pan,1937,0
pan,1938,0
pan,1939,0
pan,1940,0
pan,1941,0
pan,1942,0
pan,1943,0
pan,1944,0
pan,1945,0
pan,1946,0
pan,1947,0
pan,1948,0
pan,1949,0
pan,1950,0
pan,1951,0
pan,1952,0
pan,1953,0
pan,1954,0
pan,1955,0
pan,1956,0
pan,1957,0
pan,1958,0
pan,1959,0
pan,1960,3.00453407037128
pan,1961,3.00453407037128
pan,1962,3.00453407037128
pan,1963,3.00453407037128
pan,1964,3.00453407037128
pan,1965,3.03630134600334
pan,1966,3.06840450060281
pan,1967,3.10084708545566
pan,1968,3.13363268939603
pan,1969,3.16676493920319
pan,1970,3.20024750000277
pan,1971,3.23408407567216
pan,1972,3.26827840925029
pan,1973,3.30283428335164
pan,1974,3.3377555205847
pan,1975,3.37304598397483
pan,1976,5.79327287601977
pan,1977,6.76601153084715
pan,1978,6.6498140806118
pan,1979,13.7909773793617
pan,1980,17.0943048931953
pan,1981,15.7696539605123
pan,1982,18.6479380200013
pan,1983,16.765858067602
pan,1984,21.2322641910639
pan,1985,17.4111127824803
pan,1986,19.5127299792904
pan,1987,19.6552804850148
pan,1988,19.4838516311362
pan,1989,19.3112948578551
pan,1990,19.1681422601939
pan,1991,19.8265807925937
pan,1992,19.58975893502
pan,1993,15.37467806823
pan,1994,16.0361465090624
pan,1995,16.1546551853838
pan,1996,17.2505878499472
pan,1997,18.7012529070577
pan,1998,19.150978261364
pan,1999,18.9088842493393
pan,2000,18.5518762758562
pan,2001,17.9562433124957
pan,2002,17.279929245456
pan,2003,16.5384271384817
pan,2004,23.0415448962184
pan,2005,25.8729281291835
pan,2006,26.3744101975293
pan,2007,33.7416003088085
pan,2008,35.1179078725957
pan,2009,35.88534174721
pan,2010,34.98136649549
pan,2011,38.6201164818895
pan,2012,34.6576496078986
pan,2013,34.593774114168
pan,2014,34.9019561472733
pan,2015,35.6853638785442
pan,2016,36.5847207634536
pan,2017,46.1502886371413
pan,2018,39.1260041791859
pan,2019,38.008838660771
pan,2020,34.4250373961961
pan,2021,35.1869992509988
pan,2022,36.161915345905
per,1888,0
per,1889,0
per,1890,0
per,1891,0
per,1892,0
per,1893,0
per,1894,0
per,1895,0
per,1896,0
per,1897,0
per,1898,0
per,1899,0
per,1900,0
per,1901,0
per,1902,0
per,1903,0
per,1904,0
per,1905,0
per,1906,0
per,1907,0
per,1908,0
per,1909,0
per,1910,0
per,1911,0
per,1912,0
per,1913,0
per,1914,0
per,1915,0
per,1916,0
per,1917,0
per,1918,0
per,1919,0
per,1920,0
per,1921,0
per,1922,0
per,1923,0
per,1924,0
per,1925,0
per,1926,0
per,1927,0
per,1928,0
per,1929,0
per,1930,0
per,1931,0
per,1932,0
per,1933,0
per,1934,0
per,1935,0
per,1936,0
per,1937,0
per,1938,0
per,1939,0
per,1940,0
per,1941,0
per,1942,0
per,1943,0
per,1944,0
per,1945,0
per,1946,0
per,1947,0
per,1948,0
per,1949,0
per,1950,0
per,1951,0
per,1952,0
per,1953,0
per,1954,0
per,1955,0
per,1956,0
per,1957,0
per,1958,0
per,1959,0
per,1960,14.7619841319542
per,1961,14.7619841319542
per,1962,14.7619841319542
per,1963,14.7619841319542
per,1964,14.7619841319542
per,1965,18.5896355577724
per,1966,18.5896355577724
per,1967,18.5896355577724
per,1968,18.5896355577724
per,1969,18.5896355577724
per,1970,52.5940133207805
per,1971,52.7890397767253
per,1972,52.9847894198946
per,1973,53.1812649319746
per,1974,53.3784690045957
per,1975,53.5764043393691
per,1976,53.7750736479241
per,1977,28.7619938592997
per,1978,18.9249042958002
per,1979,22.5239634002357
per,1980,20.9466763826955
per,1981,59.7006946010984
per,1982,46.9350834092192
per,1983,46.5363168041406
per,1984,62.8857476123631
per,1985,62.7861362851348
per,1986,62.6866827427287
per,1987,62.5873867352131
per,1988,62.4882480130518
per,1989,62.3892663271041
per,1990,62.2904414286238
per,1991,62.1917730692589
per,1992,62.0932610010507
per,1993,61.9949049764333
per,1994,61.8967047482327
per,1995,61.7986600696668
per,1996,61.7007706943441
per,1997,61.6030363762636
per,1998,61.5054568698139
per,1999,61.4080319297726
per,2000,61.3107613113057
per,2001,61.2136447699672
per,2002,61.1166820616981
per,2003,61.0198729428261
per,2004,60.9232171700649
per,2005,60.8267145005135
per,2006,60.7303646916556
per,2007,60.6341675013592
per,2008,66.7066269165678
per,2009,79.7652811789436
per,2010,65.4517858562864
per,2011,64.5284523774436
per,2012,62.7946753986015
per,2013,74.7400089338306
per,2014,79.2581131688544
per,2015,155.104575274194
per,2016,152.143228557703
per,2017,169.682876305554
per,2018,139.436515073724
per,2019,145.047948122004
per,2020,112.703795756696
per,2021,88.8307397476955
per,2022,93.727296106182
phl,1888,0
phl,1889,0
phl,1890,0
phl,1891,0
phl,1892,0
phl,1893,0
phl,1894,0
phl,1895,0
phl,1896,0
phl,1897,0
phl,1898,0
phl,1899,0
phl,1900,0
phl,1901,0
phl,1902,0
phl,1903,0
phl,1904,0
phl,1905,0
phl,1906,0
phl,1907,0
phl,1908,0
phl,1909,0
phl,1910,0
phl,1911,0
phl,1912,0
phl,1913,0
phl,1914,0
phl,1915,0
phl,1916,0
phl,1917,0
phl,1918,0
phl,1919,0
phl,1920,0
phl,1921,0
phl,1922,0
phl,1923,0
phl,1924,0
phl,1925,0
phl,1926,0
phl,1927,0
phl,1928,0
phl,1929,0
phl,1930,0
phl,1931,0
phl,1932,0
phl,1933,0
phl,1934,0
phl,1935,0
phl,1936,0
phl,1937,0
phl,1938,0
phl,1939,0
phl,1940,0
phl,1941,0
phl,1942,0
phl,1943,0
phl,1944,0
phl,1945,0
phl,1946,0
phl,1947,0
phl,1948,0
phl,1949,0
phl,1950,0
phl,1951,0
phl,1952,0
phl,1953,0
phl,1954,0
phl,1955,0
phl,1956,0
phl,1957,0
phl,1958,0
phl,1959,0
phl,1960,41.8374746423865
phl,1961,41.8374746423865
phl,1962,41.8374746423865
phl,1963,41.8374746423865
phl,1964,41.8374746423865
phl,1965,59.9292869224811
phl,1966,59.9292869224811
phl,1967,59.9292869224811
phl,1968,59.9292869224811
phl,1969,59.9292869224811
phl,1970,92.2446214219397
phl,1971,89.6513685315878
phl,1972,102.775107693633
phl,1973,132.705462306666
phl,1974,118.692753005911
phl,1975,89.6183496407215
phl,1976,108.159726819535
phl,1977,96.6462935658965
phl,1978,98.2210406687547
phl,1979,74.6074538699283
phl,1980,72.9057110329687
phl,1981,104.291436758805
phl,1982,81.4195050471309
phl,1983,62.5428591302892
phl,1984,57.3030151412628
phl,1985,58.8447433532546
phl,1986,30.3172690399789
phl,1987,29.2592519898441
phl,1988,28.2381577930474
phl,1989,27.2526979097695
phl,1990,26.301628767866
phl,1991,25.3837501935781
phl,1992,26.4977705782493
phl,1993,34.1367675017085
phl,1994,35.4895065402377
phl,1995,36.6035269249089
phl,1996,38.2745575019156
phl,1997,43.3672221175551
phl,1998,44.3220967329875
phl,1999,39.9455880789223
phl,2000,40.5821711558772
phl,2001,40.0251609635417
phl,2002,44.4812425022262
phl,2003,49.5117111511287
phl,2004,55.1110851049206
phl,2005,61.3437029508232
phl,2006,68.2811794497375
phl,2007,76.0032284126187
phl,2008,84.5985786375122
phl,2009,94.1659934316564
phl,2010,85.8253343426468
phl,2011,78.5637367107244
phl,2012,114.462907967198
phl,2013,166.656671579433
phl,2014,171.555833282382
phl,2015,183.309929932475
phl,2016,182.795143585517
phl,2017,188.900325877883
phl,2018,189.656179519639
phl,2019,186.709657542474
phl,2020,190.972082858905
phl,2021,195.450517605035
phl,2022,197.536563154702
pol,1888,0
pol,1889,0
pol,1890,0
pol,1891,0
pol,1892,0
pol,1893,0
pol,1894,0
pol,1895,0
pol,1896,0
pol,1897,0
pol,1898,0
pol,1899,0
pol,1900,0
pol,1901,0
pol,1902,0
pol,1903,0
pol,1904,0
pol,1905,0
pol,1906,0
pol,1907,0
pol,1908,0
pol,1909,0
pol,1910,0
pol,1911,0
pol,1912,0
pol,1913,0
pol,1914,0
pol,1915,0
pol,1916,0
pol,1917,0
pol,1918,0
pol,1919,0
pol,1920,0
pol,1921,0
pol,1922,0
pol,1923,0
pol,1924,0
pol,1925,0
pol,1926,0
pol,1927,0
pol,1928,0
pol,1929,0
pol,1930,0
pol,1931,0
pol,1932,0
pol,1933,0
pol,1934,0
pol,1935,0
pol,1936,0
pol,1937,0
pol,1938,0
pol,1939,0
pol,1940,0
pol,1941,0
pol,1942,0
pol,1943,0
pol,1944,0
pol,1945,0
pol,1946,0
pol,1947,0
pol,1948,0
pol,1949,0
pol,1950,0
pol,1951,0
pol,1952,0
pol,1953,0
pol,1954,0
pol,1955,0
pol,1956,0
pol,1957,0
pol,1958,0
pol,1959,0
pol,1960,218.38942716356
pol,1961,228.941674600302
pol,1962,241.657883364966
pol,1963,252.075633743993
pol,1964,263.945770246587
pol,1965,277.470776650452
pol,1966,286.865539373794
pol,1967,297.058775639246
pol,1968,308.118348788993
pol,1969,314.69439341734
pol,1970,321.57673281319
pol,1971,328.779633376773
pol,1972,333.788349382288
pol,1973,338.952071523155
pol,1974,344.275596817609
pol,1975,343.740016317731
pol,1976,343.206053287777
pol,1977,342.673702842939
pol,1978,342.142960113158
pol,1979,341.613820243084
pol,1980,341.08627839203
pol,1981,340.56032973393
pol,1982,340.03596945729
pol,1983,339.513192765148
pol,1984,338.99199487503
pol,1985,338.472371018903
pol,1986,337.954316443136
pol,1987,337.437826408453
pol,1988,336.922896189891
pol,1989,336.409521076755
pol,1990,335.89769637258
pol,1991,335.38741739508
pol,1992,334.878679476113
pol,1993,334.371477961634
pol,1994,333.865808211652
pol,1995,355.161894444448
pol,1996,337.095274326072
pol,1997,337.745405651618
pol,1998,328.412452497941
pol,1999,343.679590447555
pol,2000,355.92003819076
pol,2001,309.522910114126
pol,2002,326.224115440784
pol,2003,339.215243665157
pol,2004,338.746666511002
pol,2005,353.365518928492
pol,2006,403.827991642802
pol,2007,317.056974165636
pol,2008,388.762167896757
pol,2009,383.447168653565
pol,2010,434.284649242061
pol,2011,414.356160766514
pol,2012,380.863116744569
pol,2013,369.08379916503
pol,2014,424.906895971431
pol,2015,265.522833902251
pol,2016,307.083565058321
pol,2017,330.143400660631
pol,2018,341.487990236416
pol,2019,405.50023834591
pol,2020,462.47172319682
pol,2021,456.126861063427
pol,2022,427.586052904308
pri,1888,0
pri,1889,0
pri,1890,0
pri,1891,0
pri,1892,0
pri,1893,0
pri,1894,0
pri,1895,0
pri,1896,0
pri,1897,0
pri,1898,0
pri,1899,0
pri,1900,0
pri,1901,0
pri,1902,0
pri,1903,0
pri,1904,0
pri,1905,0
pri,1906,0
pri,1907,0
pri,1908,0
pri,1909,0
pri,1910,0
pri,1911,0
pri,1912,0
pri,1913,0
pri,1914,0
pri,1915,0
pri,1916,0
pri,1917,0
pri,1918,0
pri,1919,0
pri,1920,0
pri,1921,0
pri,1922,0
pri,1923,0
pri,1924,0
pri,1925,0
pri,1926,0
pri,1927,0
pri,1928,0
pri,1929,0
pri,1930,0
pri,1931,0
pri,1932,0
pri,1933,0
pri,1934,0
pri,1935,0
pri,1936,0
pri,1937,0
pri,1938,0
pri,1939,0
pri,1940,0
pri,1941,0
pri,1942,0
pri,1943,0
pri,1944,0
pri,1945,0
pri,1946,0
pri,1947,0
pri,1948,0
pri,1949,0
pri,1950,0
pri,1951,0
pri,1952,0
pri,1953,0
pri,1954,0
pri,1955,0
pri,1956,0
pri,1957,0
pri,1958,0
pri,1959,0
pri,1960,38.6486655302857
pri,1961,37.528415241335
pri,1962,36.2013403462267
pri,1963,35.3013878165296
pri,1964,34.3108575988048
pri,1965,52.3231972458838
pri,1966,51.119919846056
pri,1967,48.7338407025892
pri,1968,45.9397673301956
pri,1969,44.4005487684324
pri,1970,52.2934583336162
pri,1971,54.9083450476066
pri,1972,51.1530413158812
pri,1973,54.1785128844087
pri,1974,56.7818975497817
pri,1975,56.9370618390267
pri,1976,52.6197210939663
pri,1977,54.2171044237232
pri,1978,56.6279341723712
pri,1979,55.903077068411
pri,1980,51.0042938715154
pri,1981,51.0734334075623
pri,1982,42.1451641848338
pri,1983,38.6806209747218
pri,1984,39.7243087371173
pri,1985,39.5240455518736
pri,1986,40.4858651590906
pri,1987,40.0263002399882
pri,1988,39.362579511489
pri,1989,41.4158875997987
pri,1990,36.3233712375015
pri,1991,35.8509726458635
pri,1992,33.064609358773
pri,1993,35.6959507430651
pri,1994,34.229483292521
pri,1995,35.5000587282052
pri,1996,32.0465802519417
pri,1997,29.9710782459537
pri,1998,25.7667548607843
pri,1999,26.616628038633
pri,2000,20.0640836587034
pri,2001,21.7000961966644
pri,2002,22.7331254828796
pri,2003,24.9618437350204
pri,2004,25.8601310200325
pri,2005,23.0794105920394
pri,2006,22.0185394399029
pri,2007,22.7170276668025
pri,2008,21.5457655077594
pri,2009,12.9821327835805
pri,2010,13.9626305653226
pri,2011,16.6714696541983
pri,2012,12.3685518865611
pri,2013,16.0599642969289
pri,2014,15.2419194132609
pri,2015,16.2834621650924
pri,2016,20.692055974255
pri,2017,16.2809376564947
pri,2018,15.7596304498285
pri,2019,17.8894791479477
pri,2020,18.0213818001895
pri,2021,18.0638239990552
pri,2022,18.0806616643717
prt,1888,0
prt,1889,0
prt,1890,0
prt,1891,0
prt,1892,0
prt,1893,0
prt,1894,0
prt,1895,0
prt,1896,0
prt,1897,0
prt,1898,0
prt,1899,0
prt,1900,0
prt,1901,0
prt,1902,0
prt,1903,0
prt,1904,0
prt,1905,0
prt,1906,0
prt,1907,0
prt,1908,0
prt,1909,0
prt,1910,0
prt,1911,0
prt,1912,0
prt,1913,0
prt,1914,0
prt,1915,0
prt,1916,0
prt,1917,0
prt,1918,0
prt,1919,0
prt,1920,0
prt,1921,0
prt,1922,0
prt,1923,0
prt,1924,0
prt,1925,0
prt,1926,0
prt,1927,0
prt,1928,0
prt,1929,0
prt,1930,0
prt,1931,0
prt,1932,0
prt,1933,0
prt,1934,0
prt,1935,0
prt,1936,0
prt,1937,0
prt,1938,0
prt,1939,0
prt,1940,0
prt,1941,0
prt,1942,0
prt,1943,0
prt,1944,0
prt,1945,0
prt,1946,0
prt,1947,0
prt,1948,0
prt,1949,0
prt,1950,0
prt,1951,0
prt,1952,0
prt,1953,0
prt,1954,0
prt,1955,0
prt,1956,0
prt,1957,0
prt,1958,0
prt,1959,0
prt,1960,25.2958223769428
prt,1961,28.2922519513202
prt,1962,31.9415122805056
prt,1963,36.1701967856756
prt,1964,40.4523667268794
prt,1965,44.1046161832827
prt,1966,47.6310483328723
prt,1967,52.270742093272
prt,1968,58.8143307860267
prt,1969,62.8169290078054
prt,1970,69.9063072461555
prt,1971,76.712046425578
prt,1972,59.8035720002626
prt,1973,64.9229078990145
prt,1974,70.010001954522
prt,1975,75.0699294265279
prt,1976,80.6253826000249
prt,1977,81.1687926624834
prt,1978,84.8188952458494
prt,1979,82.2298574104414
prt,1980,79.9399073104368
prt,1981,78.2209111402801
prt,1982,67.3816101639942
prt,1983,75.9090271969696
prt,1984,78.406422366799
prt,1985,85.7993370829916
prt,1986,88.9976995012599
prt,1987,99.9273269013541
prt,1988,107.564601747947
prt,1989,116.948141020113
prt,1990,120.703605922786
prt,1991,133.710181171451
prt,1992,141.574842036667
prt,1993,141.738167308871
prt,1994,142.448951534264
prt,1995,170.909467208615
prt,1996,167.727460694148
prt,1997,162.224091939938
prt,1998,184.877957717217
prt,1999,206.537944349576
prt,2000,204.464564378854
prt,2001,201.80157032716
prt,2002,184.345835188398
prt,2003,169.2239523415
prt,2004,176.988988390473
prt,2005,182.634568337407
prt,2006,171.359365172693
prt,2007,160.929988118498
prt,2008,138.877463771249
prt,2009,152.289909122389
prt,2010,140.071052115795
prt,2011,155.064892489343
prt,2012,126.657304121634
prt,2013,105.077503316996
prt,2014,98.3579834046707
prt,2015,81.3430930294115
prt,2016,81.9893574882516
prt,2017,81.907213629605
prt,2018,91.7708312822279
prt,2019,90.7742383554628
prt,2020,86.6474759101817
prt,2021,86.8838710341628
prt,2022,89.0575630399789
pry,1888,0
pry,1889,0
pry,1890,0
pry,1891,0
pry,1892,0
pry,1893,0
pry,1894,0
pry,1895,0
pry,1896,0
pry,1897,0
pry,1898,0
pry,1899,0
pry,1900,0
pry,1901,0
pry,1902,0
pry,1903,0
pry,1904,0
pry,1905,0
pry,1906,0
pry,1907,0
pry,1908,0
pry,1909,0
pry,1910,0
pry,1911,0
pry,1912,0
pry,1913,0
pry,1914,0
pry,1915,0
pry,1916,0
pry,1917,0
pry,1918,0
pry,1919,0
pry,1920,0
pry,1921,0
pry,1922,0
pry,1923,0
pry,1924,0
pry,1925,0
pry,1926,0
pry,1927,0
pry,1928,0
pry,1929,0
pry,1930,0
pry,1931,0
pry,1932,0
pry,1933,0
pry,1934,0
pry,1935,0
pry,1936,0
pry,1937,0
pry,1938,0
pry,1939,0
pry,1940,0
pry,1941,0
pry,1942,0
pry,1943,0
pry,1944,0
pry,1945,0
pry,1946,0
pry,1947,0
pry,1948,0
pry,1949,0
pry,1950,0
pry,1951,0
pry,1952,0
pry,1953,0
pry,1954,0
pry,1955,0
pry,1956,0
pry,1957,0
pry,1958,0
pry,1959,0
pry,1960,1.26232189131725
pry,1961,1.26232189131725
pry,1962,1.26232189131725
pry,1963,1.26232189131725
pry,1964,1.26232189131725
pry,1965,1.26232189131725
pry,1966,1.68309585508967
pry,1967,1.68309585508967
pry,1968,1.68309585508967
pry,1969,1.68309585508967
pry,1970,1.68309585508967
pry,1971,4.41812661961039
pry,1972,4.41812661961039
pry,1973,4.41812661961039
pry,1974,4.41812661961039
pry,1975,4.41812661961039
pry,1976,4.41812661961039
pry,1977,4.41812661961039
pry,1978,4.41812661961039
pry,1979,4.41812661961039
pry,1980,4.41812661961039
pry,1981,21.4594721523933
pry,1982,25.4768253128829
pry,1983,26.4411903515789
pry,1984,19.4196876069646
pry,1985,17.4392013888334
pry,1986,12.9543961781562
pry,1987,9.64446035262822
pry,1988,8.97086826777305
pry,1989,12.3472514062731
pry,1990,13.6967405838074
pry,1991,21.6889610213846
pry,1992,28.2534910551492
pry,1993,23.3490781071741
pry,1994,25.0122172542704
pry,1995,25.2544758689221
pry,1996,25.6411837148735
pry,1997,25.0548845786128
pry,1998,21.9806982972627
pry,1999,19.7465842749993
pry,2000,17.6564562062765
pry,2001,15.7034626058509
pry,2002,13.8810908834786
pry,2003,12.1831762665866
pry,2004,10.2144312673128
pry,2005,9.70050553580533
pry,2006,15.3867545529469
pry,2007,11.8148215826975
pry,2008,12.0647142157703
pry,2009,21.709637146947
pry,2010,17.0397777121691
pry,2011,25.179924154266
pry,2012,31.1588179549016
pry,2013,28.1817628656147
pry,2014,24.5331060133178
pry,2015,31.8323355397345
pry,2016,35.6040414141806
pry,2017,38.359689428846
pry,2018,36.9979156980756
pry,2019,33.9810692232029
pry,2020,32.1102833281149
pry,2021,34.3443095744032
pry,2022,34.3854721160865
qat,1888,0
qat,1889,0
qat,1890,0
qat,1891,0
qat,1892,0
qat,1893,0
qat,1894,0
qat,1895,0
qat,1896,0
qat,1897,0
qat,1898,0
qat,1899,0
qat,1900,0
qat,1901,0
qat,1902,0
qat,1903,0
qat,1904,0
qat,1905,0
qat,1906,0
qat,1907,0
qat,1908,0
qat,1909,0
qat,1910,0
qat,1911,0
qat,1912,0
qat,1913,0
qat,1914,0
qat,1915,0
qat,1916,0
qat,1917,0
qat,1918,0
qat,1919,0
qat,1920,0
qat,1921,0
qat,1922,0
qat,1923,0
qat,1924,0
qat,1925,0
qat,1926,0
qat,1927,0
qat,1928,0
qat,1929,0
qat,1930,0
qat,1931,0
qat,1932,0
qat,1933,0
qat,1934,0
qat,1935,0
qat,1936,0
qat,1937,0
qat,1938,0
qat,1939,0
qat,1940,0
qat,1941,0
qat,1942,0
qat,1943,0
qat,1944,0
qat,1945,0
qat,1946,0
qat,1947,0
qat,1948,0
qat,1949,0
qat,1950,0
qat,1951,0
qat,1952,0
qat,1953,0
qat,1954,0
qat,1955,0
qat,1956,0
qat,1957,0
qat,1958,0
qat,1959,0
qat,1960,0
qat,1961,1.01596587281172
qat,1962,1.01596587281172
qat,1963,1.01596587281172
qat,1964,1.01596587281172
qat,1965,1.01596587281172
qat,1966,2.03193174562343
qat,1967,2.03193174562343
qat,1968,2.03193174562343
qat,1969,2.03193174562343
qat,1970,2.03193174562343
qat,1971,2.53991468202929
qat,1972,2.53991468202929
qat,1973,2.53991468202929
qat,1974,2.53991468202929
qat,1975,2.53991468202929
qat,1976,3.555880554841
qat,1977,3.555880554841
qat,1978,3.555880554841
qat,1979,3.555880554841
qat,1980,3.555880554841
qat,1981,3.80987202304393
qat,1982,3.86158925539474
qat,1983,3.91400852500713
qat,1984,4.15567005472513
qat,1985,4.41225242443938
qat,1986,4.68467688738559
qat,1987,4.97392157747938
qat,1988,5.28102502128417
qat,1989,5.60708986681749
qat,1990,5.95328684258389
qat,1991,6.32085896104937
qat,1992,6.71112598164971
qat,1993,7.12548914935709
qat,1994,7.56543622581867
qat,1995,8.03254683113141
qat,1996,8.52849811543248
qat,1997,9.05507078066925
qat,1998,9.61415547416956
qat,1999,10.2077595769685
qat,2000,10.8380144112651
qat,2001,11.5071828928864
qat,2002,12.2176676562365
qat,2003,12.9720196809007
qat,2004,13.7729474508811
qat,2005,14.6233266793473
qat,2006,15.5262106338197
qat,2007,16.4848410988582
qat,2008,17.5026600156172
qat,2009,18.5833218400572
qat,2010,19.7307066641876
qat,2011,20.9489341474494
qat,2012,22.2423783082602
qat,2013,16.2933494954864
qat,2014,12.2080888795053
qat,2015,12.0361701243339
qat,2016,12.0256807189561
qat,2017,10.1464687476393
qat,2018,8.20855843539289
qat,2019,9.02726289184406
qat,2020,10.2900521833159
qat,2021,9.6389104334875
qat,2022,9.06467298046114
rou,1888,0
rou,1889,0
rou,1890,0
rou,1891,0
rou,1892,0
rou,1893,0
rou,1894,0
rou,1895,0
rou,1896,0
rou,1897,0
rou,1898,0
rou,1899,0
rou,1900,0
rou,1901,0
rou,1902,0
rou,1903,0
rou,1904,0
rou,1905,0
rou,1906,0
rou,1907,0
rou,1908,0
rou,1909,0
rou,1910,0
rou,1911,0
rou,1912,0
rou,1913,0
rou,1914,0
rou,1915,0
rou,1916,0
rou,1917,0
rou,1918,0
rou,1919,0
rou,1920,0
rou,1921,0
rou,1922,0
rou,1923,0
rou,1924,0
rou,1925,0
rou,1926,0
rou,1927,0
rou,1928,0
rou,1929,0
rou,1930,0
rou,1931,0
rou,1932,0
rou,1933,0
rou,1934,0
rou,1935,0
rou,1936,0
rou,1937,0
rou,1938,0
rou,1939,0
rou,1940,0
rou,1941,0
rou,1942,0
rou,1943,0
rou,1944,0
rou,1945,0
rou,1946,0
rou,1947,0
rou,1948,0
rou,1949,0
rou,1950,0
rou,1951,0
rou,1952,0
rou,1953,0
rou,1954,0
rou,1955,0
rou,1956,0
rou,1957,0
rou,1958,0
rou,1959,0
rou,1960,33.4043360238372
rou,1961,35.0533281236654
rou,1962,36.8565690878596
rou,1963,39.9701747396879
rou,1964,43.5436573599602
rou,1965,47.6449403949167
rou,1966,52.0825271402052
rou,1967,57.1380220808499
rou,1968,62.8974653462734
rou,1969,67.4114202454525
rou,1970,72.3577836240745
rou,1971,77.7779774939383
rou,1972,83.0957174079615
rou,1973,88.8695441691992
rou,1974,95.1385749995476
rou,1975,89.2620687248495
rou,1976,83.8206952305357
rou,1977,78.7822346009431
rou,1978,74.1168526817487
rou,1979,69.7969244234811
rou,1980,65.7968703057678
rou,1981,62.0930048737405
rou,1982,58.6633964897396
rou,1983,55.4877374698677
rou,1984,52.5472238364338
rou,1985,49.8244439742686
rou,1986,47.3032755316129
rou,1987,44.9687899551006
rou,1988,42.8071640935601
rou,1989,40.8055983472165
rou,1990,38.9522408776304
rou,1991,37.2361174296023
rou,1992,35.6470663494943
rou,1993,34.1756784151974
rou,1994,32.8132411214591
rou,1995,31.5516870906684
rou,1996,32.345816545662
rou,1997,11.6001754833873
rou,1998,13.0562229536219
rou,1999,10.9923795717684
rou,2000,10.6521686658061
rou,2001,11.7009633702145
rou,2002,12.4046531711941
rou,2003,14.8250443822526
rou,2004,7.5036696859936
rou,2005,56.4931823658185
rou,2006,61.3020553582675
rou,2007,89.437864142425
rou,2008,112.481502871754
rou,2009,66.2551412973684
rou,2010,93.6987657603868
rou,2011,104.611761751386
rou,2012,99.6103488303417
rou,2013,119.880013602466
rou,2014,115.917419165064
rou,2015,127.114865868517
rou,2016,129.580235477578
rou,2017,121.911515344404
rou,2018,121.61786581885
rou,2019,133.697433763883
rou,2020,146.180061001373
rou,2021,143.225115322388
rou,2022,137.878717923835
rus,1888,0
rus,1889,0
rus,1890,0
rus,1891,0
rus,1892,0
rus,1893,0
rus,1894,0
rus,1895,0
rus,1896,0
rus,1897,0
rus,1898,0
rus,1899,0
rus,1900,0
rus,1901,0
rus,1902,0
rus,1903,0
rus,1904,0
rus,1905,0
rus,1906,0
rus,1907,0
rus,1908,0
rus,1909,0
rus,1910,0
rus,1911,0
rus,1912,0
rus,1913,0
rus,1914,0
rus,1915,0
rus,1916,0
rus,1917,0
rus,1918,0
rus,1919,0
rus,1920,0
rus,1921,0
rus,1922,0
rus,1923,0
rus,1924,0
rus,1925,0
rus,1926,0
rus,1927,0
rus,1928,0
rus,1929,0
rus,1930,0
rus,1931,0
rus,1932,0
rus,1933,0
rus,1934,0
rus,1935,0
rus,1936,0
rus,1937,0
rus,1938,0
rus,1939,0
rus,1940,0
rus,1941,0
rus,1942,0
rus,1943,0
rus,1944,0
rus,1945,0
rus,1946,0
rus,1947,0
rus,1948,0
rus,1949,0
rus,1950,0
rus,1951,0
rus,1952,0
rus,1953,0
rus,1954,0
rus,1955,0
rus,1956,0
rus,1957,0
rus,1958,0
rus,1959,0
rus,1960,0
rus,1961,0
rus,1962,0
rus,1963,0
rus,1964,0
rus,1965,0
rus,1966,0
rus,1967,0
rus,1968,0
rus,1969,0
rus,1970,0
rus,1971,0
rus,1972,0
rus,1973,0
rus,1974,0
rus,1975,0
rus,1976,0
rus,1977,0
rus,1978,0
rus,1979,0
rus,1980,0
rus,1981,0
rus,1982,0
rus,1983,0
rus,1984,0
rus,1985,0
rus,1986,0
rus,1987,0
rus,1988,0
rus,1989,0
rus,1990,0
rus,1991,0
rus,1992,0
rus,1993,0
rus,1994,453.615194763449
rus,1995,249.475387927751
rus,1996,219.986874117891
rus,1997,247.412544339998
rus,1998,267.318885426299
rus,1999,235.653719796537
rus,2000,264.793964425889
rus,2001,322.845606927172
rus,2002,395.417270117712
rus,2003,424.098334568052
rus,2004,427.058012122923
rus,2005,464.455449490231
rus,2006,535.41809178138
rus,2007,615.369556111444
rus,2008,676.972705241459
rus,2009,700.761652271064
rus,2010,649.393252747881
rus,2011,630.744675365889
rus,2012,584.394718834336
rus,2013,699.318367298019
rus,2014,702.219929896724
rus,2015,783.52792303171
rus,2016,781.550462626416
rus,2017,748.775678643764
rus,2018,783.43431716115
rus,2019,831.037287692353
rus,2020,854.177212226191
rus,2021,861.393071731344
rus,2022,859.959140568752
rwa,1888,0
rwa,1889,0
rwa,1890,0
rwa,1891,0
rwa,1892,0
rwa,1893,0
rwa,1894,0
rwa,1895,0
rwa,1896,0
rwa,1897,0
rwa,1898,0
rwa,1899,0
rwa,1900,0
rwa,1901,0
rwa,1902,0
rwa,1903,0
rwa,1904,0
rwa,1905,0
rwa,1906,0
rwa,1907,0
rwa,1908,0
rwa,1909,0
rwa,1910,0
rwa,1911,0
rwa,1912,0
rwa,1913,0
rwa,1914,0
rwa,1915,0
rwa,1916,0
rwa,1917,0
rwa,1918,0
rwa,1919,0
rwa,1920,0
rwa,1921,0
rwa,1922,0
rwa,1923,0
rwa,1924,0
rwa,1925,0
rwa,1926,0
rwa,1927,0
rwa,1928,0
rwa,1929,0
rwa,1930,0
rwa,1931,0
rwa,1932,0
rwa,1933,0
rwa,1934,0
rwa,1935,0
rwa,1936,0
rwa,1937,0
rwa,1938,0
rwa,1939,0
rwa,1940,0
rwa,1941,0
rwa,1942,0
rwa,1943,0
rwa,1944,0
rwa,1945,0
rwa,1946,0
rwa,1947,0
rwa,1948,0
rwa,1949,0
rwa,1950,0
rwa,1951,0
rwa,1952,0
rwa,1953,0
rwa,1954,0
rwa,1955,0
rwa,1956,0
rwa,1957,0
rwa,1958,0
rwa,1959,0
rwa,1960,3.87403600600241
rwa,1961,3.87403600600241
rwa,1962,4.64923671009838
rwa,1963,5.42443741419434
rwa,1964,6.1996381182903
rwa,1965,6.97483882238626
rwa,1966,7.74807201200482
rwa,1967,7.62608611440597
rwa,1968,7.50213270232971
rwa,1969,7.38014680473086
rwa,1970,7.2561933926546
rwa,1971,7.13420749505574
rwa,1972,6.70332182450494
rwa,1973,6.27243615395414
rwa,1974,5.84155048340333
rwa,1975,5.41066481285253
rwa,1976,6.21734574858691
rwa,1977,17.7076302966083
rwa,1978,11.8050868644055
rwa,1979,13.7726013418064
rwa,1980,13.7726013418064
rwa,1981,13.7726013418064
rwa,1982,9.8375723870046
rwa,1983,11.8050868644055
rwa,1984,9.8375723870046
rwa,1985,17.7076302966083
rwa,1986,13.1984883545503
rwa,1987,9.8375723870046
rwa,1988,17.7076302966083
rwa,1989,5.90254343220276
rwa,1990,17.7076302966083
rwa,1991,5.90254343220276
rwa,1992,6.45739439324323
rwa,1993,7.06440246121626
rwa,1994,7.72847050913567
rwa,1995,8.45496228994524
rwa,1996,9.24974576015959
rwa,1997,10.1192404760145
rwa,1998,11.0704694449508
rwa,1999,12.1111158512421
rwa,2000,13.2495851139454
rwa,2001,14.4950727784244
rwa,2002,15.8576387898123
rwa,2003,17.3482887483297
rwa,2004,18.9790628027657
rwa,2005,20.7631329001258
rwa,2006,22.5275607456033
rwa,2007,22.1867042841825
rwa,2008,23.5255002471516
rwa,2009,25.8269832412824
rwa,2010,27.5574870185218
rwa,2011,30.6427052482919
rwa,2012,36.7852779231237
rwa,2013,38.1854403227655
rwa,2014,42.3682146198414
rwa,2015,30.281525542736
rwa,2016,28.8132358534459
rwa,2017,30.0851506833291
rwa,2018,30.3126085216646
rwa,2019,31.0605490944096
rwa,2020,32.6105865572209
rwa,2021,32.6237658663131
rwa,2022,34.7902925020543
sau,1888,0
sau,1889,0
sau,1890,0
sau,1891,0
sau,1892,0
sau,1893,0
sau,1894,0
sau,1895,0
sau,1896,0
sau,1897,0
sau,1898,0
sau,1899,0
sau,1900,0
sau,1901,0
sau,1902,0
sau,1903,0
sau,1904,0
sau,1905,0
sau,1906,0
sau,1907,0
sau,1908,0
sau,1909,0
sau,1910,0
sau,1911,0
sau,1912,0
sau,1913,0
sau,1914,0
sau,1915,0
sau,1916,0
sau,1917,0
sau,1918,0
sau,1919,0
sau,1920,0
sau,1921,0
sau,1922,0
sau,1923,0
sau,1924,0
sau,1925,0
sau,1926,0
sau,1927,0
sau,1928,0
sau,1929,0
sau,1930,0
sau,1931,0
sau,1932,0
sau,1933,0
sau,1934,0
sau,1935,0
sau,1936,0
sau,1937,0
sau,1938,0
sau,1939,0
sau,1940,0
sau,1941,0
sau,1942,0
sau,1943,0
sau,1944,0
sau,1945,0
sau,1946,0
sau,1947,0
sau,1948,0
sau,1949,0
sau,1950,0
sau,1951,0
sau,1952,0
sau,1953,0
sau,1954,0
sau,1955,0
sau,1956,0
sau,1957,0
sau,1958,0
sau,1959,0
sau,1960,0
sau,1961,10.667641664523
sau,1962,10.667641664523
sau,1963,10.667641664523
sau,1964,10.667641664523
sau,1965,10.667641664523
sau,1966,17.0174283695962
sau,1967,17.0174283695962
sau,1968,17.0174283695962
sau,1969,17.0174283695962
sau,1970,17.0174283695962
sau,1971,23.1132236064665
sau,1972,23.1132236064665
sau,1973,23.1132236064665
sau,1974,23.1132236064665
sau,1975,23.1132236064665
sau,1976,29.2090188433368
sau,1977,29.2090188433368
sau,1978,29.2090188433368
sau,1979,29.2090188433368
sau,1980,29.2090188433368
sau,1981,59.4340035594853
sau,1982,66.1703372124272
sau,1983,71.7445714466491
sau,1984,88.9238127861107
sau,1985,102.99857685306
sau,1986,129.193089554733
sau,1987,141.435038514097
sau,1988,161.882837937349
sau,1989,162.97797239253
sau,1990,161.076275551653
sau,1991,165.052688475713
sau,1992,175.922592370721
sau,1993,188.558241786204
sau,1994,192.402662966191
sau,1995,186.550725208161
sau,1996,178.410791429892
sau,1997,181.896714480116
sau,1998,209.219223594591
sau,1999,193.955734251896
sau,2000,178.786555712665
sau,2001,186.443468453527
sau,2002,182.414051421598
sau,2003,177.153045815754
sau,2004,168.261601784802
sau,2005,150.586334318851
sau,2006,144.183689968301
sau,2007,139.618839685186
sau,2008,127.31442416162
sau,2009,148.920937835689
sau,2010,145.577535511164
sau,2011,135.536831768224
sau,2012,136.900851571882
sau,2013,144.87520623876
sau,2014,155.799501565402
sau,2015,189.368469958006
sau,2016,202.590113757218
sau,2017,199.455203817378
sau,2018,181.31503020313
sau,2019,187.790996428323
sau,2020,205.991601457093
sau,2021,197.377758762298
sau,2022,191.455129474517
sen,1888,0
sen,1889,0
sen,1890,0
sen,1891,0
sen,1892,0
sen,1893,0
sen,1894,0
sen,1895,0
sen,1896,0
sen,1897,0
sen,1898,0
sen,1899,0
sen,1900,0
sen,1901,0
sen,1902,0
sen,1903,0
sen,1904,0
sen,1905,0
sen,1906,0
sen,1907,0
sen,1908,0
sen,1909,0
sen,1910,0
sen,1911,0
sen,1912,0
sen,1913,0
sen,1914,0
sen,1915,0
sen,1916,0
sen,1917,0
sen,1918,0
sen,1919,0
sen,1920,0
sen,1921,0
sen,1922,0
sen,1923,0
sen,1924,0
sen,1925,0
sen,1926,0
sen,1927,0
sen,1928,0
sen,1929,0
sen,1930,0
sen,1931,0
sen,1932,0
sen,1933,0
sen,1934,0
sen,1935,0
sen,1936,0
sen,1937,0
sen,1938,0
sen,1939,0
sen,1940,0
sen,1941,0
sen,1942,0
sen,1943,0
sen,1944,0
sen,1945,0
sen,1946,0
sen,1947,0
sen,1948,0
sen,1949,0
sen,1950,0
sen,1951,0
sen,1952,0
sen,1953,0
sen,1954,0
sen,1955,0
sen,1956,0
sen,1957,0
sen,1958,0
sen,1959,0
sen,1960,27.0744414860454
sen,1961,27.0744414860454
sen,1962,27.0744414860454
sen,1963,27.7004401331216
sen,1964,28.3188417092382
sen,1965,28.9585150840418
sen,1966,29.6194602575324
sen,1967,30.303196643902
sen,1968,31.0127630715345
sen,1969,31.7496789546218
sen,1970,32.5504102337702
sen,1971,38.7116347820566
sen,1972,34.4116926188875
sen,1973,35.6287433866255
sen,1974,37.980796555737
sen,1975,44.1572152459427
sen,1976,50.341231007108
sen,1977,50.5812984494334
sen,1978,53.1886132027895
sen,1979,49.5450579705354
sen,1980,48.2292452803218
sen,1981,56.7683530389825
sen,1982,46.8764461537447
sen,1983,61.9550312084807
sen,1984,70.7358179457946
sen,1985,94.1331360880254
sen,1986,70.1554375490265
sen,1987,59.2317182697412
sen,1988,57.9148355495297
sen,1989,47.6607883904798
sen,1990,45.4148025449095
sen,1991,45.2041135627092
sen,1992,49.5500245367785
sen,1993,51.2908413939753
sen,1994,61.1368048177369
sen,1995,43.7359483793746
sen,1996,40.4593956543677
sen,1997,40.4689757514585
sen,1998,44.5434388431114
sen,1999,37.3704484598189
sen,2000,40.5211421951989
sen,2001,34.731647987661
sen,2002,39.7987088051199
sen,2003,46.2485658902194
sen,2004,40.6875309925538
sen,2005,40.6855636183035
sen,2006,33.1697097137233
sen,2007,32.422047147807
sen,2008,43.5309853555922
sen,2009,47.8157435089571
sen,2010,54.7647747952636
sen,2011,50.4816070868118
sen,2012,42.5997064500133
sen,2013,55.5144480702555
sen,2014,69.1364988544207
sen,2015,51.0839935308731
sen,2016,50.4650363303737
sen,2017,53.2430889998511
sen,2018,54.1206857206286
sen,2019,54.7138572132997
sen,2020,56.2469919153899
sen,2021,56.6280681948738
sen,2022,58.831344349969
sgp,1888,0
sgp,1889,0
sgp,1890,0
sgp,1891,0
sgp,1892,0
sgp,1893,0
sgp,1894,0
sgp,1895,0
sgp,1896,0
sgp,1897,0
sgp,1898,0
sgp,1899,0
sgp,1900,0
sgp,1901,0
sgp,1902,0
sgp,1903,0
sgp,1904,0
sgp,1905,0
sgp,1906,0
sgp,1907,0
sgp,1908,0
sgp,1909,0
sgp,1910,0
sgp,1911,0
sgp,1912,0
sgp,1913,0
sgp,1914,0
sgp,1915,0
sgp,1916,0
sgp,1917,0
sgp,1918,0
sgp,1919,0
sgp,1920,0
sgp,1921,0
sgp,1922,0
sgp,1923,0
sgp,1924,0
sgp,1925,0
sgp,1926,0
sgp,1927,0
sgp,1928,0
sgp,1929,0
sgp,1930,0
sgp,1931,0
sgp,1932,0
sgp,1933,0
sgp,1934,0
sgp,1935,0
sgp,1936,0
sgp,1937,0
sgp,1938,0
sgp,1939,0
sgp,1940,0
sgp,1941,0
sgp,1942,0
sgp,1943,0
sgp,1944,0
sgp,1945,0
sgp,1946,0
sgp,1947,0
sgp,1948,0
sgp,1949,0
sgp,1950,0
sgp,1951,0
sgp,1952,0
sgp,1953,0
sgp,1954,0
sgp,1955,0
sgp,1956,0
sgp,1957,0
sgp,1958,0
sgp,1959,0
sgp,1960,2.79390615023222
sgp,1961,2.79390615023222
sgp,1962,2.79390615023222
sgp,1963,2.79390615023222
sgp,1964,2.79390615023222
sgp,1965,2.79390615023222
sgp,1966,10.4136501963201
sgp,1967,10.4136501963201
sgp,1968,10.4136501963201
sgp,1969,10.4136501963201
sgp,1970,10.4136501963201
sgp,1971,3.80987202304393
sgp,1972,3.80987202304393
sgp,1973,3.80987202304393
sgp,1974,3.80987202304393
sgp,1975,3.80987202304393
sgp,1976,5.33382083226151
sgp,1977,5.33382083226151
sgp,1978,5.33382083226151
sgp,1979,5.33382083226151
sgp,1980,5.33382083226151
sgp,1981,7.11176110968201
sgp,1982,7.6793751566698
sgp,1983,8.29229242762264
sgp,1984,8.95412872823195
sgp,1985,9.66878845404333
sgp,1986,10.4404876238027
sgp,1987,11.2737787511726
sgp,1988,12.173577701546
sgp,1989,13.1451926923937
sgp,1990,14.1943556082298
sgp,1991,15.3272558149314
sgp,1992,16.5505766728953
sgp,1993,17.871534964435
sgp,1994,19.2979234680135
sgp,1995,20.8381569304715
sgp,1996,22.5013217084572
sgp,1997,24.2972293719083
sgp,1998,26.2364745858123
sgp,1999,31.4268149233551
sgp,2000,31.832359022128
sgp,2001,43.4541862663049
sgp,2002,13.1782370058895
sgp,2003,9.50380841222625
sgp,2004,13.0322698745211
sgp,2005,11.6964597458141
sgp,2006,9.8950890326388
sgp,2007,10.1677462294559
sgp,2008,12.3519339652809
sgp,2009,16.5304856692318
sgp,2010,17.5676495726459
sgp,2011,21.8198326989498
sgp,2012,23.7972360444533
sgp,2013,38.1008178772735
sgp,2014,43.2950370082442
sgp,2015,41.9695514075278
sgp,2016,38.6079228770614
sgp,2017,38.1900341290295
sgp,2018,60.8057059526895
sgp,2019,49.7073486104213
sgp,2020,39.5810535617712
sgp,2021,40.143512708755
sgp,2022,37.8507657395508
slv,1888,0
slv,1889,0
slv,1890,0
slv,1891,0
slv,1892,0
slv,1893,0
slv,1894,0
slv,1895,0
slv,1896,0
slv,1897,0
slv,1898,0
slv,1899,0
slv,1900,0
slv,1901,0
slv,1902,0
slv,1903,0
slv,1904,0
slv,1905,0
slv,1906,0
slv,1907,0
slv,1908,0
slv,1909,0
slv,1910,0
slv,1911,0
slv,1912,0
slv,1913,0
slv,1914,0
slv,1915,0
slv,1916,0
slv,1917,0
slv,1918,0
slv,1919,0
slv,1920,0
slv,1921,0
slv,1922,0
slv,1923,0
slv,1924,0
slv,1925,0
slv,1926,0
slv,1927,0
slv,1928,0
slv,1929,0
slv,1930,0
slv,1931,0
slv,1932,0
slv,1933,0
slv,1934,0
slv,1935,0
slv,1936,0
slv,1937,0
slv,1938,0
slv,1939,0
slv,1940,0
slv,1941,0
slv,1942,0
slv,1943,0
slv,1944,0
slv,1945,0
slv,1946,0
slv,1947,0
slv,1948,0
slv,1949,0
slv,1950,0
slv,1951,0
slv,1952,0
slv,1953,0
slv,1954,0
slv,1955,0
slv,1956,0
slv,1957,0
slv,1958,0
slv,1959,0
slv,1960,0
slv,1961,10.0905065532174
slv,1962,10.0905065532174
slv,1963,10.0905065532174
slv,1964,10.0905065532174
slv,1965,10.0905065532174
slv,1966,12.1781975642279
slv,1967,12.1781975642279
slv,1968,12.1781975642279
slv,1969,12.1781975642279
slv,1970,12.1781975642279
slv,1971,12.1781975642279
slv,1972,12.1781975642279
slv,1973,12.1781975642279
slv,1974,12.1781975642279
slv,1975,12.1781975642279
slv,1976,15.6576825825787
slv,1977,15.6576825825787
slv,1978,15.6576825825787
slv,1979,15.6576825825787
slv,1980,15.6576825825787
slv,1981,18.7892190990944
slv,1982,17.4446875894304
slv,1983,17.4459895218003
slv,1984,16.7239877315127
slv,1985,16.2028449165589
slv,1986,15.6388671061896
slv,1987,15.3562967797811
slv,1988,15.2972780310895
slv,1989,15.1338039294589
slv,1990,14.8735070772068
slv,1991,14.515180697262
slv,1992,14.2962184593828
slv,1993,14.5865006988578
slv,1994,10.0484305710765
slv,1995,12.0443685365261
slv,1996,13.4181651840931
slv,1997,9.33438527488755
slv,1998,9.9720133756325
slv,1999,9.45304177948398
slv,2000,8.85222789763496
slv,2001,8.29093145109038
slv,2002,7.61905381379571
slv,2003,6.88116592499504
slv,2004,6.23055961979443
slv,2005,5.94757842443652
slv,2006,7.85978846049744
slv,2007,1.80239725447036
slv,2008,1.74044626687644
slv,2009,2.05399810894117
slv,2010,1.77391346261394
slv,2011,0.55010749374941
slv,2012,0.691982114189812
slv,2013,2.012751965057
slv,2014,5.83346393335742
slv,2015,16.8543860634818
slv,2016,8.87096250244403
slv,2017,10.7445430896941
slv,2018,15.543631528885
slv,2019,15.8988306461418
slv,2020,14.9963168450711
slv,2021,15.1878629863364
slv,2022,15.7123522717035
stp,1888,0
stp,1889,0
stp,1890,0
stp,1891,0
stp,1892,0
stp,1893,0
stp,1894,0
stp,1895,0
stp,1896,0
stp,1897,0
stp,1898,0
stp,1899,0
stp,1900,0
stp,1901,0
stp,1902,0
stp,1903,0
stp,1904,0
stp,1905,0
stp,1906,0
stp,1907,0
stp,1908,0
stp,1909,0
stp,1910,0
stp,1911,0
stp,1912,0
stp,1913,0
stp,1914,0
stp,1915,0
stp,1916,0
stp,1917,0
stp,1918,0
stp,1919,0
stp,1920,0
stp,1921,0
stp,1922,0
stp,1923,0
stp,1924,0
stp,1925,0
stp,1926,0
stp,1927,0
stp,1928,0
stp,1929,0
stp,1930,0
stp,1931,0
stp,1932,0
stp,1933,0
stp,1934,0
stp,1935,0
stp,1936,0
stp,1937,0
stp,1938,0
stp,1939,0
stp,1940,0
stp,1941,0
stp,1942,0
stp,1943,0
stp,1944,0
stp,1945,0
stp,1946,0
stp,1947,0
stp,1948,0
stp,1949,0
stp,1950,0
stp,1951,0
stp,1952,0
stp,1953,0
stp,1954,0
stp,1955,0
stp,1956,0
stp,1957,0
stp,1958,0
stp,1959,0
stp,1960,0
stp,1961,0.253991468202929
stp,1962,0.253991468202929
stp,1963,0.253991468202929
stp,1964,0.253991468202929
stp,1965,0.253991468202929
stp,1966,0.507982936405858
stp,1967,0.507982936405858
stp,1968,0.507982936405858
stp,1969,0.507982936405858
stp,1970,0.507982936405858
stp,1971,0.507982936405858
stp,1972,0.507982936405858
stp,1973,0.507982936405858
stp,1974,0.507982936405858
stp,1975,0.507982936405858
stp,1976,0.253991468202929
stp,1977,0.253991468202929
stp,1978,0.253991468202929
stp,1979,0.253991468202929
stp,1980,0.253991468202929
stp,1981,0.507982936405858
stp,1982,0.47546703109932
stp,1983,0.445032463613663
stp,1984,0.416546007852803
stp,1985,0.49888316345413
stp,1986,0.422638933671011
stp,1987,0.41635774601465
stp,1988,0.420516762347828
stp,1989,0.427171309601769
stp,1990,0.422459197165635
stp,1991,0.425031789597035
stp,1992,0.41736621205104
stp,1993,0.439174418639378
stp,1994,0.416435905542
stp,1995,0.428398923616619
stp,1996,0.418489364720195
stp,1997,0.419836716711919
stp,1998,0.394853045373082
stp,1999,0.392695381732743
stp,2000,0.388996533499871
stp,2001,0.400016465122913
stp,2002,0.420603379747356
stp,2003,0.430096398884242
stp,2004,0.423081103381928
stp,2005,0.413971550621473
stp,2006,0.433612909609871
stp,2007,0.458955797019002
stp,2008,0.345388525210051
stp,2009,0.359547443292882
stp,2010,0.384979750135406
stp,2011,0.38690931518974
stp,2012,0.408401231510346
stp,2013,0.431772321779821
stp,2014,0.444374636568696
stp,2015,0.467147413428132
stp,2016,0.460885243917167
stp,2017,0.455986068666264
stp,2018,0.451592466523637
stp,2019,0.472655964178563
stp,2020,0.507795056879083
stp,2021,0.479224052598472
stp,2022,0.490459297239966
svk,1888,0
svk,1889,0
svk,1890,0
svk,1891,0
svk,1892,0
svk,1893,0
svk,1894,0
svk,1895,0
svk,1896,0
svk,1897,0
svk,1898,0
svk,1899,0
svk,1900,0
svk,1901,0
svk,1902,0
svk,1903,0
svk,1904,0
svk,1905,0
svk,1906,0
svk,1907,0
svk,1908,0
svk,1909,0
svk,1910,0
svk,1911,0
svk,1912,0
svk,1913,0
svk,1914,0
svk,1915,0
svk,1916,0
svk,1917,0
svk,1918,0
svk,1919,0
svk,1920,0
svk,1921,0
svk,1922,0
svk,1923,0
svk,1924,0
svk,1925,0
svk,1926,0
svk,1927,0
svk,1928,0
svk,1929,0
svk,1930,0
svk,1931,0
svk,1932,0
svk,1933,0
svk,1934,0
svk,1935,0
svk,1936,0
svk,1937,0
svk,1938,0
svk,1939,0
svk,1940,0
svk,1941,0
svk,1942,0
svk,1943,0
svk,1944,0
svk,1945,0
svk,1946,0
svk,1947,0
svk,1948,0
svk,1949,0
svk,1950,0
svk,1951,0
svk,1952,0
svk,1953,0
svk,1954,0
svk,1955,0
svk,1956,0
svk,1957,0
svk,1958,0
svk,1959,0
svk,1960,16.0576620039271
svk,1961,16.7485935658056
svk,1962,17.469254637689
svk,1963,17.8355865182053
svk,1964,18.2096004120338
svk,1965,18.5914574117021
svk,1966,18.9653331908459
svk,1967,19.3467276434931
svk,1968,19.735791970803
svk,1969,19.6823898369158
svk,1970,19.6291322013039
svk,1971,19.5760186729765
svk,1972,20.258121034566
svk,1973,20.9639904163784
svk,1974,21.6944549510844
svk,1975,14.4762640753723
svk,1976,18.4911654400263
svk,1977,25.3900100384459
svk,1978,24.7114351599128
svk,1979,24.4286956271907
svk,1980,23.9763123748353
svk,1981,24.5417914402795
svk,1982,24.4852435337351
svk,1983,25.2203663188126
svk,1984,23.806668655202
svk,1985,24.4852435337351
svk,1986,25.9554891038901
svk,1987,26.747159795512
svk,1988,33.4475906867582
svk,1989,56.2527661550025
svk,1990,40.0535397628494
svk,1991,31.2084517552292
svk,1992,30.2299084027813
svk,1993,21.4409476031534
svk,1994,25.0355476882855
svk,1995,26.738454680848
svk,1996,44.231353546867
svk,1997,15.4045362297431
svk,1998,21.275904251613
svk,1999,16.8266902900835
svk,2000,14.5326945068734
svk,2001,12.3333441335298
svk,2002,16.5997119949626
svk,2003,26.7329642652187
svk,2004,19.2490796044673
svk,2005,22.5701179164868
svk,2006,34.2555133633414
svk,2007,36.9408429377894
svk,2008,38.061794776215
svk,2009,28.2486567802476
svk,2010,47.5102206105369
svk,2011,49.137638105963
svk,2012,54.0730794612348
svk,2013,25.5583899837956
svk,2014,81.5319529340022
svk,2015,132.813236690737
svk,2016,73.9810884783055
svk,2017,70.4215261224593
svk,2018,61.764829595955
svk,2019,64.2629118826711
svk,2020,53.8168639579816
svk,2021,60.8565530762414
svk,2022,63.0683689713633
svn,1888,0
svn,1889,0
svn,1890,0
svn,1891,0
svn,1892,0
svn,1893,0
svn,1894,0
svn,1895,0
svn,1896,0
svn,1897,0
svn,1898,0
svn,1899,0
svn,1900,0
svn,1901,0
svn,1902,0
svn,1903,0
svn,1904,0
svn,1905,0
svn,1906,0
svn,1907,0
svn,1908,0
svn,1909,0
svn,1910,0
svn,1911,0
svn,1912,0
svn,1913,0
svn,1914,0
svn,1915,0
svn,1916,0
svn,1917,0
svn,1918,0
svn,1919,0
svn,1920,0
svn,1921,0
svn,1922,0
svn,1923,0
svn,1924,0
svn,1925,0
svn,1926,0
svn,1927,0
svn,1928,0
svn,1929,0
svn,1930,0
svn,1931,0
svn,1932,0
svn,1933,0
svn,1934,0
svn,1935,0
svn,1936,0
svn,1937,0
svn,1938,0
svn,1939,0
svn,1940,0
svn,1941,0
svn,1942,0
svn,1943,0
svn,1944,0
svn,1945,0
svn,1946,0
svn,1947,0
svn,1948,0
svn,1949,0
svn,1950,0
svn,1951,0
svn,1952,0
svn,1953,0
svn,1954,0
svn,1955,0
svn,1956,0
svn,1957,0
svn,1958,0
svn,1959,0
svn,1960,0
svn,1961,0
svn,1962,0
svn,1963,0
svn,1964,0
svn,1965,0
svn,1966,0
svn,1967,0
svn,1968,0
svn,1969,0
svn,1970,0
svn,1971,0
svn,1972,0
svn,1973,0
svn,1974,0
svn,1975,0
svn,1976,0
svn,1977,0
svn,1978,0
svn,1979,0
svn,1980,0
svn,1981,0
svn,1982,0
svn,1983,0
svn,1984,0
svn,1985,0
svn,1986,0
svn,1987,0
svn,1988,0
svn,1989,0
svn,1990,0
svn,1991,0
svn,1992,0
svn,1993,63.2162599850045
svn,1994,68.3753653154433
svn,1995,43.5208935067921
svn,1996,40.0041302022184
svn,1997,51.0992270884277
svn,1998,39.6382228355617
svn,1999,33.1978295300462
svn,2000,28.2827755273455
svn,2001,32.6939444488753
svn,2002,27.8224673771925
svn,2003,24.9040870088003
svn,2004,26.0587739656092
svn,2005,34.9131938404991
svn,2006,33.2721753361443
svn,2007,34.4691133994402
svn,2008,14.0178181911326
svn,2009,11.2584162706081
svn,2010,14.1664532156757
svn,2011,33.6462190355788
svn,2012,34.794477622385
svn,2013,29.6930091472196
svn,2014,27.5018259095013
svn,2015,24.3278965720586
svn,2016,31.9594428967681
svn,2017,28.1610596528276
svn,2018,39.6509551794886
svn,2019,39.0987755536935
svn,2020,40.6331839798802
svn,2021,35.8398008142623
svn,2022,37.4438231228536
swe,1888,0
swe,1889,0
swe,1890,0
swe,1891,0
swe,1892,0
swe,1893,0
swe,1894,0
swe,1895,0
swe,1896,0
swe,1897,0
swe,1898,0
swe,1899,0
swe,1900,0
swe,1901,0
swe,1902,0
swe,1903,0
swe,1904,0
swe,1905,0
swe,1906,0
swe,1907,0
swe,1908,0
swe,1909,0
swe,1910,0
swe,1911,0
swe,1912,0
swe,1913,0
swe,1914,0
swe,1915,0
swe,1916,0
swe,1917,0
swe,1918,0
swe,1919,0
swe,1920,0
swe,1921,0
swe,1922,0
swe,1923,0
swe,1924,0
swe,1925,0
swe,1926,0
swe,1927,0
swe,1928,0
swe,1929,0
swe,1930,0
swe,1931,0
swe,1932,0
swe,1933,0
swe,1934,0
swe,1935,0
swe,1936,0
swe,1937,0
swe,1938,0
swe,1939,0
swe,1940,0
swe,1941,0
swe,1942,0
swe,1943,0
swe,1944,0
swe,1945,0
swe,1946,0
swe,1947,0
swe,1948,0
swe,1949,0
swe,1950,0
swe,1951,0
swe,1952,0
swe,1953,0
swe,1954,0
swe,1955,0
swe,1956,0
swe,1957,0
swe,1958,0
swe,1959,0
swe,1960,53.1557263538377
swe,1961,57.55754440061
swe,1962,61.6764786738489
swe,1963,66.8980102726562
swe,1964,71.4263754805198
swe,1965,87.2852820537409
swe,1966,91.3102215426719
swe,1967,96.9231024743779
swe,1968,105.509897809251
swe,1969,113.718449605351
swe,1970,128.951497831616
swe,1971,125.950557800794
swe,1972,127.607373139286
swe,1973,136.719503241281
swe,1974,135.457267116176
swe,1975,131.361553396215
swe,1976,123.370109770652
swe,1977,126.302795396302
swe,1978,119.677238898754
swe,1979,131.195180215576
swe,1980,144.817664214506
swe,1981,131.822308111178
swe,1982,151.900235420528
swe,1983,172.317645460144
swe,1984,190.270186371404
swe,1985,208.655091401205
swe,1986,222.282091098825
swe,1987,235.815539193406
swe,1988,253.539746041714
swe,1989,271.834028655986
swe,1990,249.166179342136
swe,1991,229.92231743366
swe,1992,233.05554287992
swe,1993,238.659666757881
swe,1994,197.129527047339
swe,1995,155.321424811511
swe,1996,158.55343285261
swe,1997,162.029752828795
swe,1998,159.627858791173
swe,1999,157.564679641561
swe,2000,157.418170868172
swe,2001,157.273107674342
swe,2002,155.688146022515
swe,2003,154.212237974505
swe,2004,166.993471407126
swe,2005,180.09855935477
swe,2006,173.501688640322
swe,2007,159.772840208536
swe,2008,163.954668100819
swe,2009,167.49254967624
swe,2010,172.101590449058
swe,2011,176.266660498575
swe,2012,171.821756418072
swe,2013,167.460332872135
swe,2014,212.173585819525
swe,2015,268.820065268755
swe,2016,263.215359360711
swe,2017,256.545033142433
swe,2018,300.543986827816
swe,2019,352.762112692972
swe,2020,317.796538974681
swe,2021,283.664737622803
swe,2022,308.022676303559
tgo,1888,0
tgo,1889,0
tgo,1890,0
tgo,1891,0
tgo,1892,0
tgo,1893,0
tgo,1894,0
tgo,1895,0
tgo,1896,0
tgo,1897,0
tgo,1898,0
tgo,1899,0
tgo,1900,0
tgo,1901,0
tgo,1902,0
tgo,1903,0
tgo,1904,0
tgo,1905,0
tgo,1906,0
tgo,1907,0
tgo,1908,0
tgo,1909,0
tgo,1910,0
tgo,1911,0
tgo,1912,0
tgo,1913,0
tgo,1914,0
tgo,1915,0
tgo,1916,0
tgo,1917,0
tgo,1918,0
tgo,1919,0
tgo,1920,0
tgo,1921,0
tgo,1922,0
tgo,1923,0
tgo,1924,0
tgo,1925,0
tgo,1926,0
tgo,1927,0
tgo,1928,0
tgo,1929,0
tgo,1930,0
tgo,1931,0
tgo,1932,0
tgo,1933,0
tgo,1934,0
tgo,1935,0
tgo,1936,0
tgo,1937,0
tgo,1938,0
tgo,1939,0
tgo,1940,0
tgo,1941,0
tgo,1942,0
tgo,1943,0
tgo,1944,0
tgo,1945,0
tgo,1946,0
tgo,1947,0
tgo,1948,0
tgo,1949,0
tgo,1950,0
tgo,1951,0
tgo,1952,0
tgo,1953,0
tgo,1954,0
tgo,1955,0
tgo,1956,0
tgo,1957,0
tgo,1958,0
tgo,1959,0
tgo,1960,0
tgo,1961,6.02141423119188
tgo,1962,5.59650909000849
tgo,1963,6.02141423119188
tgo,1964,5.59650909000849
tgo,1965,6.02141423119188
tgo,1966,9.09432727126379
tgo,1967,9.78479812568681
tgo,1968,9.09432727126379
tgo,1969,9.78479812568681
tgo,1970,9.09432727126379
tgo,1971,13.2917090887702
tgo,1972,17.5527571240605
tgo,1973,20.705860018035
tgo,1974,18.3700937037198
tgo,1975,25.7987750610674
tgo,1976,26.2455857246145
tgo,1977,27.4770395046345
tgo,1978,27.9129523471194
tgo,1979,26.9539440936525
tgo,1980,29.2315886956363
tgo,1981,25.7152250995911
tgo,1982,22.856595354139
tgo,1983,18.0896591757216
tgo,1984,18.0193524910262
tgo,1985,17.2651729199421
tgo,1986,13.4770159579874
tgo,1987,15.5039315783567
tgo,1988,16.4928937819213
tgo,1989,16.2275066712149
tgo,1990,19.8298750681984
tgo,1991,19.2027244991224
tgo,1992,16.4117234726015
tgo,1993,15.5132769018538
tgo,1994,16.2625023990976
tgo,1995,12.502365970483
tgo,1996,13.0613136442051
tgo,1997,12.6873390815738
tgo,1998,12.9557563826808
tgo,1999,9.78964505759625
tgo,2000,17.9029830737192
tgo,2001,13.3449488817349
tgo,2002,13.4134250703817
tgo,2003,10.2525826334747
tgo,2004,10.3380011161628
tgo,2005,12.8021550384341
tgo,2006,11.1100773686076
tgo,2007,10.2633054134874
tgo,2008,11.4842724796964
tgo,2009,5.71127726305819
tgo,2010,9.50088042095475
tgo,2011,10.2979313484322
tgo,2012,6.96991005781852
tgo,2013,5.98065736829074
tgo,2014,7.40718383301206
tgo,2015,9.28328974252862
tgo,2016,7.01671853087989
tgo,2017,8.49950147385829
tgo,2018,8.67523350056372
tgo,2019,8.79693785095992
tgo,2020,11.7214223216502
tgo,2021,10.247966738382
tgo,2022,10.4559499829203
tha,1888,0
tha,1889,0
tha,1890,0
tha,1891,0
tha,1892,0
tha,1893,0
tha,1894,0
tha,1895,0
tha,1896,0
tha,1897,0
tha,1898,0
tha,1899,0
tha,1900,0
tha,1901,0
tha,1902,0
tha,1903,0
tha,1904,0
tha,1905,0
tha,1906,0
tha,1907,0
tha,1908,0
tha,1909,0
tha,1910,0
tha,1911,0
tha,1912,0
tha,1913,0
tha,1914,0
tha,1915,0
tha,1916,0
tha,1917,0
tha,1918,0
tha,1919,0
tha,1920,0
tha,1921,0
tha,1922,0
tha,1923,0
tha,1924,0
tha,1925,0
tha,1926,0
tha,1927,0
tha,1928,0
tha,1929,0
tha,1930,0
tha,1931,0
tha,1932,0
tha,1933,0
tha,1934,0
tha,1935,0
tha,1936,0
tha,1937,0
tha,1938,0
tha,1939,0
tha,1940,0
tha,1941,0
tha,1942,0
tha,1943,0
tha,1944,0
tha,1945,0
tha,1946,0
tha,1947,0
tha,1948,0
tha,1949,0
tha,1950,0
tha,1951,0
tha,1952,0
tha,1953,0
tha,1954,0
tha,1955,0
tha,1956,0
tha,1957,0
tha,1958,0
tha,1959,0
tha,1960,0
tha,1961,27.250600471168
tha,1962,44.7927321391252
tha,1963,52.081215388252
tha,1964,58.9095892704228
tha,1965,59.7418813095082
tha,1966,79.8112287180235
tha,1967,97.8462960792809
tha,1968,109.428451934643
tha,1969,90.0122044369153
tha,1970,96.0311722082703
tha,1971,96.2863343474657
tha,1972,91.9757072299631
tha,1973,90.5817392099262
tha,1974,82.5978562783937
tha,1975,118.138321995673
tha,1976,136.224498262328
tha,1977,143.199818451396
tha,1978,137.442156529244
tha,1979,135.132143641332
tha,1980,140.345904902422
tha,1981,156.819178893159
tha,1982,173.21147068514
tha,1983,214.505628490209
tha,1984,231.76927785566
tha,1985,248.062865503925
tha,1986,259.293424016746
tha,1987,245.445137479466
tha,1988,273.104178081702
tha,1989,272.950165573578
tha,1990,363.051551059192
tha,1991,452.695698919096
tha,1992,493.569133916452
tha,1993,568.91889769963
tha,1994,579.162175895587
tha,1995,603.636171889561
tha,1996,666.009656328787
tha,1997,672.138696887952
tha,1998,545.271182763359
tha,1999,551.638044075366
tha,2000,533.515203274718
tha,2001,683.127725870193
tha,2002,637.569748185706
tha,2003,590.671026207086
tha,2004,585.206644852498
tha,2005,571.024264306073
tha,2006,471.318406124054
tha,2007,389.70468912678
tha,2008,658.476765680404
tha,2009,944.438981006776
tha,2010,838.268579412388
tha,2011,741.37885314548
tha,2012,773.834561585283
tha,2013,808.745936061273
tha,2014,797.151855599591
tha,2015,860.408994989541
tha,2016,861.326545922772
tha,2017,926.08551400303
tha,2018,933.893537587842
tha,2019,939.556169902193
tha,2020,942.347062608119
tha,2021,949.518902841722
tha,2022,968.388073927122
tjk,1888,0
tjk,1889,0
tjk,1890,0
tjk,1891,0
tjk,1892,0
tjk,1893,0
tjk,1894,0
tjk,1895,0
tjk,1896,0
tjk,1897,0
tjk,1898,0
tjk,1899,0
tjk,1900,0
tjk,1901,0
tjk,1902,0
tjk,1903,0
tjk,1904,0
tjk,1905,0
tjk,1906,0
tjk,1907,0
tjk,1908,0
tjk,1909,0
tjk,1910,0
tjk,1911,0
tjk,1912,0
tjk,1913,0
tjk,1914,0
tjk,1915,0
tjk,1916,0
tjk,1917,0
tjk,1918,0
tjk,1919,0
tjk,1920,0
tjk,1921,0
tjk,1922,0
tjk,1923,0
tjk,1924,0
tjk,1925,0
tjk,1926,0
tjk,1927,0
tjk,1928,0
tjk,1929,0
tjk,1930,0
tjk,1931,0
tjk,1932,0
tjk,1933,0
tjk,1934,0
tjk,1935,0
tjk,1936,0
tjk,1937,0
tjk,1938,0
tjk,1939,0
tjk,1940,0
tjk,1941,0
tjk,1942,0
tjk,1943,0
tjk,1944,0
tjk,1945,0
tjk,1946,0
tjk,1947,0
tjk,1948,0
tjk,1949,0
tjk,1950,0
tjk,1951,0
tjk,1952,0
tjk,1953,0
tjk,1954,0
tjk,1955,0
tjk,1956,0
tjk,1957,0
tjk,1958,0
tjk,1959,0
tjk,1960,0
tjk,1961,0
tjk,1962,0
tjk,1963,0
tjk,1964,0
tjk,1965,0
tjk,1966,0
tjk,1967,0
tjk,1968,0
tjk,1969,0
tjk,1970,0
tjk,1971,0
tjk,1972,0
tjk,1973,0
tjk,1974,0
tjk,1975,0
tjk,1976,0
tjk,1977,0
tjk,1978,0
tjk,1979,0
tjk,1980,0
tjk,1981,0
tjk,1982,0
tjk,1983,0
tjk,1984,0
tjk,1985,0
tjk,1986,0
tjk,1987,0
tjk,1988,0
tjk,1989,0
tjk,1990,0
tjk,1991,0
tjk,1992,0
tjk,1993,0
tjk,1994,0
tjk,1995,0
tjk,1996,0
tjk,1997,0
tjk,1998,0
tjk,1999,0
tjk,2000,0
tjk,2001,0
tjk,2002,0
tjk,2003,0
tjk,2004,0
tjk,2005,0
tjk,2006,0
tjk,2007,0
tjk,2008,0
tjk,2009,0
tjk,2010,0
tjk,2011,0
tjk,2012,0
tjk,2013,6.67828650986106
tjk,2014,7.37828720759956
tjk,2015,7.13906335228503
tjk,2016,7.47433822716725
tjk,2017,6.55163238313169
tjk,2018,7.72059572644629
tjk,2019,8.12519293537053
tjk,2020,8.67455495361481
tjk,2021,9.05441197010046
tjk,2022,9.84709524688705
tto,1888,0
tto,1889,0
tto,1890,0
tto,1891,0
tto,1892,0
tto,1893,0
tto,1894,0
tto,1895,0
tto,1896,0
tto,1897,0
tto,1898,0
tto,1899,0
tto,1900,0
tto,1901,0
tto,1902,0
tto,1903,0
tto,1904,0
tto,1905,0
tto,1906,0
tto,1907,0
tto,1908,0
tto,1909,0
tto,1910,0
tto,1911,0
tto,1912,0
tto,1913,0
tto,1914,0
tto,1915,0
tto,1916,0
tto,1917,0
tto,1918,0
tto,1919,0
tto,1920,0
tto,1921,0
tto,1922,0
tto,1923,0
tto,1924,0
tto,1925,0
tto,1926,0
tto,1927,0
tto,1928,0
tto,1929,0
tto,1930,0
tto,1931,0
tto,1932,0
tto,1933,0
tto,1934,0
tto,1935,0
tto,1936,0
tto,1937,0
tto,1938,0
tto,1939,0
tto,1940,0
tto,1941,0
tto,1942,0
tto,1943,0
tto,1944,0
tto,1945,0
tto,1946,0
tto,1947,0
tto,1948,0
tto,1949,0
tto,1950,0
tto,1951,0
tto,1952,0
tto,1953,0
tto,1954,0
tto,1955,0
tto,1956,0
tto,1957,0
tto,1958,0
tto,1959,0
tto,1960,0
tto,1961,4.06386349124686
tto,1962,4.06386349124686
tto,1963,4.06386349124686
tto,1964,4.06386349124686
tto,1965,4.06386349124686
tto,1966,3.555880554841
tto,1967,3.555880554841
tto,1968,3.555880554841
tto,1969,3.555880554841
tto,1970,3.555880554841
tto,1971,6.85776964147908
tto,1972,6.85776964147908
tto,1973,6.85776964147908
tto,1974,6.85776964147908
tto,1975,6.85776964147908
tto,1976,9.6516757917113
tto,1977,9.6516757917113
tto,1978,9.6516757917113
tto,1979,9.6516757917113
tto,1980,9.6516757917113
tto,1981,10.1596587281172
tto,1982,10.4338439977869
tto,1983,10.7154288823568
tto,1984,11.0046130800115
tto,1985,11.3016016783198
tto,1986,11.6066052996811
tto,1987,11.9198402506974
tto,1988,12.2415286755766
tto,1989,12.5718987136759
tto,1990,12.9111846612964
tto,1991,13.259627137845
tto,1992,13.6174732564798
tto,1993,13.9849767993612
tto,1994,14.3623983976327
tto,1995,14.7500057162586
tto,1996,15.1480736438506
tto,1997,15.8724446365535
tto,1998,17.3702947453018
tto,1999,18.3968695706187
tto,2000,16.3329828818616
tto,2001,17.026791977820402
tto,2002,19.2855288244112
tto,2003,18.9083798495108
tto,2004,19.9443280164075
tto,2005,21.7995619493047
tto,2006,11.4829415214995
tto,2007,8.71357699617638
tto,2008,6.69548065280419
tto,2009,10.5134991201262
tto,2010,8.33669000798874
tto,2011,7.39362138791387
tto,2012,9.6389752463543
tto,2013,13.1574662176704
tto,2014,17.8014442911992
tto,2015,18.2171608787177
tto,2016,19.5366557493421
tto,2017,12.4962864790674
tto,2018,11.9969202680441
tto,2019,0.0278121279231846
tto,2020,11.5011779151023
tto,2021,7.75462939272695
tto,2022,7.08665414668228
tun,1888,0
tun,1889,0
tun,1890,0
tun,1891,0
tun,1892,0
tun,1893,0
tun,1894,0
tun,1895,0
tun,1896,0
tun,1897,0
tun,1898,0
tun,1899,0
tun,1900,0
tun,1901,0
tun,1902,0
tun,1903,0
tun,1904,0
tun,1905,0
tun,1906,0
tun,1907,0
tun,1908,0
tun,1909,0
tun,1910,0
tun,1911,0
tun,1912,0
tun,1913,0
tun,1914,0
tun,1915,0
tun,1916,0
tun,1917,0
tun,1918,0
tun,1919,0
tun,1920,0
tun,1921,0
tun,1922,0
tun,1923,0
tun,1924,0
tun,1925,0
tun,1926,0
tun,1927,0
tun,1928,0
tun,1929,0
tun,1930,0
tun,1931,0
tun,1932,0
tun,1933,0
tun,1934,0
tun,1935,0
tun,1936,0
tun,1937,0
tun,1938,0
tun,1939,0
tun,1940,0
tun,1941,0
tun,1942,0
tun,1943,0
tun,1944,0
tun,1945,0
tun,1946,0
tun,1947,0
tun,1948,0
tun,1949,0
tun,1950,0
tun,1951,0
tun,1952,0
tun,1953,0
tun,1954,0
tun,1955,0
tun,1956,0
tun,1957,0
tun,1958,0
tun,1959,0
tun,1960,8.58152507234962
tun,1961,8.58152507234962
tun,1962,8.58152507234962
tun,1963,8.58152507234962
tun,1964,8.58152507234962
tun,1965,8.58152507234962
tun,1966,20.0235585021491
tun,1967,20.0235585021491
tun,1968,20.0235585021491
tun,1969,20.0235585021491
tun,1970,20.0235585021491
tun,1971,25.7445752170489
tun,1972,25.7445752170489
tun,1973,26.4537974915642
tun,1974,27.1825577165187
tun,1975,27.931394131504
tun,1976,28.7008598037599
tun,1977,29.4915230366529
tun,1978,30.3039677894071
tun,1979,31.1387941083983
tun,1980,31.9966185703299
tun,1981,32.8780747376168
tun,1982,33.7838136263151
tun,1983,34.714504186942
tun,1984,35.6708337985423
tun,1985,36.6535087763647
tun,1986,38.4411099531329
tun,1987,40.3158929052307
tun,1988,42.2821095105649
tun,1989,44.344219012236
tun,1990,46.506898131793
tun,1991,48.7750516757134
tun,1992,51.1538236591656
tun,1993,53.6486089722782
tun,1994,56.2650656153776
tun,1995,59.009127530941
tun,1996,61.8870180613667
tun,1997,64.905264063084
tun,1998,68.0707107090116
tun,1999,71.3905370129354
tun,2000,74.872272111015
tun,2001,79.0779284840781
tun,2002,84.6012030857985
tun,2003,80.9630721719811
tun,2004,77.6892854058018
tun,2005,73.6707707317551
tun,2006,69.7915991299297
tun,2007,67.1857217847944
tun,2008,61.8006314343475
tun,2009,59.518450610788
tun,2010,58.4882876479368
tun,2011,61.7396499907833
tun,2012,62.9005949893231
tun,2013,63.1229900684122
tun,2014,64.322440310658
tun,2015,65.9382999854068
tun,2016,63.7458247299356
tun,2017,66.2525920973651
tun,2018,70.7529909715939
tun,2019,70.8833978639912
tun,2020,69.627398769479
tun,2021,70.3575653778942
tun,2022,71.5473916717302
tur,1888,0
tur,1889,0
tur,1890,0
tur,1891,0
tur,1892,0
tur,1893,0
tur,1894,0
tur,1895,0
tur,1896,0
tur,1897,0
tur,1898,0
tur,1899,0
tur,1900,0
tur,1901,0
tur,1902,0
tur,1903,0
tur,1904,0
tur,1905,0
tur,1906,0
tur,1907,0
tur,1908,0
tur,1909,0
tur,1910,0
tur,1911,0
tur,1912,0
tur,1913,0
tur,1914,0
tur,1915,0
tur,1916,0
tur,1917,0
tur,1918,0
tur,1919,0
tur,1920,0
tur,1921,0
tur,1922,0
tur,1923,0
tur,1924,0
tur,1925,0
tur,1926,0
tur,1927,0
tur,1928,0
tur,1929,0
tur,1930,0
tur,1931,0
tur,1932,0
tur,1933,0
tur,1934,0
tur,1935,0
tur,1936,0
tur,1937,0
tur,1938,0
tur,1939,0
tur,1940,0
tur,1941,0
tur,1942,0
tur,1943,0
tur,1944,0
tur,1945,0
tur,1946,0
tur,1947,0
tur,1948,0
tur,1949,0
tur,1950,0
tur,1951,0
tur,1952,0
tur,1953,0
tur,1954,0
tur,1955,0
tur,1956,0
tur,1957,0
tur,1958,0
tur,1959,0
tur,1960,0
tur,1961,46.7344301493389
tur,1962,46.7344301493389
tur,1963,46.7344301493389
tur,1964,46.7344301493389
tur,1965,46.7344301493389
tur,1966,121.153930332797
tur,1967,121.153930332797
tur,1968,121.153930332797
tur,1969,121.153930332797
tur,1970,121.153930332797
tur,1971,145.537111280278
tur,1972,145.537111280278
tur,1973,145.537111280278
tur,1974,145.537111280278
tur,1975,145.537111280278
tur,1976,193.033515834226
tur,1977,193.033515834226
tur,1978,193.033515834226
tur,1979,193.033515834226
tur,1980,193.033515834226
tur,1981,272.786836849946
tur,1982,272.312554776001
tur,1983,271.839097314741
tur,1984,271.366463032448
tur,1985,270.894650497899
tur,1986,270.423658282357
tur,1987,269.953484959572
tur,1988,269.484129105772
tur,1989,269.015589299661
tur,1990,268.547864122414
tur,1991,264.515509490989
tur,1992,272.136223164262
tur,1993,310.718973263343
tur,1994,249.613670946849
tur,1995,230.577798375727
tur,1996,351.760679302375
tur,1997,299.626640616078
tur,1998,190.12892368545
tur,1999,190.575506075997
tur,2000,197.365018828704
tur,2001,199.611557788922
tur,2002,224.545603850117
tur,2003,281.931698876697
tur,2004,233.775010173092
tur,2005,221.865094488105
tur,2006,220.676748926622
tur,2007,263.280104429954
tur,2008,456.500102118826
tur,2009,564.1617832464
tur,2010,538.246634784529
tur,2011,584.215532447995
tur,2012,624.58440391845
tur,2013,597.127429302921
tur,2014,622.074005835436
tur,2015,658.921263638907
tur,2016,725.06328954983
tur,2017,735.395742713045
tur,2018,706.338192266834
tur,2019,688.841408353272
tur,2020,720.619802292279
tur,2021,738.596080431898
tur,2022,638.486651606475
twn,1888,0
twn,1889,0
twn,1890,0
twn,1891,0
twn,1892,0
twn,1893,0
twn,1894,0
twn,1895,0
twn,1896,0
twn,1897,0
twn,1898,0
twn,1899,0
twn,1900,0
twn,1901,0
twn,1902,0
twn,1903,0
twn,1904,0
twn,1905,0
twn,1906,0
twn,1907,0
twn,1908,0
twn,1909,0
twn,1910,0
twn,1911,0
twn,1912,0
twn,1913,0
twn,1914,0
twn,1915,0
twn,1916,0
twn,1917,0
twn,1918,0
twn,1919,0
twn,1920,0
twn,1921,0
twn,1922,0
twn,1923,0
twn,1924,0
twn,1925,0
twn,1926,0
twn,1927,0
twn,1928,0
twn,1929,0
twn,1930,0
twn,1931,0
twn,1932,0
twn,1933,0
twn,1934,0
twn,1935,0
twn,1936,0
twn,1937,0
twn,1938,0
twn,1939,0
twn,1940,0
twn,1941,0
twn,1942,0
twn,1943,0
twn,1944,0
twn,1945,0
twn,1946,0
twn,1947,0
twn,1948,0
twn,1949,0
twn,1950,0
twn,1951,0
twn,1952,0
twn,1953,0
twn,1954,0
twn,1955,0
twn,1956,0
twn,1957,0
twn,1958,0
twn,1959,0
twn,1960,0
twn,1961,51.5602680451946
twn,1962,51.5602680451946
twn,1963,51.5602680451946
twn,1964,51.5602680451946
twn,1965,51.5602680451946
twn,1966,76.1974404608787
twn,1967,76.1974404608787
twn,1968,76.1974404608787
twn,1969,76.1974404608787
twn,1970,76.1974404608787
twn,1971,85.84911625259
twn,1972,85.84911625259
twn,1973,85.84911625259
twn,1974,85.84911625259
twn,1975,85.84911625259
twn,1976,145.029128343872
twn,1977,145.029128343872
twn,1978,145.029128343872
twn,1979,145.029128343872
twn,1980,145.029128343872
twn,1981,182.873857106109
twn,1982,201.402778421997
twn,1983,221.809064444702
twn,1984,244.282931225245
twn,1985,269.033867652757
twn,1986,296.292588193412
twn,1987,326.313183482389
twn,1988,359.37548881548
twn,1989,395.787692618112
twn,1990,435.889209206472
twn,1991,480.053842619029
twn,1992,528.693271009916
twn,1993,576.080275482701
twn,1994,579.48987666527
twn,1995,576.812024674685
twn,1996,524.981552909609
twn,1997,549.033904248634
twn,1998,546.483154930635
twn,1999,512.166006475498
twn,2000,479.97360916456
twn,2001,523.590452159296
twn,2002,549.736559218476
twn,2003,577.462373802243
twn,2004,619.033129298739
twn,2005,628.292766550221
twn,2006,654.616152424354
twn,2007,640.268800035175
twn,2008,702.41249966776
twn,2009,683.509871045403
twn,2010,695.425169924351
twn,2011,696.095715402829
twn,2012,653.082905635179
twn,2013,621.338462263383
twn,2014,603.518897525089
twn,2015,603.827293180158
twn,2016,599.450067415731
twn,2017,575.024077046549
twn,2018,567.985279540093
twn,2019,608.910307017919
twn,2020,609.857461527703
twn,2021,613.370310877864
twn,2022,598.35888427294606
tza,1888,0
tza,1889,0
tza,1890,0
tza,1891,0
tza,1892,0
tza,1893,0
tza,1894,0
tza,1895,0
tza,1896,0
tza,1897,0
tza,1898,0
tza,1899,0
tza,1900,0
tza,1901,0
tza,1902,0
tza,1903,0
tza,1904,0
tza,1905,0
tza,1906,0
tza,1907,0
tza,1908,0
tza,1909,0
tza,1910,0
tza,1911,0
tza,1912,0
tza,1913,0
tza,1914,0
tza,1915,0
tza,1916,0
tza,1917,0
tza,1918,0
tza,1919,0
tza,1920,0
tza,1921,0
tza,1922,0
tza,1923,0
tza,1924,0
tza,1925,0
tza,1926,0
tza,1927,0
tza,1928,0
tza,1929,0
tza,1930,0
tza,1931,0
tza,1932,0
tza,1933,0
tza,1934,0
tza,1935,0
tza,1936,0
tza,1937,0
tza,1938,0
tza,1939,0
tza,1940,0
tza,1941,0
tza,1942,0
tza,1943,0
tza,1944,0
tza,1945,0
tza,1946,0
tza,1947,0
tza,1948,0
tza,1949,0
tza,1950,0
tza,1951,0
tza,1952,0
tza,1953,0
tza,1954,0
tza,1955,0
tza,1956,0
tza,1957,0
tza,1958,0
tza,1959,0
tza,1960,14.9626373918345
tza,1961,14.9626373918345
tza,1962,14.9626373918345
tza,1963,14.9626373918345
tza,1964,14.9626373918345
tza,1965,17.3611286920914
tza,1966,20.144095026178
tza,1967,23.3731672416286
tza,1968,27.1198555306255
tza,1969,31.4671330760886
tza,1970,36.511273554171
tza,1971,41.1186787873722
tza,1972,38.2257159645408
tza,1973,51.2453186246229
tza,1974,46.2569261891174
tza,1975,47.7684248200282
tza,1976,49.32931341909
tza,1977,50.9412058607081
tza,1978,52.6057687545028
tza,1979,54.3247231684939
tza,1980,56.0998464085916
tza,1981,57.9329738562351
tza,1982,59.8260008660776
tza,1983,61.7808847256804
tza,1984,41.9365313149856
tza,1985,39.8375452217181
tza,1986,37.8436165206951
tza,1987,35.9494869323593
tza,1988,34.1501613619071
tza,1989,32.4408947264982
tza,1990,30.8171794417831
tza,1991,29.2747335347485
tza,1992,27.8094893515322
tza,1993,26.41758283043
tza,1994,25.095343311803
tza,1995,23.8392838580154
tza,1996,22.6460920578736
tza,1997,23.0518634780817
tza,1998,71.4089606345043
tza,1999,29.7635759577652
tza,2000,48.4688567054425
tza,2001,32.7143886648268
tza,2002,43.2037743893666
tza,2003,58.937982441375
tza,2004,58.7008577217149
tza,2005,35.5667071838529
tza,2006,57.3821170580594
tza,2007,79.4340224184688
tza,2008,88.5504052259393
tza,2009,89.4908431764786
tza,2010,102.71985967586
tza,2011,86.0894875828512
tza,2012,79.4092427008567
tza,2013,70.7827988068959
tza,2014,78.8109581890105
tza,2015,59.6612011841204
tza,2016,58.9961434048197
tza,2017,62.4933820276936
tza,2018,61.3072570838537
tza,2019,62.9195041753037
tza,2020,62.8949081087267
tza,2021,64.6187945856974
tza,2022,65.9770350953363
uga,1888,0
uga,1889,0
uga,1890,0
uga,1891,0
uga,1892,0
uga,1893,0
uga,1894,0
uga,1895,0
uga,1896,0
uga,1897,0
uga,1898,0
uga,1899,0
uga,1900,0
uga,1901,0
uga,1902,0
uga,1903,0
uga,1904,0
uga,1905,0
uga,1906,0
uga,1907,0
uga,1908,0
uga,1909,0
uga,1910,0
uga,1911,0
uga,1912,0
uga,1913,0
uga,1914,0
uga,1915,0
uga,1916,0
uga,1917,0
uga,1918,0
uga,1919,0
uga,1920,0
uga,1921,0
uga,1922,0
uga,1923,0
uga,1924,0
uga,1925,0
uga,1926,0
uga,1927,0
uga,1928,0
uga,1929,0
uga,1930,0
uga,1931,0
uga,1932,0
uga,1933,0
uga,1934,0
uga,1935,0
uga,1936,0
uga,1937,0
uga,1938,0
uga,1939,0
uga,1940,0
uga,1941,0
uga,1942,0
uga,1943,0
uga,1944,0
uga,1945,0
uga,1946,0
uga,1947,0
uga,1948,0
uga,1949,0
uga,1950,0
uga,1951,0
uga,1952,0
uga,1953,0
uga,1954,0
uga,1955,0
uga,1956,0
uga,1957,0
uga,1958,0
uga,1959,0
uga,1960,16.2554539649874
uga,1961,16.2554539649874
uga,1962,16.2554539649874
uga,1963,16.2554539649874
uga,1964,16.2554539649874
uga,1965,16.2554539649874
uga,1966,23.3672150746695
uga,1967,23.3672150746695
uga,1968,23.3672150746695
uga,1969,23.3672150746695
uga,1970,23.3672150746695
uga,1971,19.0493601152197
uga,1972,19.0493601152197
uga,1973,19.0493601152197
uga,1974,19.0493601152197
uga,1975,19.0493601152197
uga,1976,17.779402774205
uga,1977,17.779402774205
uga,1978,17.779402774205
uga,1979,17.779402774205
uga,1980,17.779402774205
uga,1981,31.7489335253661
uga,1982,31.653316942706
uga,1983,31.5579883234469
uga,1984,31.4629468003449
uga,1985,31.3681915087675
uga,1986,31.2737215866865
uga,1987,31.1795361746696
uga,1988,31.085634415873
uga,1989,30.9920154560331
uga,1990,30.8986784434595
uga,1991,30.8056225290264
uga,1992,30.7128468661655
uga,1993,30.6203506108579
uga,1994,30.5281329216266
uga,1995,30.4361929595291
uga,1996,46.3708583634999
uga,1997,49.0026819484734
uga,1998,42.7435348074685
uga,1999,48.0641816518238
uga,2000,55.6951132129629
uga,2001,55.5681581075915
uga,2002,71.7799187707072
uga,2003,114.211064065417
uga,2004,115.161718057508
uga,2005,113.797840966248
uga,2006,102.533761038645
uga,2007,128.010937017458
uga,2008,142.543640577449
uga,2009,85.9747653552407
uga,2010,106.326135897461
uga,2011,102.627731017197
uga,2012,112.279224579333
uga,2013,127.321149893957
uga,2014,152.024576910977
uga,2015,159.899333876007
uga,2016,102.68433099783
uga,2017,102.17564733947
uga,2018,105.581997987038
uga,2019,110.929722159939
uga,2020,112.992351751412
uga,2021,113.89891052906
uga,2022,124.38924590237
ukr,1888,0
ukr,1889,0
ukr,1890,0
ukr,1891,0
ukr,1892,0
ukr,1893,0
ukr,1894,0
ukr,1895,0
ukr,1896,0
ukr,1897,0
ukr,1898,0
ukr,1899,0
ukr,1900,0
ukr,1901,0
ukr,1902,0
ukr,1903,0
ukr,1904,0
ukr,1905,0
ukr,1906,0
ukr,1907,0
ukr,1908,0
ukr,1909,0
ukr,1910,0
ukr,1911,0
ukr,1912,0
ukr,1913,0
ukr,1914,0
ukr,1915,0
ukr,1916,0
ukr,1917,0
ukr,1918,0
ukr,1919,0
ukr,1920,0
ukr,1921,0
ukr,1922,0
ukr,1923,0
ukr,1924,0
ukr,1925,0
ukr,1926,0
ukr,1927,0
ukr,1928,0
ukr,1929,0
ukr,1930,0
ukr,1931,0
ukr,1932,0
ukr,1933,0
ukr,1934,0
ukr,1935,0
ukr,1936,0
ukr,1937,0
ukr,1938,0
ukr,1939,0
ukr,1940,0
ukr,1941,0
ukr,1942,0
ukr,1943,0
ukr,1944,0
ukr,1945,0
ukr,1946,0
ukr,1947,0
ukr,1948,0
ukr,1949,0
ukr,1950,0
ukr,1951,0
ukr,1952,0
ukr,1953,0
ukr,1954,0
ukr,1955,0
ukr,1956,0
ukr,1957,0
ukr,1958,0
ukr,1959,0
ukr,1960,0
ukr,1961,0
ukr,1962,0
ukr,1963,0
ukr,1964,0
ukr,1965,0
ukr,1966,0
ukr,1967,0
ukr,1968,0
ukr,1969,0
ukr,1970,0
ukr,1971,0
ukr,1972,0
ukr,1973,0
ukr,1974,0
ukr,1975,0
ukr,1976,0
ukr,1977,0
ukr,1978,0
ukr,1979,0
ukr,1980,0
ukr,1981,0
ukr,1982,0
ukr,1983,0
ukr,1984,0
ukr,1985,0
ukr,1986,0
ukr,1987,0
ukr,1988,0
ukr,1989,0
ukr,1990,0
ukr,1991,0
ukr,1992,0
ukr,1993,0
ukr,1994,0
ukr,1995,0
ukr,1996,0
ukr,1997,0
ukr,1998,0
ukr,1999,0
ukr,2000,0
ukr,2001,0
ukr,2002,0
ukr,2003,0
ukr,2004,0
ukr,2005,0
ukr,2006,0
ukr,2007,0
ukr,2008,0
ukr,2009,0
ukr,2010,0
ukr,2011,0
ukr,2012,0
ukr,2013,211.732578712884
ukr,2014,183.245036737262
ukr,2015,141.206212080306
ukr,2016,120.934657528568
ukr,2017,123.846159121883
ukr,2018,129.532080314942
ukr,2019,98.305047514465
ukr,2020,108.653530187317
ukr,2021,108.489643405223
ukr,2022,69.9019434422992
ury,1888,0
ury,1889,0
ury,1890,0
ury,1891,0
ury,1892,0
ury,1893,0
ury,1894,0
ury,1895,0
ury,1896,0
ury,1897,0
ury,1898,0
ury,1899,0
ury,1900,0
ury,1901,0
ury,1902,0
ury,1903,0
ury,1904,0
ury,1905,0
ury,1906,0
ury,1907,0
ury,1908,0
ury,1909,0
ury,1910,0
ury,1911,0
ury,1912,0
ury,1913,0
ury,1914,0
ury,1915,0
ury,1916,0
ury,1917,0
ury,1918,0
ury,1919,0
ury,1920,0
ury,1921,0
ury,1922,0
ury,1923,0
ury,1924,0
ury,1925,0
ury,1926,0
ury,1927,0
ury,1928,0
ury,1929,0
ury,1930,0
ury,1931,0
ury,1932,0
ury,1933,0
ury,1934,0
ury,1935,0
ury,1936,0
ury,1937,0
ury,1938,0
ury,1939,0
ury,1940,0
ury,1941,0
ury,1942,0
ury,1943,0
ury,1944,0
ury,1945,0
ury,1946,0
ury,1947,0
ury,1948,0
ury,1949,0
ury,1950,0
ury,1951,0
ury,1952,0
ury,1953,0
ury,1954,0
ury,1955,0
ury,1956,0
ury,1957,0
ury,1958,0
ury,1959,0
ury,1960,11.7751284500168
ury,1961,11.7751284500168
ury,1962,11.7751284500168
ury,1963,11.7751284500168
ury,1964,11.7751284500168
ury,1965,11.7751284500168
ury,1966,18.8402055200269
ury,1967,18.8402055200269
ury,1968,18.8402055200269
ury,1969,18.8402055200269
ury,1970,18.8402055200269
ury,1971,23.5502569000337
ury,1972,23.5502569000337
ury,1973,23.5502569000337
ury,1974,23.5502569000337
ury,1975,23.5502569000337
ury,1976,26.4940390125379
ury,1977,26.4940390125379
ury,1978,26.4940390125379
ury,1979,26.4940390125379
ury,1980,26.4940390125379
ury,1981,24.1390133225345
ury,1982,23.0384676149221
ury,1983,19.7780013211155
ury,1984,18.3553797638771
ury,1985,27.4982643263204
ury,1986,34.8481739270884
ury,1987,40.1339283100009
ury,1988,38.9879970744296
ury,1989,40.8268710706352
ury,1990,38.1686714958279
ury,1991,37.2986146321157
ury,1992,57.759063648404
ury,1993,60.779188258353
ury,1994,68.2620495815807
ury,1995,68.478319104066
ury,1996,58.1736306081556
ury,1997,51.743351545658
ury,1998,53.3861664317159
ury,1999,56.4365593177513
ury,2000,46.0639648879652
ury,2001,48.0972906420669
ury,2002,47.7308203837922
ury,2003,61.9357419944928
ury,2004,79.8704484313679
ury,2005,79.8734950737339
ury,2006,78.8549941345069
ury,2007,72.5930997250964
ury,2008,66.4010716407307
ury,2009,71.0661468561445
ury,2010,78.7762852832736
ury,2011,78.5624193031652
ury,2012,73.9329800595799
ury,2013,82.3159699853771
ury,2014,85.2288032807291
ury,2015,94.472151319289
ury,2016,76.3950081952679
ury,2017,72.120187655879
ury,2018,74.5570546010406
ury,2019,78.8589680751192
ury,2020,77.1735655550739
ury,2021,85.3508678987683
ury,2022,83.832908947887
usa,1888,5.54017290348338
usa,1889,5.52114903620701
usa,1890,7.33173805508129
usa,1891,7.16541932358735
usa,1892,7.86261757325234
usa,1893,7.46596392680755
usa,1894,7.80492156684759
usa,1895,8.63683574346932
usa,1896,8.92468369381197
usa,1897,8.94376897793184
usa,1898,9.46845051297895
usa,1899,9.3724585456123
usa,1900,9.83310598395647
usa,1901,11.7588573422359
usa,1902,13.652523517853
usa,1903,15.0022335057024
usa,1904,16.2625461597567
usa,1905,16.4163077057886
usa,1906,22.461936753025
usa,1907,27.5543789480643
usa,1908,31.1114851433415
usa,1909,37.054993973795
usa,1910,39.242819320184
usa,1911,43.2862535112556
usa,1912,49.2165922673295
usa,1913,52.7864770046089
usa,1914,62.8051776522976
usa,1915,62.7794452743857
usa,1916,67.7950402837453
usa,1917,74.3396843832719
usa,1918,84.5951380060579
usa,1919,97.4801429077066
usa,1920,101.98425204675
usa,1921,111.234931867587
usa,1922,157.022321075278
usa,1923,167.348121294714
usa,1924,173.06727759463
usa,1925,211.472177322463
usa,1926,229.648107663396
usa,1927,223.064954563232
usa,1928,246.01315661569
usa,1929,293.272152891382
usa,1930,349.979921339537
usa,1931,341.944520272253
usa,1932,311.331979167977
usa,1933,285.824756044077
usa,1934,269.88209311614
usa,1935,278.66629601657
usa,1936,288.844459100837
usa,1937,290.42520901782
usa,1938,311.095313200074
usa,1939,357.362580995233
usa,1940,348.137462096953
usa,1941,357.113664286327
usa,1942,362.020647446497
usa,1943,377.662565526714
usa,1944,374.602391968877
usa,1945,389.395233063505
usa,1946,433.32795387193
usa,1947,628.614536500998
usa,1948,788.246695327891
usa,1949,672.124139401014
usa,1950,662.776909743149
usa,1951,717.783768139276
usa,1952,764.031930817793
usa,1953,804.259963315027
usa,1954,919.384556951755
usa,1955,981.549918239229
usa,1956,1028.55939387372
usa,1957,1204.44187946755
usa,1958,1350.83148500217
usa,1959,1561.28653542028
usa,1960,1547.64048050351
usa,1961,1680.12333160395
usa,1962,1836.673921019
usa,1963,1933.17418955887
usa,1964,2076.08166776158
usa,1965,2344.32072589576
usa,1966,2553.73298744081
usa,1967,2474.89025955002
usa,1968,2646.48389779944
usa,1969,2643.53064095587
usa,1970,2679.89483392028
usa,1971,2723.1706947397
usa,1972,2855.34746598718
usa,1973,2797.7136952403
usa,1974,2818.29139568258
usa,1975,2903.00332337696
usa,1976,3015.20920312171
usa,1977,3258.08546729079
usa,1978,3264.33076525432
usa,1979,3338.38463514372
usa,1980,3379.44633724335
usa,1981,3428.15130121345
usa,1982,3531.37590897777
usa,1983,3538.05098029118
usa,1984,3579.16636122166
usa,1985,3712.14253541111
usa,1986,3876.35810364908
usa,1987,3980.30852162042
usa,1988,4066.32767114731
usa,1989,4205.95171544598
usa,1990,4329.85588867298
usa,1991,4389.80479926977
usa,1992,4540.88905127004
usa,1993,4602.57997863854
usa,1994,4665.88201866935
usa,1995,4670.80613373879
usa,1996,4566.96237383902
usa,1997,4622.49842928636
usa,1998,4783.85706415217
usa,1999,5017.68554453057
usa,2000,5221.7414885626
usa,2001,5493.34437380975
usa,2002,6003.17787834572
usa,2003,5969.45683629287
usa,2004,6080.48082680922
usa,2005,6134.98083380168
usa,2006,6181.90881796139
usa,2007,5941.48062637405
usa,2008,6241.97572976671
usa,2009,6199.96193027759
usa,2010,5804.49247818487
usa,2011,5776.71918869586
usa,2012,5257.22352534308
usa,2013,4638.39721184734
usa,2014,4671.45973145484
usa,2015,4934.76238803832
usa,2016,4858.42842060004
usa,2017,5002.747105
usa,2018,4914.0881308109
usa,2019,4780.23955342787
usa,2020,5030.40267429158
usa,2021,4963.48878575985
usa,2022,5113.96640319801
ven,1888,0
ven,1889,0
ven,1890,0
ven,1891,0
ven,1892,0
ven,1893,0
ven,1894,0
ven,1895,0
ven,1896,0
ven,1897,0
ven,1898,0
ven,1899,0
ven,1900,0
ven,1901,0
ven,1902,0
ven,1903,0
ven,1904,0
ven,1905,0
ven,1906,0
ven,1907,0
ven,1908,0
ven,1909,0
ven,1910,0
ven,1911,0
ven,1912,0
ven,1913,0
ven,1914,0
ven,1915,0
ven,1916,0
ven,1917,0
ven,1918,0
ven,1919,0
ven,1920,0
ven,1921,0
ven,1922,0
ven,1923,0
ven,1924,0
ven,1925,0
ven,1926,0
ven,1927,0
ven,1928,0
ven,1929,0
ven,1930,0
ven,1931,0
ven,1932,0
ven,1933,0
ven,1934,0
ven,1935,0
ven,1936,0
ven,1937,0
ven,1938,0
ven,1939,0
ven,1940,0
ven,1941,0
ven,1942,0
ven,1943,0
ven,1944,0
ven,1945,0
ven,1946,0
ven,1947,0
ven,1948,0
ven,1949,0
ven,1950,0
ven,1951,0
ven,1952,0
ven,1953,0
ven,1954,0
ven,1955,0
ven,1956,0
ven,1957,0
ven,1958,0
ven,1959,0
ven,1960,65.9615842923006
ven,1961,65.9615842923006
ven,1962,65.9615842923006
ven,1963,65.9615842923006
ven,1964,65.9615842923006
ven,1965,111.936579951713
ven,1966,111.936579951713
ven,1967,111.936579951713
ven,1968,111.936579951713
ven,1969,111.936579951713
ven,1970,112.679349821263
ven,1971,113.427048437782
ven,1972,114.179708506617
ven,1973,114.937362950136
ven,1974,115.700044909169
ven,1975,116.467787744453
ven,1976,120.948197243553
ven,1977,130.015692658397
ven,1978,129.00480661495
ven,1979,101.98265431284
ven,1980,116.33825209567
ven,1981,106.29389342484
ven,1982,97.1167399878077
ven,1983,88.7319194166933
ven,1984,110.084141643387
ven,1985,136.574508035282
ven,1986,173.463151161527
ven,1987,159.851882278538
ven,1988,183.80010344196
ven,1989,325.219740860939
ven,1990,181.138227375458
ven,1991,139.018820476042
ven,1992,132.874600329704
ven,1993,127.001936517087
ven,1994,121.388827052483
ven,1995,116.023800402406
ven,1996,110.895892041178
ven,1997,105.994622042683
ven,1998,101.309973662499
ven,1999,96.832372866646
ven,2000,92.5526687650891
ven,2001,88.4621149100318
ven,2002,84.5523514207672
ven,2003,80.8153878985566
ven,2004,77.2435870966214
ven,2005,73.8296493118719
ven,2006,70.5665974664764
ven,2007,67.4477628487798
ven,2008,64.466771484432
ven,2009,61.6175311098724
ven,2010,101.813484306156
ven,2011,52.5042247974893
ven,2012,131.825937313106
ven,2013,95.3994354990184
ven,2014,95.4368413728823
ven,2015,89.6988675670852
ven,2016,98.9686045107775
ven,2017,101.03598546496
ven,2018,73.2598191397804
ven,2019,73.1755618748253
ven,2020,79.271385116995
ven,2021,77.3420789804567
ven,2022,93.1754370799435
vnm,1888,0
vnm,1889,0
vnm,1890,0
vnm,1891,0
vnm,1892,0
vnm,1893,0
vnm,1894,0
vnm,1895,0
vnm,1896,0
vnm,1897,0
vnm,1898,0
vnm,1899,0
vnm,1900,0
vnm,1901,0
vnm,1902,0
vnm,1903,0
vnm,1904,0
vnm,1905,0
vnm,1906,0
vnm,1907,0
vnm,1908,0
vnm,1909,0
vnm,1910,0
vnm,1911,0
vnm,1912,0
vnm,1913,0
vnm,1914,0
vnm,1915,0
vnm,1916,0
vnm,1917,0
vnm,1918,0
vnm,1919,0
vnm,1920,0
vnm,1921,0
vnm,1922,0
vnm,1923,0
vnm,1924,0
vnm,1925,0
vnm,1926,0
vnm,1927,0
vnm,1928,0
vnm,1929,0
vnm,1930,0
vnm,1931,0
vnm,1932,0
vnm,1933,0
vnm,1934,0
vnm,1935,0
vnm,1936,0
vnm,1937,0
vnm,1938,0
vnm,1939,0
vnm,1940,0
vnm,1941,0
vnm,1942,0
vnm,1943,0
vnm,1944,0
vnm,1945,0
vnm,1946,0
vnm,1947,0
vnm,1948,0
vnm,1949,0
vnm,1950,0
vnm,1951,0
vnm,1952,0
vnm,1953,0
vnm,1954,0
vnm,1955,0
vnm,1956,0
vnm,1957,0
vnm,1958,0
vnm,1959,0
vnm,1960,0
vnm,1961,0
vnm,1962,0
vnm,1963,0
vnm,1964,0
vnm,1965,0
vnm,1966,0
vnm,1967,0
vnm,1968,12.7318249121567
vnm,1969,12.7318249121567
vnm,1970,12.2751675738878
vnm,1971,12.4192902256716
vnm,1972,12.4963457227469
vnm,1973,12.4393851595511
vnm,1974,12.585281386472
vnm,1975,12.7645559862079
vnm,1976,13.2951426795464
vnm,1977,14.0113784398976
vnm,1978,14.2109400584713
vnm,1979,14.7040303686963
vnm,1980,14.6678040039902
vnm,1981,15.1788606993484
vnm,1982,15.9086645872222
vnm,1983,16.6560270485934
vnm,1984,17.5483195320602
vnm,1985,18.4917110138522
vnm,1986,20.6961013818286
vnm,1987,20.4502755161552
vnm,1988,20.3411775056365
vnm,1989,21.5043862600585
vnm,1990,22.5003775067346
vnm,1991,24.8300768548253
vnm,1992,34.1413556753848
vnm,1993,44.487221031562
vnm,1994,52.7639133165038
vnm,1995,46.5563941027975
vnm,1996,67.2481248151519
vnm,1997,79.6631632425645
vnm,1998,80.6977497781822
vnm,1999,121.046624667273
vnm,2000,124.150384274126
vnm,2001,196.887865893701
vnm,2002,176.53278799527
vnm,2003,208.685892825775
vnm,2004,224.33056597377
vnm,2005,222.941771580093
vnm,2006,235.075698105078
vnm,2007,234.059014230501
vnm,2008,225.524073149781
vnm,2009,233.947867631257
vnm,2010,182.52962570437
vnm,2011,171.547862546348
vnm,2012,173.895914257999
vnm,2013,182.575379991387
vnm,2014,175.387441381578
vnm,2015,173.262909140449
vnm,2016,182.189427154601
vnm,2017,203.132534698306
vnm,2018,205.453597594022
vnm,2019,208.366898469617
vnm,2020,219.545883806705
vnm,2021,221.539705955223
vnm,2022,223.886910702952
xac,1888,0
xac,1889,0
xac,1890,0
xac,1891,0
xac,1892,0
xac,1893,0
xac,1894,0
xac,1895,0
xac,1896,0
xac,1897,0
xac,1898,0
xac,1899,0
xac,1900,0
xac,1901,0
xac,1902,0
xac,1903,0
xac,1904,0
xac,1905,0
xac,1906,0
xac,1907,0
xac,1908,0
xac,1909,0
xac,1910,0
xac,1911,0
xac,1912,0
xac,1913,0
xac,1914,0
xac,1915,0
xac,1916,0
xac,1917,0
xac,1918,0
xac,1919,0
xac,1920,0
xac,1921,0
xac,1922,0
xac,1923,0
xac,1924,0
xac,1925,0
xac,1926,0
xac,1927,0
xac,1928,0
xac,1929,0
xac,1930,0
xac,1931,0
xac,1932,0
xac,1933,0
xac,1934,0
xac,1935,0
xac,1936,0
xac,1937,0
xac,1938,0
xac,1939,0
xac,1940,0
xac,1941,0
xac,1942,0
xac,1943,0
xac,1944,0
xac,1945,0
xac,1946,0
xac,1947,0
xac,1948,0
xac,1949,0
xac,1950,0
xac,1951,0
xac,1952,0
xac,1953,0
xac,1954,0
xac,1955,0
xac,1956,0
xac,1957,0
xac,1958,0
xac,1959,0
xac,1960,21.416560598871
xac,1961,21.416560598871
xac,1962,21.416560598871
xac,1963,21.416560598871
xac,1964,21.416560598871
xac,1965,12.5217793824044
xac,1966,12.5217793824044
xac,1967,12.5217793824044
xac,1968,12.5217793824044
xac,1969,12.5217793824044
xac,1970,15.8312882130886
xac,1971,19.341450303653
xac,1972,17.2130018001125
xac,1973,21.5587958210646
xac,1974,20.1275142453382
xac,1975,18.7912549967407
xac,1976,17.543709573293
xac,1977,16.3789882924497
xac,1978,15.2915924858103
xac,1979,14.2763885398147
xac,1980,13.3285836598695
xac,1981,12.4437032434846
xac,1982,11.617569755602
xac,1983,10.1850578749375
xac,1984,7.30733454019826
xac,1985,7.73397725487456
xac,1986,8.18552973726233
xac,1987,8.66344635774244
xac,1988,9.1692664009041
xac,1989,9.70461902330719
xac,1990,10.2712285007064
xac,1991,10.8709197816373
xac,1992,11.5056243652515
xac,1993,12.1773865223325
xac,1994,12.8883698795294
xac,1995,13.6408643880134
xac,1996,14.4372936990047
xac,1997,15.2802229699226
xac,1998,16.1723671263019
xac,1999,17.1165996060865
xac,2000,18.1159616144626
xac,2001,19.1736719190405
xac,2002,20.2931372169342
xac,2003,21.4779631071276
xac,2004,22.7319657034688
xac,2005,24.0591839256953
xac,2006,25.4638925080776
xac,2007,26.9506157675791
xac,2008,28.5241421758781
xac,2009,30.189539782185
xac,2010,35.1747940824046
xac,2011,37.6075095682811
xac,2012,31.2436283843525
xac,2013,42.8521660401053
xac,2014,43.9444677888311
xac,2015,42.3683219624944
xac,2016,37.5742370367644
xac,2017,37.1251199547982
xac,2018,37.4987984940116
xac,2019,37.5532352960286
xac,2020,39.3017370847247
xac,2021,39.8382823868344
xac,2022,38.7602194772637
xca,1888,0
xca,1889,0
xca,1890,0
xca,1891,0
xca,1892,0
xca,1893,0
xca,1894,0
xca,1895,0
xca,1896,0
xca,1897,0
xca,1898,0
xca,1899,0
xca,1900,0
xca,1901,0
xca,1902,0
xca,1903,0
xca,1904,0
xca,1905,0
xca,1906,0
xca,1907,0
xca,1908,0
xca,1909,0
xca,1910,0
xca,1911,0
xca,1912,0
xca,1913,0
xca,1914,0
xca,1915,0
xca,1916,0
xca,1917,0
xca,1918,0
xca,1919,0
xca,1920,0
xca,1921,0
xca,1922,0
xca,1923,0
xca,1924,0
xca,1925,0
xca,1926,0
xca,1927,0
xca,1928,0
xca,1929,0
xca,1930,0
xca,1931,0
xca,1932,0
xca,1933,0
xca,1934,0
xca,1935,0
xca,1936,0
xca,1937,0
xca,1938,0
xca,1939,0
xca,1940,0
xca,1941,0
xca,1942,0
xca,1943,0
xca,1944,0
xca,1945,0
xca,1946,0
xca,1947,0
xca,1948,0
xca,1949,0
xca,1950,0
xca,1951,0
xca,1952,0
xca,1953,0
xca,1954,0
xca,1955,0
xca,1956,0
xca,1957,0
xca,1958,0
xca,1959,0
xca,1960,0
xca,1961,0.210360528762272
xca,1962,0.210360528762272
xca,1963,0.210360528762272
xca,1964,0.210360528762272
xca,1965,0.210360528762272
xca,1966,0.420721057524544
xca,1967,0.420721057524544
xca,1968,0.420721057524544
xca,1969,0.420721057524544
xca,1970,0.420721057524544
xca,1971,0.52590132190568
xca,1972,0.52590132190568
xca,1973,0.52590132190568
xca,1974,0.52590132190568
xca,1975,0.52590132190568
xca,1976,0.631081586286816
xca,1977,0.631081586286816
xca,1978,0.631081586286816
xca,1979,0.631081586286816
xca,1980,0.631081586286816
xca,1981,0.736261850667952
xca,1982,0.736261850667952
xca,1983,1.32527133120231
xca,1984,3.53405688320617
xca,1985,1.32527133120231
xca,1986,1.4725237013359
xca,1987,1.4725237013359
xca,1988,1.4725237013359
xca,1989,1.03076659093513
xca,1990,1.03076659093513
xca,1991,1.76702844160309
xca,1992,1.32527133120231
xca,1993,1.4725237013359
xca,1994,1.6197760714695
xca,1995,1.4725237013359
xca,1996,1.32527133120231
xca,1997,1.4725237013359
xca,1998,1.4725237013359
xca,1999,1.6197760714695
xca,2000,1.6197760714695
xca,2001,1.76702844160309
xca,2002,1.76702844160309
xca,2003,1.91428081173668
xca,2004,1.91428081173668
xca,2005,1.89680302221595
xca,2006,1.94793463348937
xca,2007,2.09267072609043
xca,2008,2.26493882703836
xca,2009,2.31161755270578
xca,2010,1.62733218191771
xca,2011,1.82706773243022
xca,2012,2.00550660259523
xca,2013,1.65470178479894
xca,2014,1.65343320198111
xca,2015,1.66742937126188
xca,2016,2.05167854341951
xca,2017,1.61656078185339
xca,2018,1.68304691161696
xca,2019,1.61025573668119
xca,2020,1.57892867616488
xca,2021,1.66882406336018
xca,2022,1.73180327927982
xcb,1888,0
xcb,1889,0
xcb,1890,0
xcb,1891,0
xcb,1892,0
xcb,1893,0
xcb,1894,0
xcb,1895,0
xcb,1896,0
xcb,1897,0
xcb,1898,0
xcb,1899,0
xcb,1900,0
xcb,1901,0
xcb,1902,0
xcb,1903,0
xcb,1904,0
xcb,1905,0
xcb,1906,0
xcb,1907,0
xcb,1908,0
xcb,1909,0
xcb,1910,0
xcb,1911,0
xcb,1912,0
xcb,1913,0
xcb,1914,0
xcb,1915,0
xcb,1916,0
xcb,1917,0
xcb,1918,0
xcb,1919,0
xcb,1920,0
xcb,1921,0
xcb,1922,0
xcb,1923,0
xcb,1924,0
xcb,1925,0
xcb,1926,0
xcb,1927,0
xcb,1928,0
xcb,1929,0
xcb,1930,0
xcb,1931,0
xcb,1932,0
xcb,1933,0
xcb,1934,0
xcb,1935,0
xcb,1936,0
xcb,1937,0
xcb,1938,0
xcb,1939,0
xcb,1940,0
xcb,1941,0
xcb,1942,0
xcb,1943,0
xcb,1944,0
xcb,1945,0
xcb,1946,0
xcb,1947,0
xcb,1948,0
xcb,1949,0
xcb,1950,0
xcb,1951,0
xcb,1952,0
xcb,1953,0
xcb,1954,0
xcb,1955,0
xcb,1956,0
xcb,1957,0
xcb,1958,0
xcb,1959,0
xcb,1960,2.78628640618613
xcb,1961,6.677911933057879
xcb,1962,6.677911933057879
xcb,1963,6.677911933057879
xcb,1964,6.677911933057879
xcb,1965,66.61272497973071
xcb,1966,71.47543832995525
xcb,1967,71.38641245652812
xcb,1968,71.30043647866746
xcb,1969,71.21740591143417
xcb,1970,64.34062717192542
xcb,1971,67.22550096263568
xcb,1972,68.8420523451538
xcb,1973,68.89717574599669
xcb,1974,68.70863909516969
xcb,1975,73.95177114515245
xcb,1976,76.988253011709
xcb,1977,81.0604236003782
xcb,1978,83.09402033890655
xcb,1979,83.69285245786116
xcb,1980,80.82658296131738
xcb,1981,92.38103008552586
xcb,1982,98.56009145898535
xcb,1983,101.72282015739647
xcb,1984,103.4654496475554
xcb,1985,100.69629770731298
xcb,1986,105.34688009297726
xcb,1987,104.5385796456992
xcb,1988,106.55064082171567
xcb,1989,105.6506496286034
xcb,1990,105.51487737735248
xcb,1991,98.3733250140031
xcb,1992,90.62985745143521
xcb,1993,75.23287171285745
xcb,1994,69.91100681758618
xcb,1995,67.34059079159732
xcb,1996,71.25255898706442
xcb,1997,70.64991619619515
xcb,1998,66.2777768896727
xcb,1999,67.5405713946305
xcb,2000,70.86812907467817
xcb,2001,70.5142029128862
xcb,2002,69.76856540388121
xcb,2003,69.46108222416476
xcb,2004,68.95227369273385
xcb,2005,65.38606378683996
xcb,2006,62.67998299992087
xcb,2007,67.37774457699588
xcb,2008,66.86138433091725
xcb,2009,67.69409979068664
xcb,2010,66.11519845627366
xcb,2011,67.20200936594598
xcb,2012,69.04529582257855
xcb,2013,70.3024954657374
xcb,2014,70.6635016741578
xcb,2015,71.17387033388945
xcb,2016,84.8158609850901
xcb,2017,131.83408512958323
xcb,2018,87.60956108355037
xcb,2019,60.34923340819847
xcb,2020,51.645546132618904
xcb,2021,37.60682652738863
xcb,2022,37.621666549552806
xcf,1888,0
xcf,1889,0
xcf,1890,0
xcf,1891,0
xcf,1892,0
xcf,1893,0
xcf,1894,0
xcf,1895,0
xcf,1896,0
xcf,1897,0
xcf,1898,0
xcf,1899,0
xcf,1900,0
xcf,1901,0
xcf,1902,0
xcf,1903,0
xcf,1904,0
xcf,1905,0
xcf,1906,0
xcf,1907,0
xcf,1908,0
xcf,1909,0
xcf,1910,0
xcf,1911,0
xcf,1912,0
xcf,1913,0
xcf,1914,0
xcf,1915,0
xcf,1916,0
xcf,1917,0
xcf,1918,0
xcf,1919,0
xcf,1920,0
xcf,1921,0
xcf,1922,0
xcf,1923,0
xcf,1924,0
xcf,1925,0
xcf,1926,0
xcf,1927,0
xcf,1928,0
xcf,1929,0
xcf,1930,0
xcf,1931,0
xcf,1932,0
xcf,1933,0
xcf,1934,0
xcf,1935,0
xcf,1936,0
xcf,1937,0
xcf,1938,0
xcf,1939,0
xcf,1940,0
xcf,1941,0
xcf,1942,0
xcf,1943,0
xcf,1944,0
xcf,1945,0
xcf,1946,0
xcf,1947,0
xcf,1948,0
xcf,1949,0
xcf,1950,0
xcf,1951,0
xcf,1952,0
xcf,1953,0
xcf,1954,0
xcf,1955,0
xcf,1956,0
xcf,1957,0
xcf,1958,0
xcf,1959,0
xcf,1960,3.27745071018278
xcf,1961,20.01005362328469
xcf,1962,20.01005362328469
xcf,1963,20.01005362328469
xcf,1964,20.01005362328469
xcf,1965,20.01005362328469
xcf,1966,23.31194270992277
xcf,1967,23.31194270992277
xcf,1968,23.31194270992277
xcf,1969,23.31194270992277
xcf,1970,22.89895653441759
xcf,1971,25.489440810390377
xcf,1972,25.589828999722
xcf,1973,28.44208394647611
xcf,1974,27.74280994656522
xcf,1975,27.17839240712186
xcf,1976,22.16706570500958
xcf,1977,21.843834662427682
xcf,1978,21.62928600345916
xcf,1979,21.51687616882917
xcf,1980,21.50099791638692
xcf,1981,21.57690323700852
xcf,1982,21.61799904814508
xcf,1983,21.74651542754003
xcf,1984,22.52565857913016
xcf,1985,23.49308858056969
xcf,1986,23.1884362357996
xcf,1987,23.02672149699965
xcf,1988,22.99772333585082
xcf,1989,23.09283890860261
xcf,1990,23.30491172135504
xcf,1991,23.62808185270326
xcf,1992,30.43168741568035
xcf,1993,25.553404255902038
xcf,1994,21.59701366985138
xcf,1995,21.04100790717181
xcf,1996,18.99035907951917
xcf,1997,20.0144914808706
xcf,1998,23.19121274248924
xcf,1999,21.33764495304246
xcf,2000,19.76565441815636
xcf,2001,20.46362281397161
xcf,2002,22.50119801732005
xcf,2003,20.97439012656356
xcf,2004,21.62258561468074
xcf,2005,23.4071919531209
xcf,2006,24.13180328846465
xcf,2007,23.929958640972828
xcf,2008,25.33277417553223
xcf,2009,27.70266888631617
xcf,2010,28.8950314503494
xcf,2011,29.381882334289102
xcf,2012,28.10322228539122
xcf,2013,25.41783901930181
xcf,2014,23.46480707517892
xcf,2015,23.04334444670325
xcf,2016,20.0003164663204
xcf,2017,21.78559464354286
xcf,2018,20.53501156414402
xcf,2019,23.04483811269745
xcf,2020,21.17262743014927
xcf,2021,22.25706432196426
xcf,2022,21.61742664572695
xea,1888,0
xea,1889,0
xea,1890,0
xea,1891,0
xea,1892,0
xea,1893,0
xea,1894,0
xea,1895,0
xea,1896,0
xea,1897,0
xea,1898,0
xea,1899,0
xea,1900,0
xea,1901,0
xea,1902,0
xea,1903,0
xea,1904,0
xea,1905,0
xea,1906,0
xea,1907,0
xea,1908,0
xea,1909,0
xea,1910,0
xea,1911,0
xea,1912,0
xea,1913,0
xea,1914,0
xea,1915,0
xea,1916,0
xea,1917,0
xea,1918,0
xea,1919,0
xea,1920,0
xea,1921,0
xea,1922,0
xea,1923,0
xea,1924,0
xea,1925,0
xea,1926,0
xea,1927,0
xea,1928,0
xea,1929,0
xea,1930,0
xea,1931,0
xea,1932,0
xea,1933,0
xea,1934,0
xea,1935,0
xea,1936,0
xea,1937,0
xea,1938,0
xea,1939,0
xea,1940,0
xea,1941,0
xea,1942,0
xea,1943,0
xea,1944,0
xea,1945,0
xea,1946,0
xea,1947,0
xea,1948,0
xea,1949,0
xea,1950,0
xea,1951,0
xea,1952,0
xea,1953,0
xea,1954,0
xea,1955,0
xea,1956,0
xea,1957,0
xea,1958,0
xea,1959,0
xea,1960,0
xea,1961,0
xea,1962,0
xea,1963,0
xea,1964,0
xea,1965,0
xea,1966,0
xea,1967,0
xea,1968,0
xea,1969,0
xea,1970,0
xea,1971,0
xea,1972,0
xea,1973,0
xea,1974,0
xea,1975,0
xea,1976,0
xea,1977,0
xea,1978,0
xea,1979,0
xea,1980,0
xea,1981,0
xea,1982,0
xea,1983,0
xea,1984,0
xea,1985,0
xea,1986,0
xea,1987,0
xea,1988,0
xea,1989,0
xea,1990,0
xea,1991,0
xea,1992,0
xea,1993,0
xea,1994,0
xea,1995,0
xea,1996,0
xea,1997,0
xea,1998,0
xea,1999,0
xea,2000,0
xea,2001,0
xea,2002,0
xea,2003,0
xea,2004,0
xea,2005,0
xea,2006,0
xea,2007,0
xea,2008,0
xea,2009,0
xea,2010,0
xea,2011,0
xea,2012,0
xea,2013,0
xea,2014,0
xea,2015,0
xea,2016,0
xea,2017,0
xea,2018,0
xea,2019,0
xea,2020,0
xea,2021,0
xea,2022,0
xec,1888,0
xec,1889,0
xec,1890,0
xec,1891,0
xec,1892,0
xec,1893,0
xec,1894,0
xec,1895,0
xec,1896,0
xec,1897,0
xec,1898,0
xec,1899,0
xec,1900,0
xec,1901,0
xec,1902,0
xec,1903,0
xec,1904,0
xec,1905,0
xec,1906,0
xec,1907,0
xec,1908,0
xec,1909,0
xec,1910,0
xec,1911,0
xec,1912,0
xec,1913,0
xec,1914,0
xec,1915,0
xec,1916,0
xec,1917,0
xec,1918,0
xec,1919,0
xec,1920,0
xec,1921,0
xec,1922,0
xec,1923,0
xec,1924,0
xec,1925,0
xec,1926,0
xec,1927,0
xec,1928,0
xec,1929,0
xec,1930,0
xec,1931,0
xec,1932,0
xec,1933,0
xec,1934,0
xec,1935,0
xec,1936,0
xec,1937,0
xec,1938,0
xec,1939,0
xec,1940,0
xec,1941,0
xec,1942,0
xec,1943,0
xec,1944,0
xec,1945,0
xec,1946,0
xec,1947,0
xec,1948,0
xec,1949,0
xec,1950,0
xec,1951,0
xec,1952,0
xec,1953,0
xec,1954,0
xec,1955,0
xec,1956,0
xec,1957,0
xec,1958,0
xec,1959,0
xec,1960,51.42065431983363
xec,1961,52.43662019264535
xec,1962,54.13024271474285
xec,1963,66.48351837799214
xec,1964,74.79384007027174
xec,1965,75.18305766851773
xec,1966,90.81792996378189
xec,1967,91.1054600814051
xec,1968,92.13285428218059
xec,1969,98.490075053532
xec,1970,117.6673960230456
xec,1971,125.0087517580319
xec,1972,136.37672152568956
xec,1973,136.7835498497485
xec,1974,134.52202675030404
xec,1975,130.82642851256927
xec,1976,129.83042339156842
xec,1977,127.54807045842355
xec,1978,116.72053368642241
xec,1979,106.9099434030453
xec,1980,176.3069599682279
xec,1981,144.0226729772663
xec,1982,132.16237329664716
xec,1983,127.26336192745624
xec,1984,115.66461551508552
xec,1985,92.69976672372539
xec,1986,86.69587528998741
xec,1987,134.89637818836252
xec,1988,86.71439760022965
xec,1989,79.19550439686087
xec,1990,79.98069165390183
xec,1991,203.12583542901226
xec,1992,177.62240310544033
xec,1993,147.62583583367675
xec,1994,102.06752751065379
xec,1995,69.48827831103432
xec,1996,89.67133413339363
xec,1997,79.3560972237317
xec,1998,104.5841779609488
xec,1999,96.10406083668482
xec,2000,115.0412017090733
xec,2001,73.67789265381013
xec,2002,99.51942752619861
xec,2003,117.77235111042833
xec,2004,122.10573796628125
xec,2005,113.30932224465317
xec,2006,117.97862404257569
xec,2007,111.30421665477029
xec,2008,117.95253374445636
xec,2009,124.4996946497799
xec,2010,100.72748279281242
xec,2011,80.17249040077253
xec,2012,71.38263370711219
xec,2013,73.2989303770203
xec,2014,75.71310286731908
xec,2015,77.4780129225118
xec,2016,79.76053009536646
xec,2017,81.96445388159195
xec,2018,84.23620833706127
xec,2019,83.63155718322798
xec,2020,74.34780447475761
xec,2021,69.50390371384665
xec,2022,66.97984078057418
xee,1888,0
xee,1889,0
xee,1890,0
xee,1891,0
xee,1892,0
xee,1893,0
xee,1894,0
xee,1895,0
xee,1896,0
xee,1897,0
xee,1898,0
xee,1899,0
xee,1900,0
xee,1901,0
xee,1902,0
xee,1903,0
xee,1904,0
xee,1905,0
xee,1906,0
xee,1907,0
xee,1908,0
xee,1909,0
xee,1910,0
xee,1911,0
xee,1912,0
xee,1913,0
xee,1914,0
xee,1915,0
xee,1916,0
xee,1917,0
xee,1918,0
xee,1919,0
xee,1920,0
xee,1921,0
xee,1922,0
xee,1923,0
xee,1924,0
xee,1925,0
xee,1926,0
xee,1927,0
xee,1928,0
xee,1929,0
xee,1930,0
xee,1931,0
xee,1932,0
xee,1933,0
xee,1934,0
xee,1935,0
xee,1936,0
xee,1937,0
xee,1938,0
xee,1939,0
xee,1940,0
xee,1941,0
xee,1942,0
xee,1943,0
xee,1944,0
xee,1945,0
xee,1946,0
xee,1947,0
xee,1948,0
xee,1949,0
xee,1950,0
xee,1951,0
xee,1952,0
xee,1953,0
xee,1954,0
xee,1955,0
xee,1956,0
xee,1957,0
xee,1958,0
xee,1959,0
xee,1960,0
xee,1961,0
xee,1962,0
xee,1963,0
xee,1964,0
xee,1965,0
xee,1966,0
xee,1967,0
xee,1968,0
xee,1969,0
xee,1970,0
xee,1971,0
xee,1972,0
xee,1973,0
xee,1974,0
xee,1975,0
xee,1976,0
xee,1977,0
xee,1978,0
xee,1979,0
xee,1980,0
xee,1981,0
xee,1982,0
xee,1983,0
xee,1984,0
xee,1985,0
xee,1986,0
xee,1987,0
xee,1988,0
xee,1989,0
xee,1990,0
xee,1991,0
xee,1992,0
xee,1993,0
xee,1994,0
xee,1995,0
xee,1996,0
xee,1997,0
xee,1998,0
xee,1999,0
xee,2000,0
xee,2001,0
xee,2002,0
xee,2003,0
xee,2004,0
xee,2005,0
xee,2006,0
xee,2007,0
xee,2008,0
xee,2009,0
xee,2010,0
xee,2011,0
xee,2012,0
xee,2013,13.2771824605366
xee,2014,13.1250373273686
xee,2015,11.9185313414553
xee,2016,13.119336664285
xee,2017,11.6956110789525
xee,2018,13.3625849628149
xee,2019,13.6094264494475
xee,2020,12.539397507234
xee,2021,14.2246551767642
xee,2022,12.0109056571274
xef,1888,0
xef,1889,0
xef,1890,0
xef,1891,0
xef,1892,0
xef,1893,0
xef,1894,0
xef,1895,0
xef,1896,0
xef,1897,0
xef,1898,0
xef,1899,0
xef,1900,0
xef,1901,0
xef,1902,0
xef,1903,0
xef,1904,0
xef,1905,0
xef,1906,0
xef,1907,0
xef,1908,0
xef,1909,0
xef,1910,0
xef,1911,0
xef,1912,0
xef,1913,0
xef,1914,0
xef,1915,0
xef,1916,0
xef,1917,0
xef,1918,0
xef,1919,0
xef,1920,0
xef,1921,0
xef,1922,0
xef,1923,0
xef,1924,0
xef,1925,0
xef,1926,0
xef,1927,0
xef,1928,0
xef,1929,0
xef,1930,0
xef,1931,0
xef,1932,0
xef,1933,0
xef,1934,0
xef,1935,0
xef,1936,0
xef,1937,0
xef,1938,0
xef,1939,0
xef,1940,0
xef,1941,0
xef,1942,0
xef,1943,0
xef,1944,0
xef,1945,0
xef,1946,0
xef,1947,0
xef,1948,0
xef,1949,0
xef,1950,0
xef,1951,0
xef,1952,0
xef,1953,0
xef,1954,0
xef,1955,0
xef,1956,0
xef,1957,0
xef,1958,0
xef,1959,0
xef,1960,4.92040722602116
xef,1961,4.69095335026153
xef,1962,4.533090071796
xef,1963,4.47742264330366
xef,1964,4.10244998016745
xef,1965,3.87406342713902
xef,1966,5.72280948443235
xef,1967,7.72432849009023
xef,1968,8.68829461320272
xef,1969,8.75604099301419
xef,1970,8.66431046586887
xef,1971,8.65028920790667
xef,1972,8.528372254231
xef,1973,8.8804372985209
xef,1974,8.87673100734695
xef,1975,9.15843594401822
xef,1976,10.7026494724471
xef,1977,12.536929399579
xef,1978,13.5817865020362
xef,1979,14.8335464518159
xef,1980,14.0982008702075
xef,1981,13.627536944379
xef,1982,13.0502588360047
xef,1983,12.4252534888844
xef,1984,13.4458790765968
xef,1985,14.4665046734963
xef,1986,15.7205417193198
xef,1987,16.9745787559591
xef,1988,18.7237816813515
xef,1989,20.4729846040951
xef,1990,20.391035758097
xef,1991,21.4333781443033
xef,1992,23.4151082461207
xef,1993,24.4427665416196
xef,1994,25.470424839751
xef,1995,26.4980831369461
xef,1996,27.7401153876902
xef,1997,28.9821476393809
xef,1998,34.681229353498
xef,1999,40.2969388772644
xef,2000,37.8889633594555
xef,2001,33.9525915321718
xef,2002,35.0877614119691
xef,2003,36.2786711394928
xef,2004,37.162132740468
xef,2005,37.8297745385402
xef,2006,35.6088329280215
xef,2007,33.8623634859218
xef,2008,34.5385439588222
xef,2009,35.367875137037
xef,2010,19.9239344980629
xef,2011,6.16623982193057
xef,2012,8.28567830551484
xef,2013,10.4037017847071
xef,2014,10.4000323957596
xef,2015,10.3194945678049
xef,2016,10.4464622308571
xef,2017,9.75555076244507
xef,2018,10.7529101009153
xef,2019,9.69084282944868
xef,2020,10.9138433950071
xef,2021,9.03562903703742
xef,2022,8.3321729335474
xer,1888,0
xer,1889,0
xer,1890,0
xer,1891,0
xer,1892,0
xer,1893,0
xer,1894,0
xer,1895,0
xer,1896,0
xer,1897,0
xer,1898,0
xer,1899,0
xer,1900,0
xer,1901,0
xer,1902,0
xer,1903,0
xer,1904,0
xer,1905,0
xer,1906,0
xer,1907,0
xer,1908,0
xer,1909,0
xer,1910,0
xer,1911,0
xer,1912,0
xer,1913,0
xer,1914,0
xer,1915,0
xer,1916,0
xer,1917,0
xer,1918,0
xer,1919,0
xer,1920,0
xer,1921,0
xer,1922,0
xer,1923,0
xer,1924,0
xer,1925,0
xer,1926,0
xer,1927,0
xer,1928,0
xer,1929,0
xer,1930,0
xer,1931,0
xer,1932,0
xer,1933,0
xer,1934,0
xer,1935,0
xer,1936,0
xer,1937,0
xer,1938,0
xer,1939,0
xer,1940,0
xer,1941,0
xer,1942,0
xer,1943,0
xer,1944,0
xer,1945,0
xer,1946,0
xer,1947,0
xer,1948,0
xer,1949,0
xer,1950,0
xer,1951,0
xer,1952,0
xer,1953,0
xer,1954,0
xer,1955,0
xer,1956,0
xer,1957,0
xer,1958,0
xer,1959,0
xer,1960,0
xer,1961,0
xer,1962,0
xer,1963,0
xer,1964,0
xer,1965,0
xer,1966,0
xer,1967,0
xer,1968,0
xer,1969,0
xer,1970,0
xer,1971,0
xer,1972,0
xer,1973,0
xer,1974,0
xer,1975,0
xer,1976,0
xer,1977,0
xer,1978,0
xer,1979,0
xer,1980,0
xer,1981,0
xer,1982,0
xer,1983,0
xer,1984,0
xer,1985,0
xer,1986,0
xer,1987,0
xer,1988,0
xer,1989,0
xer,1990,0
xer,1991,0
xer,1992,0
xer,1993,0
xer,1994,0
xer,1995,0
xer,1996,0
xer,1997,0
xer,1998,0
xer,1999,0
xer,2000,0
xer,2001,0
xer,2002,0
xer,2003,0
xer,2004,0
xer,2005,9.03495060427519
xer,2006,11.28669265598493
xer,2007,106.45672933364156
xer,2008,148.6071594060816
xer,2009,114.42540674254799
xer,2010,44.55251646886719
xer,2011,35.58992982946518
xer,2012,45.48465635448268
xer,2013,54.79458165441159
xer,2014,61.72651336740298
xer,2015,79.702799863186
xer,2016,99.1841213828277
xer,2017,100.06346634841532
xer,2018,106.50932924855621
xer,2019,84.11550575804712
xer,2020,120.6012507896375
xer,2021,128.64518171282978
xer,2022,108.4926583832949
xna,1888,0
xna,1889,0
xna,1890,0
xna,1891,0
xna,1892,0
xna,1893,0
xna,1894,0
xna,1895,0
xna,1896,0
xna,1897,0
xna,1898,0
xna,1899,0
xna,1900,0
xna,1901,0
xna,1902,0
xna,1903,0
xna,1904,0
xna,1905,0
xna,1906,0
xna,1907,0
xna,1908,0
xna,1909,0
xna,1910,0
xna,1911,0
xna,1912,0
xna,1913,0
xna,1914,0
xna,1915,0
xna,1916,0
xna,1917,0
xna,1918,0
xna,1919,0
xna,1920,0
xna,1921,0
xna,1922,0
xna,1923,0
xna,1924,0
xna,1925,0
xna,1926,0
xna,1927,0
xna,1928,0
xna,1929,0
xna,1930,0
xna,1931,0
xna,1932,0
xna,1933,0
xna,1934,0
xna,1935,0
xna,1936,0
xna,1937,0
xna,1938,0
xna,1939,0
xna,1940,0
xna,1941,0
xna,1942,0
xna,1943,0
xna,1944,0
xna,1945,0
xna,1946,0
xna,1947,0
xna,1948,0
xna,1949,0
xna,1950,0
xna,1951,0
xna,1952,0
xna,1953,0
xna,1954,0
xna,1955,0
xna,1956,0
xna,1957,0
xna,1958,0
xna,1959,0
xna,1960,0
xna,1961,0.761974404608787
xna,1962,0.761974404608787
xna,1963,0.761974404608787
xna,1964,0.761974404608787
xna,1965,0.761974404608787
xna,1966,0.507982936405858
xna,1967,0.507982936405858
xna,1968,0.507982936405858
xna,1969,0.507982936405858
xna,1970,0.507982936405858
xna,1971,1.01596587281172
xna,1972,1.01596587281172
xna,1973,1.01596587281172
xna,1974,1.01596587281172
xna,1975,1.01596587281172
xna,1976,1.01596587281172
xna,1977,1.01596587281172
xna,1978,1.01596587281172
xna,1979,1.01596587281172
xna,1980,1.01596587281172
xna,1981,0.761974404608787
xna,1982,0.733663663552162
xna,1983,0.710523951645591
xna,1984,0.67748326806362
xna,1985,0.664876197511859
xna,1986,0.772014953970362
xna,1987,0.783550043218541
xna,1988,0.79108827194298
xna,1989,0.792365221941546
xna,1990,0.780864452252223
xna,1991,0.771920453870946
xna,1992,0.771924127568804
xna,1993,0.774001909814534
xna,1994,0.780301090661983
xna,1995,0.783534961333651
xna,1996,0.721188705605054
xna,1997,0.754749103622508
xna,1998,0.733710425041733
xna,1999,0.749927296302314
xna,2000,0.739765125417122
xna,2001,0.779107719245959
xna,2002,0.831662774927421
xna,2003,0.862491679850719
xna,2004,0.887040116447903
xna,2005,0.869600139082463
xna,2006,0.866700031072561
xna,2007,0.74340587101932
xna,2008,0.681037256897514
xna,2009,0.596444691537292
xna,2010,0.552901173791574
xna,2011,0.561768507198456
xna,2012,0.535063431536361
xna,2013,0.560062726976396
xna,2014,0.491910343044193
xna,2015,0.501620672844817
xna,2016,0.542538541680356
xna,2017,0.530710940733102
xna,2018,0.508585186316594
xna,2019,0.501244726470427
xna,2020,0.510575114420321
xna,2021,0.536299545465558
xna,2022,0.521211162602819
xnf,1888,0
xnf,1889,0
xnf,1890,0
xnf,1891,0
xnf,1892,0
xnf,1893,0
xnf,1894,0
xnf,1895,0
xnf,1896,0
xnf,1897,0
xnf,1898,0
xnf,1899,0
xnf,1900,0
xnf,1901,0
xnf,1902,0
xnf,1903,0
xnf,1904,0
xnf,1905,0
xnf,1906,0
xnf,1907,0
xnf,1908,0
xnf,1909,0
xnf,1910,0
xnf,1911,0
xnf,1912,0
xnf,1913,0
xnf,1914,0
xnf,1915,0
xnf,1916,0
xnf,1917,0
xnf,1918,0
xnf,1919,0
xnf,1920,0
xnf,1921,0
xnf,1922,0
xnf,1923,0
xnf,1924,0
xnf,1925,0
xnf,1926,0
xnf,1927,0
xnf,1928,0
xnf,1929,0
xnf,1930,0
xnf,1931,0
xnf,1932,0
xnf,1933,0
xnf,1934,0
xnf,1935,0
xnf,1936,0
xnf,1937,0
xnf,1938,0
xnf,1939,0
xnf,1940,0
xnf,1941,0
xnf,1942,0
xnf,1943,0
xnf,1944,0
xnf,1945,0
xnf,1946,0
xnf,1947,0
xnf,1948,0
xnf,1949,0
xnf,1950,0
xnf,1951,0
xnf,1952,0
xnf,1953,0
xnf,1954,0
xnf,1955,0
xnf,1956,0
xnf,1957,0
xnf,1958,0
xnf,1959,0
xnf,1960,0
xnf,1961,41.9085922534832
xnf,1962,41.9085922534832
xnf,1963,41.9085922534832
xnf,1964,41.9085922534832
xnf,1965,41.9085922534832
xnf,1966,46.48043868113601
xnf,1967,46.48043868113601
xnf,1968,46.48043868113601
xnf,1969,46.48043868113601
xnf,1970,46.48043868113601
xnf,1971,77.7213892700962
xnf,1972,77.7213892700962
xnf,1973,77.7213892700962
xnf,1974,77.7213892700962
xnf,1975,77.7213892700962
xnf,1976,87.6270565300104
xnf,1977,87.6270565300104
xnf,1978,87.6270565300104
xnf,1979,87.6270565300104
xnf,1980,87.6270565300104
xnf,1981,105.1524678360126
xnf,1982,105.6185311230508
xnf,1983,106.0886094609923
xnf,1984,106.5627374387742
xnf,1985,107.0409499433111
xnf,1986,107.5232821620622
xnf,1987,108.00976958562
xnf,1988,108.5004480103223
xnf,1989,108.9953535408858
xnf,1990,109.4945225930627
xnf,1991,109.9979918963204
xnf,1992,110.505798496544
xnf,1993,111.0179797587623
xnf,1994,111.5345733698969
xnf,1995,112.05561734153551
xnf,1996,112.5811500127287
xnf,1997,113.1112100528112
xnf,1998,113.64583646424691
xnf,1999,114.18506858549881
xnf,2000,114.72894609392401
xnf,2001,115.2775090086925
xnf,2002,115.8307976937322
xnf,2003,116.38885286069919
xnf,2004,116.95171557197301
xnf,2005,117.519427243678
xnf,2006,118.0920296487312
xnf,2007,118.6695649199155
xnf,2008,119.2520755529803
xnf,2009,119.83960440976821
xnf,2010,114.84845681598921
xnf,2011,126.048847335548
xnf,2012,132.1715928079614
xnf,2013,137.0723264613421
xnf,2014,140.1501393197352
xnf,2015,146.1681696711719
xnf,2016,150.971019152188
xnf,2017,151.6623123422187
xnf,2018,154.8341412388957
xnf,2019,157.0624598419437
xnf,2020,160.7821493602797
xnf,2021,154.5899152593357
xnf,2022,157.8930960579227
xoc,1888,0
xoc,1889,0
xoc,1890,0
xoc,1891,0
xoc,1892,0
xoc,1893,0
xoc,1894,0
xoc,1895,0
xoc,1896,0
xoc,1897,0
xoc,1898,0
xoc,1899,0
xoc,1900,0
xoc,1901,0
xoc,1902,0
xoc,1903,0
xoc,1904,0
xoc,1905,0
xoc,1906,0
xoc,1907,0
xoc,1908,0
xoc,1909,0
xoc,1910,0
xoc,1911,0
xoc,1912,0
xoc,1913,0
xoc,1914,0
xoc,1915,0
xoc,1916,0
xoc,1917,0
xoc,1918,0
xoc,1919,0
xoc,1920,0
xoc,1921,0
xoc,1922,0
xoc,1923,0
xoc,1924,0
xoc,1925,0
xoc,1926,0
xoc,1927,0
xoc,1928,0
xoc,1929,0
xoc,1930,0
xoc,1931,0
xoc,1932,0
xoc,1933,0
xoc,1934,0
xoc,1935,0
xoc,1936,0
xoc,1937,0
xoc,1938,0
xoc,1939,0
xoc,1940,0
xoc,1941,0
xoc,1942,0
xoc,1943,0
xoc,1944,0
xoc,1945,0
xoc,1946,0
xoc,1947,0
xoc,1948,0
xoc,1949,0
xoc,1950,0
xoc,1951,0
xoc,1952,0
xoc,1953,0
xoc,1954,0
xoc,1955,0
xoc,1956,0
xoc,1957,0
xoc,1958,0
xoc,1959,0
xoc,1960,0
xoc,1961,17.935383605492504
xoc,1962,17.935383605492504
xoc,1963,17.935383605492504
xoc,1964,17.935383605492504
xoc,1965,17.935383605492504
xoc,1966,24.358237038122095
xoc,1967,24.358237038122095
xoc,1968,24.358237038122095
xoc,1969,24.358237038122095
xoc,1970,24.282039597661214
xoc,1971,34.93177284787061
xoc,1972,37.144038535918114
xoc,1973,36.51159978009283
xoc,1974,34.74090137897519
xoc,1975,35.66035391605339
xoc,1976,62.4598117867563
xoc,1977,64.04609032801103
xoc,1978,66.43798395508969
xoc,1979,68.36870240115485
xoc,1980,68.31100537317774
xoc,1981,74.02704781005757
xoc,1982,80.5632893615558
xoc,1983,75.25670373125158
xoc,1984,72.1110703294637
xoc,1985,70.5066020546745
xoc,1986,65.17028734592066
xoc,1987,60.84415669085865
xoc,1988,58.35847018649136
xoc,1989,56.758066214356454
xoc,1990,55.30158598402978
xoc,1991,53.670595115756
xoc,1992,54.413943482062045
xoc,1993,55.49701240549976
xoc,1994,54.67056191611722
xoc,1995,57.2563789347951
xoc,1996,56.786111001536824
xoc,1997,58.07159126439249
xoc,1998,59.33973518552038
xoc,1999,52.98969541146025
xoc,2000,52.180584635603765
xoc,2001,54.59310419276935
xoc,2002,52.20084214668937
xoc,2003,51.50960092715483
xoc,2004,50.51385767718712
xoc,2005,51.27137479119207
xoc,2006,45.86216881500758
xoc,2007,47.3731050286177
xoc,2008,46.890162606193975
xoc,2009,49.65977255704272
xoc,2010,49.83756719050648
xoc,2011,55.3070615626153
xoc,2012,56.26385521926743
xoc,2013,61.04673109277431
xoc,2014,61.32427982445291
xoc,2015,59.78448741258745
xoc,2016,61.21394057301577
xoc,2017,61.4601780223296
xoc,2018,61.95837021098121
xoc,2019,65.08083592106773
xoc,2020,62.49690090234574
xoc,2021,63.14190628805
xoc,2022,63.02024079269608
xsa,1888,0
xsa,1889,0
xsa,1890,0
xsa,1891,0
xsa,1892,0
xsa,1893,0
xsa,1894,0
xsa,1895,0
xsa,1896,0
xsa,1897,0
xsa,1898,0
xsa,1899,0
xsa,1900,0
xsa,1901,0
xsa,1902,0
xsa,1903,0
xsa,1904,0
xsa,1905,0
xsa,1906,0
xsa,1907,0
xsa,1908,0
xsa,1909,0
xsa,1910,0
xsa,1911,0
xsa,1912,0
xsa,1913,0
xsa,1914,0
xsa,1915,0
xsa,1916,0
xsa,1917,0
xsa,1918,0
xsa,1919,0
xsa,1920,0
xsa,1921,0
xsa,1922,0
xsa,1923,0
xsa,1924,0
xsa,1925,0
xsa,1926,0
xsa,1927,0
xsa,1928,0
xsa,1929,0
xsa,1930,0
xsa,1931,0
xsa,1932,0
xsa,1933,0
xsa,1934,0
xsa,1935,0
xsa,1936,0
xsa,1937,0
xsa,1938,0
xsa,1939,0
xsa,1940,0
xsa,1941,0
xsa,1942,0
xsa,1943,0
xsa,1944,0
xsa,1945,0
xsa,1946,0
xsa,1947,0
xsa,1948,0
xsa,1949,0
xsa,1950,0
xsa,1951,0
xsa,1952,0
xsa,1953,0
xsa,1954,0
xsa,1955,0
xsa,1956,0
xsa,1957,0
xsa,1958,0
xsa,1959,0
xsa,1960,0
xsa,1961,4.31785495944979
xsa,1962,4.31785495944979
xsa,1963,4.31785495944979
xsa,1964,4.31785495944979
xsa,1965,4.31785495944979
xsa,1966,5.84180376866736
xsa,1967,5.84180376866736
xsa,1968,5.84180376866736
xsa,1969,5.84180376866736
xsa,1970,5.84180376866736
xsa,1971,7.36575257788494
xsa,1972,7.36575257788494
xsa,1973,7.36575257788494
xsa,1974,7.36575257788494
xsa,1975,7.36575257788494
xsa,1976,11.9375990055377
xsa,1977,11.9375990055377
xsa,1978,11.9375990055377
xsa,1979,11.9375990055377
xsa,1980,11.9375990055377
xsa,1981,10.1596587281172
xsa,1982,10.2919462599392
xsa,1983,10.5445973565404
xsa,1984,10.5592056969471
xsa,1985,10.756115465294
xsa,1986,10.8155127109217
xsa,1987,9.9195263515079
xsa,1988,10.8352046513446
xsa,1989,10.9909697919128
xsa,1990,8.10277201255682
xsa,1991,8.82385617859843
xsa,1992,9.32416979447222
xsa,1993,8.72616934337973
xsa,1994,8.35244884403321
xsa,1995,9.47750890637525
xsa,1996,9.1292331314998
xsa,1997,8.81363029077182
xsa,1998,8.54448211571505
xsa,1999,8.28413985217531
xsa,2000,8.0231126767857
xsa,2001,8.28404708545319
xsa,2002,7.96239606194711
xsa,2003,8.00003216686652
xsa,2004,7.44460665957593
xsa,2005,7.7712242251185
xsa,2006,7.82366797637556
xsa,2007,8.26933212410543
xsa,2008,7.77231964489788
xsa,2009,8.69115037025049
xsa,2010,8.74636853072905
xsa,2011,8.75017221986457
xsa,2012,8.98589507628906
xsa,2013,9.07236189137947
xsa,2014,9.0366540917852
xsa,2015,8.68333312243676
xsa,2016,9.33795290249244
xsa,2017,9.35333079097486
xsa,2018,9.0454499127222
xsa,2019,9.74713951373093
xsa,2020,10.2159468990764
xsa,2021,9.64267744818983
xsa,2022,9.37116524383444
xsc,1888,0
xsc,1889,0
xsc,1890,0
xsc,1891,0
xsc,1892,0
xsc,1893,0
xsc,1894,0
xsc,1895,0
xsc,1896,0
xsc,1897,0
xsc,1898,0
xsc,1899,0
xsc,1900,0
xsc,1901,0
xsc,1902,0
xsc,1903,0
xsc,1904,0
xsc,1905,0
xsc,1906,0
xsc,1907,0
xsc,1908,0
xsc,1909,0
xsc,1910,0
xsc,1911,0
xsc,1912,0
xsc,1913,0
xsc,1914,0
xsc,1915,0
xsc,1916,0
xsc,1917,0
xsc,1918,0
xsc,1919,0
xsc,1920,0
xsc,1921,0
xsc,1922,0
xsc,1923,0
xsc,1924,0
xsc,1925,0
xsc,1926,0
xsc,1927,0
xsc,1928,0
xsc,1929,0
xsc,1930,0
xsc,1931,0
xsc,1932,0
xsc,1933,0
xsc,1934,0
xsc,1935,0
xsc,1936,0
xsc,1937,0
xsc,1938,0
xsc,1939,0
xsc,1940,0
xsc,1941,0
xsc,1942,0
xsc,1943,0
xsc,1944,0
xsc,1945,0
xsc,1946,0
xsc,1947,0
xsc,1948,0
xsc,1949,0
xsc,1950,0
xsc,1951,0
xsc,1952,0
xsc,1953,0
xsc,1954,0
xsc,1955,0
xsc,1956,0
xsc,1957,0
xsc,1958,0
xsc,1959,0
xsc,1960,2.557768820621198
xsc,1961,2.557768820621198
xsc,1962,3.169665823092883
xsc,1963,3.8091080282481857
xsc,1964,4.4780629505644995
xsc,1965,5.17849810451922
xsc,1966,5.67037672386945
xsc,1967,7.0141891119342805
xsc,1968,6.97090379343146
xsc,1969,6.939423561793051
xsc,1970,6.92171593149644
xsc,1971,9.28470081885495
xsc,1972,9.36733642690578
xsc,1973,9.8277348146176
xsc,1974,9.30831099258376
xsc,1975,9.1843575805075
xsc,1976,9.04269653813463
xsc,1977,10.581292859462149
xsc,1978,11.557180040253009
xsc,1979,9.46374463629843
xsc,1980,10.15630973234356
xsc,1981,13.804081573444861
xsc,1982,28.46009691560431
xsc,1983,30.811276716098398
xsc,1984,28.87130744138111
xsc,1985,27.027746376056438
xsc,1986,22.171920645831
xsc,1987,22.156180530011742
xsc,1988,20.68841472987069
xsc,1989,20.15325079201762
xsc,1990,16.641237449856998
xsc,1991,17.723370412427478
xsc,1992,16.35398033615646
xsc,1993,15.5210583416923
xsc,1994,14.76626183228713
xsc,1995,14.08128036718127
xsc,1996,13.458702192859219
xsc,1997,12.891916865994599
xsc,1998,12.37502843017093
xsc,1999,11.90277800252229
xsc,2000,11.4704747504131
xsc,2001,11.455260653494829
xsc,2002,11.47487303943307
xsc,2003,11.482064067568729
xsc,2004,11.43331391737733
xsc,2005,11.48570118852133
xsc,2006,11.495551847673779
xsc,2007,12.24822233670826
xsc,2008,11.97849605447105
xsc,2009,11.90848842772535
xsc,2010,10.936102021544471
xsc,2011,8.54858639686614
xsc,2012,7.00278061195912
xsc,2013,8.78279337247304
xsc,2014,8.75409679543759
xsc,2015,11.36746541566805
xsc,2016,9.06522796293787
xsc,2017,8.94346222251127
xsc,2018,8.72472334369442
xsc,2019,8.74014338268935
xsc,2020,8.61577511420027
xsc,2021,10.7936574752126
xsc,2022,10.63742757264153
xse,1888,0
xse,1889,0
xse,1890,0
xse,1891,0
xse,1892,0
xse,1893,0
xse,1894,0
xse,1895,0
xse,1896,0
xse,1897,0
xse,1898,0
xse,1899,0
xse,1900,0
xse,1901,0
xse,1902,0
xse,1903,0
xse,1904,0
xse,1905,0
xse,1906,0
xse,1907,0
xse,1908,0
xse,1909,0
xse,1910,0
xse,1911,0
xse,1912,0
xse,1913,0
xse,1914,0
xse,1915,0
xse,1916,0
xse,1917,0
xse,1918,0
xse,1919,0
xse,1920,0
xse,1921,0
xse,1922,0
xse,1923,0
xse,1924,0
xse,1925,0
xse,1926,0
xse,1927,0
xse,1928,0
xse,1929,0
xse,1930,0
xse,1931,0
xse,1932,0
xse,1933,0
xse,1934,0
xse,1935,0
xse,1936,0
xse,1937,0
xse,1938,0
xse,1939,0
xse,1940,0
xse,1941,0
xse,1942,0
xse,1943,0
xse,1944,0
xse,1945,0
xse,1946,0
xse,1947,0
xse,1948,0
xse,1949,0
xse,1950,0
xse,1951,0
xse,1952,0
xse,1953,0
xse,1954,0
xse,1955,0
xse,1956,0
xse,1957,0
xse,1958,0
xse,1959,0
xse,1960,3.80987202304393
xse,1961,3.80987202304393
xse,1962,3.80987202304393
xse,1963,3.80987202304393
xse,1964,3.80987202304393
xse,1965,3.80987202304393
xse,1966,3.04789761843515
xse,1967,3.04789761843515
xse,1968,3.04789761843515
xse,1969,3.04789761843515
xse,1970,3.04789761843515
xse,1971,8.63570991889958
xse,1972,8.63570991889958
xse,1973,8.63570991889958
xse,1974,8.63570991889958
xse,1975,8.63570991889958
xse,1976,35.3048140802071
xse,1977,35.3048140802071
xse,1978,35.3048140802071
xse,1979,35.3048140802071
xse,1980,35.3048140802071
xse,1981,30.4789761843515
xse,1982,28.4182654611226
xse,1983,26.496881225081
xse,1984,24.7054034883491
xse,1985,23.0350491568189
xse,1986,21.4776289691969
xse,1987,20.0255073474385
xse,1988,18.6715649617309
xse,1989,17.4091638264901
xse,1990,16.2321147562488
xse,1991,15.1346470218812
xse,1992,14.1113800583968
xse,1993,13.1572970855959
xse,1994,12.2677205122556
xse,1995,11.4382890032615
xse,1996,10.6649360972504
xse,1997,10.8090568553214
xse,1998,8.50312472618613
xse,1999,6.77367562933472
xse,2000,8.64724548425708
xse,2001,8.74829864547627
xse,2002,5.9087148990637
xse,2003,5.54828217839253
xse,2004,9.29775374153357
xse,2005,10.5665498416347
xse,2006,10.8401518578144
xse,2007,10.9887413535487
xse,2008,11.7300838651869
xse,2009,13.246818634895
xse,2010,14.3960925591978
xse,2011,14.976520835959
xse,2012,16.4679061257285
xse,2013,17.7236743421964
xse,2014,35.8406077144149
xse,2015,40.8094138989853
xse,2016,45.347964844875
xse,2017,37.3791199166233
xse,2018,37.2223994193455
xse,2019,37.1691092028632
xse,2020,37.0134702456569
xse,2021,35.1669539170961
xse,2022,35.5632151687085
xsm,1888,0
xsm,1889,0
xsm,1890,0
xsm,1891,0
xsm,1892,0
xsm,1893,0
xsm,1894,0
xsm,1895,0
xsm,1896,0
xsm,1897,0
xsm,1898,0
xsm,1899,0
xsm,1900,0
xsm,1901,0
xsm,1902,0
xsm,1903,0
xsm,1904,0
xsm,1905,0
xsm,1906,0
xsm,1907,0
xsm,1908,0
xsm,1909,0
xsm,1910,0
xsm,1911,0
xsm,1912,0
xsm,1913,0
xsm,1914,0
xsm,1915,0
xsm,1916,0
xsm,1917,0
xsm,1918,0
xsm,1919,0
xsm,1920,0
xsm,1921,0
xsm,1922,0
xsm,1923,0
xsm,1924,0
xsm,1925,0
xsm,1926,0
xsm,1927,0
xsm,1928,0
xsm,1929,0
xsm,1930,0
xsm,1931,0
xsm,1932,0
xsm,1933,0
xsm,1934,0
xsm,1935,0
xsm,1936,0
xsm,1937,0
xsm,1938,0
xsm,1939,0
xsm,1940,0
xsm,1941,0
xsm,1942,0
xsm,1943,0
xsm,1944,0
xsm,1945,0
xsm,1946,0
xsm,1947,0
xsm,1948,0
xsm,1949,0
xsm,1950,0
xsm,1951,0
xsm,1952,0
xsm,1953,0
xsm,1954,0
xsm,1955,0
xsm,1956,0
xsm,1957,0
xsm,1958,0
xsm,1959,0
xsm,1960,0
xsm,1961,3.30188908663808
xsm,1962,3.30188908663808
xsm,1963,3.30188908663808
xsm,1964,3.30188908663808
xsm,1965,3.30188908663808
xsm,1966,5.333820832261511
xsm,1967,5.333820832261511
xsm,1968,5.333820832261511
xsm,1969,5.333820832261511
xsm,1970,5.333820832261511
xsm,1971,12.19159047374059
xsm,1972,12.19159047374059
xsm,1973,12.19159047374059
xsm,1974,12.19159047374059
xsm,1975,12.19159047374059
xsm,1976,10.667641664523009
xsm,1977,10.667641664523009
xsm,1978,10.667641664523009
xsm,1979,10.667641664523009
xsm,1980,10.667641664523009
xsm,1981,12.95356487834933
xsm,1982,12.75112363148483
xsm,1983,12.55618720700973
xsm,1984,12.95356487834933
xsm,1985,12.95356487834933
xsm,1986,12.95356487834933
xsm,1987,12.95356487834933
xsm,1988,12.95356487834933
xsm,1989,12.95356487834933
xsm,1990,12.95356487834933
xsm,1991,12.95356487834933
xsm,1992,12.95356487834933
xsm,1993,12.95356487834933
xsm,1994,12.95356487834933
xsm,1995,12.95356487834933
xsm,1996,12.95356487834933
xsm,1997,12.95356487834933
xsm,1998,12.95356487834933
xsm,1999,12.95356487834933
xsm,2000,12.95356487834933
xsm,2001,12.95356487834933
xsm,2002,12.95356487834933
xsm,2003,12.95356487834933
xsm,2004,12.95356487834933
xsm,2005,12.95356487834933
xsm,2006,12.95356487834933
xsm,2007,12.95356487834933
xsm,2008,12.95356487834933
xsm,2009,12.95356487834933
xsm,2010,12.95356487834933
xsm,2011,12.95356487834933
xsm,2012,12.95356487834933
xsm,2013,12.95356487834933
xsm,2014,12.95356487834933
xsm,2015,12.95356487834933
xsm,2016,12.95356487834933
xsm,2017,12.95356487834933
xsm,2018,12.95356487834933
xsm,2019,12.95356487834933
xsm,2020,12.95356487834933
xsm,2021,12.95356487834933
xsm,2022,12.95356487834933
xsu,1888,0
xsu,1889,0
xsu,1890,0
xsu,1891,0
xsu,1892,0
xsu,1893,0
xsu,1894,0
xsu,1895,0
xsu,1896,0
xsu,1897,0
xsu,1898,0
xsu,1899,0
xsu,1900,0
xsu,1901,0
xsu,1902,0
xsu,1903,0
xsu,1904,0
xsu,1905,0
xsu,1906,0
xsu,1907,0
xsu,1908,0
xsu,1909,0
xsu,1910,0
xsu,1911,0
xsu,1912,0
xsu,1913,0
xsu,1914,0
xsu,1915,0
xsu,1916,0
xsu,1917,0
xsu,1918,0
xsu,1919,0
xsu,1920,0
xsu,1921,0
xsu,1922,0
xsu,1923,0
xsu,1924,0
xsu,1925,0
xsu,1926,0
xsu,1927,0
xsu,1928,0
xsu,1929,0
xsu,1930,0
xsu,1931,0
xsu,1932,0
xsu,1933,0
xsu,1934,0
xsu,1935,0
xsu,1936,0
xsu,1937,0
xsu,1938,0
xsu,1939,0
xsu,1940,0
xsu,1941,0
xsu,1942,0
xsu,1943,0
xsu,1944,0
xsu,1945,0
xsu,1946,0
xsu,1947,0
xsu,1948,0
xsu,1949,0
xsu,1950,0
xsu,1951,0
xsu,1952,0
xsu,1953,0
xsu,1954,0
xsu,1955,0
xsu,1956,0
xsu,1957,0
xsu,1958,0
xsu,1959,0
xsu,1960,0
xsu,1961,0
xsu,1962,0
xsu,1963,0
xsu,1964,0
xsu,1965,0
xsu,1966,0
xsu,1967,0
xsu,1968,0
xsu,1969,0
xsu,1970,0
xsu,1971,0
xsu,1972,0
xsu,1973,0
xsu,1974,0
xsu,1975,0
xsu,1976,0
xsu,1977,0
xsu,1978,0
xsu,1979,0
xsu,1980,0
xsu,1981,0
xsu,1982,0
xsu,1983,0
xsu,1984,0
xsu,1985,0
xsu,1986,0
xsu,1987,0
xsu,1988,0
xsu,1989,0
xsu,1990,0
xsu,1991,0
xsu,1992,0
xsu,1993,0
xsu,1994,0
xsu,1995,0
xsu,1996,0
xsu,1997,0
xsu,1998,0
xsu,1999,0
xsu,2000,0
xsu,2001,11.7197002150434
xsu,2002,11.3785275284703
xsu,2003,7.55101023803402
xsu,2004,7.4493070072281
xsu,2005,7.05934868830951
xsu,2006,7.37279389740622
xsu,2007,8.02507875695479
xsu,2008,9.20122173841245
xsu,2009,17.0143494186377
xsu,2010,15.3083515330414
xsu,2011,16.7399493998791
xsu,2012,18.6850169289302
xsu,2013,20.8560879901422
xsu,2014,23.2794226468737
xsu,2015,26.2210669869652
xsu,2016,29.2677895669861
xsu,2017,27.2870431518006
xsu,2018,24.2036059001387
xsu,2019,23.8983653790019
xsu,2020,24.4589687913202
xsu,2021,25.2307966498099
xsu,2022,25.2543883170593
xtw,1888,0
xtw,1889,0
xtw,1890,0
xtw,1891,0
xtw,1892,0
xtw,1893,0
xtw,1894,0
xtw,1895,0
xtw,1896,0
xtw,1897,0
xtw,1898,0
xtw,1899,0
xtw,1900,0
xtw,1901,0
xtw,1902,0
xtw,1903,0
xtw,1904,0
xtw,1905,0
xtw,1906,0
xtw,1907,0
xtw,1908,0
xtw,1909,0
xtw,1910,0
xtw,1911,0
xtw,1912,0
xtw,1913,0
xtw,1914,0
xtw,1915,0
xtw,1916,0
xtw,1917,0
xtw,1918,0
xtw,1919,0
xtw,1920,0
xtw,1921,0
xtw,1922,0
xtw,1923,0
xtw,1924,0
xtw,1925,0
xtw,1926,0
xtw,1927,0
xtw,1928,0
xtw,1929,0
xtw,1930,0
xtw,1931,0
xtw,1932,0
xtw,1933,0
xtw,1934,0
xtw,1935,0
xtw,1936,0
xtw,1937,0
xtw,1938,0
xtw,1939,0
xtw,1940,0
xtw,1941,0
xtw,1942,0
xtw,1943,0
xtw,1944,0
xtw,1945,0
xtw,1946,0
xtw,1947,0
xtw,1948,0
xtw,1949,0
xtw,1950,0
xtw,1951,0
xtw,1952,0
xtw,1953,0
xtw,1954,0
xtw,1955,0
xtw,1956,0
xtw,1957,0
xtw,1958,0
xtw,1959,0
xtw,1960,0
xtw,1961,0
xtw,1962,0
xtw,1963,0
xtw,1964,0
xtw,1965,0
xtw,1966,0
xtw,1967,0
xtw,1968,0
xtw,1969,0
xtw,1970,0
xtw,1971,0
xtw,1972,0
xtw,1973,0
xtw,1974,0
xtw,1975,0
xtw,1976,0
xtw,1977,0
xtw,1978,0
xtw,1979,0
xtw,1980,0
xtw,1981,0
xtw,1982,0
xtw,1983,0
xtw,1984,0
xtw,1985,0
xtw,1986,0
xtw,1987,0
xtw,1988,0
xtw,1989,0
xtw,1990,0
xtw,1991,0
xtw,1992,0
xtw,1993,0
xtw,1994,0
xtw,1995,0
xtw,1996,0
xtw,1997,0
xtw,1998,0
xtw,1999,0
xtw,2000,0
xtw,2001,0
xtw,2002,0
xtw,2003,0
xtw,2004,0
xtw,2005,0
xtw,2006,0
xtw,2007,0
xtw,2008,0
xtw,2009,0
xtw,2010,0
xtw,2011,0
xtw,2012,0
xtw,2013,0
xtw,2014,0
xtw,2015,0
xtw,2016,0
xtw,2017,0
xtw,2018,0
xtw,2019,0
xtw,2020,0
xtw,2021,0
xtw,2022,0
xwf,1888,0
xwf,1889,0
xwf,1890,0
xwf,1891,0
xwf,1892,0
xwf,1893,0
xwf,1894,0
xwf,1895,0
xwf,1896,0
xwf,1897,0
xwf,1898,0
xwf,1899,0
xwf,1900,0
xwf,1901,0
xwf,1902,0
xwf,1903,0
xwf,1904,0
xwf,1905,0
xwf,1906,0
xwf,1907,0
xwf,1908,0
xwf,1909,0
xwf,1910,0
xwf,1911,0
xwf,1912,0
xwf,1913,0
xwf,1914,0
xwf,1915,0
xwf,1916,0
xwf,1917,0
xwf,1918,0
xwf,1919,0
xwf,1920,0
xwf,1921,0
xwf,1922,0
xwf,1923,0
xwf,1924,0
xwf,1925,0
xwf,1926,0
xwf,1927,0
xwf,1928,0
xwf,1929,0
xwf,1930,0
xwf,1931,0
xwf,1932,0
xwf,1933,0
xwf,1934,0
xwf,1935,0
xwf,1936,0
xwf,1937,0
xwf,1938,0
xwf,1939,0
xwf,1940,0
xwf,1941,0
xwf,1942,0
xwf,1943,0
xwf,1944,0
xwf,1945,0
xwf,1946,0
xwf,1947,0
xwf,1948,0
xwf,1949,0
xwf,1950,0
xwf,1951,0
xwf,1952,0
xwf,1953,0
xwf,1954,0
xwf,1955,0
xwf,1956,0
xwf,1957,0
xwf,1958,0
xwf,1959,0
xwf,1960,0
xwf,1961,25.02433587520061
xwf,1962,25.481643908410977
xwf,1963,25.940906249455598
xwf,1964,26.39821428266597
xwf,1965,26.85552231587635
xwf,1966,27.551577638868878
xwf,1967,27.91703320387033
xwf,1968,28.374341237080706
xwf,1969,28.833603578125317
xwf,1970,29.170773092215878
xwf,1971,32.91225226007865
xwf,1972,34.38642024906131
xwf,1973,30.608137033568116
xwf,1974,31.817974356550526
xwf,1975,32.261588524871826
xwf,1976,64.35123818794125
xwf,1977,78.86286751564414
xwf,1978,83.5391425305033
xwf,1979,90.64913335831707
xwf,1980,85.41445392792212
xwf,1981,99.3724973408119
xwf,1982,102.40916877204143
xwf,1983,109.34787324805978
xwf,1984,87.64695492985935
xwf,1985,96.77127233499952
xwf,1986,104.02212485478931
xwf,1987,96.91881073407536
xwf,1988,114.92669154770323
xwf,1989,118.1875525470415
xwf,1990,97.50456735044888
xwf,1991,102.39081177758092
xwf,1992,107.99379073461495
xwf,1993,102.54876619591887
xwf,1994,110.75779259994223
xwf,1995,109.73178784196091
xwf,1996,117.90101850635395
xwf,1997,111.36937238944903
xwf,1998,126.62001772469745
xwf,1999,82.23517344528534
xwf,2000,89.98361652768644
xwf,2001,91.409940426593
xwf,2002,88.28043059933186
xwf,2003,83.38082166563014
xwf,2004,105.4875853666725
xwf,2005,84.29936723007087
xwf,2006,79.96755891765692
xwf,2007,81.85920800754911
xwf,2008,79.51735573928418
xwf,2009,91.8723030176904
xwf,2010,96.2413280121437
xwf,2011,96.2783929325115
xwf,2012,85.94884133135123
xwf,2013,89.24158759749297
xwf,2014,89.75652667928772
xwf,2015,107.1290396264642
xwf,2016,116.46454132590995
xwf,2017,128.6232770439218
xwf,2018,111.8290545025748
xwf,2019,112.08089768126048
xwf,2020,109.74527597016044
xwf,2021,108.6895342797341
xwf,2022,110.700104118673
xws,1888,0
xws,1889,0
xws,1890,0
xws,1891,0
xws,1892,0
xws,1893,0
xws,1894,0
xws,1895,0
xws,1896,0
xws,1897,0
xws,1898,0
xws,1899,0
xws,1900,0
xws,1901,0
xws,1902,0
xws,1903,0
xws,1904,0
xws,1905,0
xws,1906,0
xws,1907,0
xws,1908,0
xws,1909,0
xws,1910,0
xws,1911,0
xws,1912,0
xws,1913,0
xws,1914,0
xws,1915,0
xws,1916,0
xws,1917,0
xws,1918,0
xws,1919,0
xws,1920,0
xws,1921,0
xws,1922,0
xws,1923,0
xws,1924,0
xws,1925,0
xws,1926,0
xws,1927,0
xws,1928,0
xws,1929,0
xws,1930,0
xws,1931,0
xws,1932,0
xws,1933,0
xws,1934,0
xws,1935,0
xws,1936,0
xws,1937,0
xws,1938,0
xws,1939,0
xws,1940,0
xws,1941,0
xws,1942,0
xws,1943,0
xws,1944,0
xws,1945,0
xws,1946,0
xws,1947,0
xws,1948,0
xws,1949,0
xws,1950,0
xws,1951,0
xws,1952,0
xws,1953,0
xws,1954,0
xws,1955,0
xws,1956,0
xws,1957,0
xws,1958,0
xws,1959,0
xws,1960,0
xws,1961,35.5334064015897
xws,1962,35.5334064015897
xws,1963,35.5334064015897
xws,1964,35.5334064015897
xws,1965,35.5334064015897
xws,1966,42.89915897947472
xws,1967,42.89915897947472
xws,1968,42.89915897947472
xws,1969,42.89915897947472
xws,1970,50.56462148983915
xws,1971,61.3415429088475
xws,1972,61.451605246259405
xws,1973,61.5624557708933
xws,1974,61.674100127178605
xws,1975,61.7865439999661
xws,1976,102.53842802728593
xws,1977,102.65248815076504
xws,1978,102.76736509073174
xws,1979,102.88306469663763
xws,1980,102.99959285982403
xws,1981,146.54949657652244
xws,1982,144.0244371856348
xws,1983,141.70877022274306
xws,1984,142.39890324785443
xws,1985,143.79943863072526
xws,1986,145.99604386637876
xws,1987,149.09025649238671
xws,1988,153.2021848007861
xws,1989,158.4736807237265
xws,1990,165.07206711081162
xws,1991,173.1945159562341
xws,1992,183.07319097471358
xws,1993,194.9812877031269
xws,1994,209.2401275317821
xws,1995,226.227489347139
xws,1996,246.3873945028895
xws,1997,252.63992815242992
xws,1998,260.6758633967235
xws,1999,254.80238468467527
xws,2000,265.4301859607681
xws,2001,265.9546176148519
xws,2002,268.6403025046647
xws,2003,297.0328683809272
xws,2004,296.19501526271694
xws,2005,294.59680917321947
xws,2006,305.97363771904054
xws,2007,304.3525257895026
xws,2008,307.4892544519082
xws,2009,336.1559144513733
xws,2010,303.3736869752491
xws,2011,313.4854560924353
xws,2012,309.8185862166211
xws,2013,277.5837146521962
xws,2014,255.6257767144935
xws,2015,245.8401787936336
xws,2016,252.4233698778044
xws,2017,251.54443748826168
xws,2018,251.03061203617239
xws,2019,255.924985675672
xws,2020,241.20239048378147
xws,2021,188.24282705468093
xws,2022,195.04934015227238
zaf,1888,0
zaf,1889,0
zaf,1890,0
zaf,1891,0
zaf,1892,0
zaf,1893,0
zaf,1894,0
zaf,1895,0
zaf,1896,0
zaf,1897,0
zaf,1898,0
zaf,1899,0
zaf,1900,0
zaf,1901,0
zaf,1902,0
zaf,1903,0
zaf,1904,0
zaf,1905,0
zaf,1906,0
zaf,1907,0
zaf,1908,0
zaf,1909,0
zaf,1910,5.34802765880047
zaf,1911,6.77822206651038
zaf,1912,7.10479767470197
zaf,1913,7.00506820928878
zaf,1914,7.02193983366885
zaf,1915,7.06757149409115
zaf,1916,7.48311093331258
zaf,1917,7.82992891371037
zaf,1918,7.87979364641697
zaf,1919,8.04193094789034
zaf,1920,8.41868670611781
zaf,1921,8.74844399975622
zaf,1922,9.03101081842835
zaf,1923,8.62457945265622
zaf,1924,7.8544463586324
zaf,1925,8.16592051839174
zaf,1926,8.73105415573291
zaf,1927,9.67066592321327
zaf,1928,10.620952960947
zaf,1929,11.551761304803
zaf,1930,12.4136052111105
zaf,1931,13.0950898914336
zaf,1932,13.3408240335538
zaf,1933,13.0139330080311
zaf,1934,12.5275016870961
zaf,1935,11.9291248946172
zaf,1936,12.5777373240055
zaf,1937,13.657267746168
zaf,1938,14.298536777121
zaf,1939,13.9739842101077
zaf,1940,14.6553323048025
zaf,1941,16.7903695462883
zaf,1942,17.6084016667385
zaf,1943,17.8798874336965
zaf,1944,17.8360727682564
zaf,1945,17.7809942601965
zaf,1946,19.8879770929817
zaf,1947,21.8766530229996
zaf,1948,23.8851626362352
zaf,1949,24.8110753625684
zaf,1950,25.6967483687284
zaf,1951,26.9346036286893
zaf,1952,29.0686775417754
zaf,1953,32.6916242688945
zaf,1954,35.3214728750013
zaf,1955,38.493480481619
zaf,1956,41.4326703138581
zaf,1957,42.746774750305
zaf,1958,43.4660137840026
zaf,1959,46.0240136390873
zaf,1960,49.3077622215261
zaf,1961,52.6551884829117
zaf,1962,54.9824728603926
zaf,1963,58.5499097294195
zaf,1964,58.5923962822091
zaf,1965,61.1374137141035
zaf,1966,65.7160809062803
zaf,1967,70.5674036754802
zaf,1968,69.9733679764083
zaf,1969,65.7416054026468
zaf,1970,64.0426028879152
zaf,1971,74.0596862062322
zaf,1972,83.7622044635115
zaf,1973,91.7081915218698
zaf,1974,102.929775164991
zaf,1975,113.416201879955
zaf,1976,115.273369310946
zaf,1977,118.224038438626
zaf,1978,133.68595227812
zaf,1979,165.70884602747
zaf,1980,212.657761821196
zaf,1981,247.476669218696
zaf,1982,275.912312712621
zaf,1983,268.11601254074
zaf,1984,277.706993555705
zaf,1985,281.127731719656
zaf,1986,275.35124859167
zaf,1987,281.936320470629
zaf,1988,275.694369649825
zaf,1989,273.439479937286
zaf,1990,273.548064709134
zaf,1991,285.775376570548
zaf,1992,333.696498495039
zaf,1993,318.632237029591
zaf,1994,313.260609982102
zaf,1995,334.317470458362
zaf,1996,341.080996320335
zaf,1997,328.336091442233
zaf,1998,349.219883721667
zaf,1999,312.62079831493
zaf,2000,298.309113392937
zaf,2001,309.634318906561
zaf,2002,303.144849299338
zaf,2003,259.174584634387
zaf,2004,303.977283920488
zaf,2005,320.769081061316
zaf,2006,357.033386006542
zaf,2007,338.526150947079
zaf,2008,344.817206211291
zaf,2009,330.449363153361
zaf,2010,335.905945636207
zaf,2011,352.507966213183
zaf,2012,416.256691975272
zaf,2013,439.770456760373
zaf,2014,437.696650005507
zaf,2015,352.603813611734
zaf,2016,284.053920385213
zaf,2017,303.669669159186
zaf,2018,262.213189728614
zaf,2019,240.450695362498
zaf,2020,224.782197516885
zaf,2021,228.881106227188
zaf,2022,243.487133597788
zmb,1888,0
zmb,1889,0
zmb,1890,0
zmb,1891,0
zmb,1892,0
zmb,1893,0
zmb,1894,0
zmb,1895,0
zmb,1896,0
zmb,1897,0
zmb,1898,0
zmb,1899,0
zmb,1900,0
zmb,1901,0
zmb,1902,0
zmb,1903,0
zmb,1904,0
zmb,1905,0
zmb,1906,0
zmb,1907,0
zmb,1908,0
zmb,1909,0
zmb,1910,0
zmb,1911,0
zmb,1912,0
zmb,1913,0
zmb,1914,0
zmb,1915,0
zmb,1916,0
zmb,1917,0
zmb,1918,0
zmb,1919,0
zmb,1920,0
zmb,1921,0
zmb,1922,0
zmb,1923,0
zmb,1924,0
zmb,1925,0
zmb,1926,0
zmb,1927,0
zmb,1928,0
zmb,1929,0
zmb,1930,0
zmb,1931,0
zmb,1932,0
zmb,1933,0
zmb,1934,0
zmb,1935,0
zmb,1936,0
zmb,1937,0
zmb,1938,0
zmb,1939,0
zmb,1940,0
zmb,1941,0
zmb,1942,0
zmb,1943,0
zmb,1944,0
zmb,1945,0
zmb,1946,0
zmb,1947,0
zmb,1948,0
zmb,1949,0
zmb,1950,0
zmb,1951,0
zmb,1952,0
zmb,1953,0
zmb,1954,0
zmb,1955,0
zmb,1956,0
zmb,1957,0
zmb,1958,0
zmb,1959,0
zmb,1960,10.6609638605346
zmb,1961,10.6609638605346
zmb,1962,11.8076443762486
zmb,1963,13.2756875842647
zmb,1964,13.1174408039644
zmb,1965,17.6116493644912
zmb,1966,21.7552804425067
zmb,1967,25.214798516455
zmb,1968,26.7023182512772
zmb,1969,27.5860656551078
zmb,1970,30.8605567243974
zmb,1971,43.0626007684712
zmb,1972,38.7461155150508
zmb,1973,35.0869630413391
zmb,1974,34.5781387785276
zmb,1975,41.9232239503095
zmb,1976,45.411956814467
zmb,1977,44.6328957422197
zmb,1978,44.0485999380342
zmb,1979,42.5440382422566
zmb,1980,47.128325739262
zmb,1981,48.2409223330652
zmb,1982,63.1693961650914
zmb,1983,55.7955953367679
zmb,1984,60.9162090735577
zmb,1985,48.0364244140038
zmb,1986,49.5585451864183
zmb,1987,45.8240332612538
zmb,1988,51.3116671065542
zmb,1989,57.6234142355331
zmb,1990,41.3106372513148
zmb,1991,66.304913005894
zmb,1992,32.9107038447625
zmb,1993,28.3750135806345
zmb,1994,27.6150132016181
zmb,1995,28.1200957389673
zmb,1996,51.4533292406449
zmb,1997,48.0052292737313
zmb,1998,28.0259090525757
zmb,1999,25.2783526796655
zmb,2000,25.9248090775977
zmb,2001,17.6888343855281
zmb,2002,17.264485371334
zmb,2003,16.0802686048799
zmb,2004,15.8998260798636
zmb,2005,13.4604839499001
zmb,2006,13.6443924064671
zmb,2007,17.1318081636316
zmb,2008,14.9653542235364
zmb,2009,14.0689527986711
zmb,2010,18.019322617415
zmb,2011,17.0969561510118
zmb,2012,18.4325747745581
zmb,2013,22.7356871090408
zmb,2014,24.5374021958807
zmb,2015,21.5455211368148
zmb,2016,24.3048572246657
zmb,2017,26.5813516874431
zmb,2018,19.2225476822892
zmb,2019,18.3086190093334
zmb,2020,18.370009887321
zmb,2021,19.6847523421676
zmb,2022,19.3666404792106
zwe,1888,0
zwe,1889,0
zwe,1890,0
zwe,1891,0
zwe,1892,0
zwe,1893,0
zwe,1894,0
zwe,1895,0
zwe,1896,0
zwe,1897,0
zwe,1898,0
zwe,1899,0
zwe,1900,0
zwe,1901,0
zwe,1902,0
zwe,1903,0
zwe,1904,0
zwe,1905,0
zwe,1906,0
zwe,1907,0
zwe,1908,0
zwe,1909,0
zwe,1910,0
zwe,1911,0
zwe,1912,0
zwe,1913,0
zwe,1914,0
zwe,1915,0
zwe,1916,0
zwe,1917,0
zwe,1918,0
zwe,1919,0
zwe,1920,0
zwe,1921,0
zwe,1922,0
zwe,1923,0
zwe,1924,0
zwe,1925,0
zwe,1926,0
zwe,1927,0
zwe,1928,0
zwe,1929,0
zwe,1930,0
zwe,1931,0
zwe,1932,0
zwe,1933,0
zwe,1934,0
zwe,1935,0
zwe,1936,0
zwe,1937,0
zwe,1938,0
zwe,1939,0
zwe,1940,0
zwe,1941,0
zwe,1942,0
zwe,1943,0
zwe,1944,0
zwe,1945,0
zwe,1946,0
zwe,1947,0
zwe,1948,0
zwe,1949,0
zwe,1950,0
zwe,1951,0
zwe,1952,0
zwe,1953,0
zwe,1954,0
zwe,1955,0
zwe,1956,0
zwe,1957,0
zwe,1958,0
zwe,1959,0
zwe,1960,0
zwe,1961,26.7759045229491
zwe,1962,28.9578780783867
zwe,1963,31.1398516338244
zwe,1964,33.321825189262
zwe,1965,34.0458705169455
zwe,1966,40.2750213523968
zwe,1967,40.5071880607302
zwe,1968,39.3011016860834
zwe,1969,40.0153094413799
zwe,1970,49.575462287071
zwe,1971,52.0092776956159
zwe,1972,54.8464335720281
zwe,1973,57.9452688739345
zwe,1974,54.7539603915902
zwe,1975,58.1597279519712
zwe,1976,57.6442391588922
zwe,1977,58.6240613686378
zwe,1978,55.533096124641
zwe,1979,56.1469606415901
zwe,1980,55.0431850197682
zwe,1981,66.1989921066314
zwe,1982,63.8694549653887
zwe,1983,56.6132615727341
zwe,1984,67.041088302959
zwe,1985,69.9726848742863
zwe,1986,78.3326538887628
zwe,1987,81.7010386740733
zwe,1988,82.5864201889037
zwe,1989,84.9887553658102
zwe,1990,91.3143144106541
zwe,1991,85.0989361765447
zwe,1992,75.9617989434948
zwe,1993,71.3483522011925
zwe,1994,67.0150974914655
zwe,1995,62.9450176946844
zwe,1996,59.1221292051198
zwe,1997,55.5314191617435
zwe,1998,52.1587864912385
zwe,1999,48.9909865316898
zwe,2000,46.0155790194885
zwe,2001,38.7597987172805
zwe,2002,32.3803602957079
zwe,2003,42.3934973535223
zwe,2004,50.7454257958522
zwe,2005,50.6184983447619
zwe,2006,45.2332783225013
zwe,2007,38.5713266449144
zwe,2008,45.7821261511688
zwe,2009,24.3371675357568
zwe,2010,47.3803824589229
zwe,2011,62.5465300474573
zwe,2012,100.529032440506
zwe,2013,123.691146188153
zwe,2014,118.831367348635
zwe,2015,115.176291869768
zwe,2016,109.94521213211
zwe,2017,73.1048733363097
zwe,2018,73.9429414557873
zwe,2019,62.4461803944275
zwe,2020,55.8808141645778
zwe,2021,55.4507870843339
zwe,2022,55.0882235746839
