gtap12,year,rd_stock,unit
ago,2004,95.13308050658713,million 2017 PPP$
ago,2005,98.25295799427677,million 2017 PPP$
ago,2006,101.95335354539459,million 2017 PPP$
ago,2007,106.05192891158723,million 2017 PPP$
ago,2008,110.85491613776098,million 2017 PPP$
ago,2009,116.43036735574057,million 2017 PPP$
ago,2010,123.24741342115077,million 2017 PPP$
ago,2011,131.64699813127382,million 2017 PPP$
ago,2012,141.42869924981682,million 2017 PPP$
ago,2013,151.72168185206107,million 2017 PPP$
ago,2014,162.14504309990915,million 2017 PPP$
ago,2015,172.80798038799955,million 2017 PPP$
ago,2016,183.5541741925298,million 2017 PPP$
ago,2017,194.3641784506618,million 2017 PPP$
ago,2018,205.08496430674566,million 2017 PPP$
ago,2019,215.06708462051705,million 2017 PPP$
ago,2020,223.76607881591255,million 2017 PPP$
ago,2021,231.24854376048359,million 2017 PPP$
ago,2022,238.16421146245878,million 2017 PPP$
alb,2004,0,million 2017 PPP$
alb,2005,0,million 2017 PPP$
alb,2006,0,million 2017 PPP$
alb,2007,0,million 2017 PPP$
alb,2008,0,million 2017 PPP$
alb,2009,0,million 2017 PPP$
alb,2010,0,million 2017 PPP$
alb,2011,0,million 2017 PPP$
alb,2012,0,million 2017 PPP$
alb,2013,0,million 2017 PPP$
alb,2014,0,million 2017 PPP$
alb,2015,0,million 2017 PPP$
alb,2016,0,million 2017 PPP$
alb,2017,0,million 2017 PPP$
alb,2018,0,million 2017 PPP$
alb,2019,0,million 2017 PPP$
alb,2020,0,million 2017 PPP$
alb,2021,0,million 2017 PPP$
alb,2022,0,million 2017 PPP$
are,2004,64.0138953643043,million 2017 PPP$
are,2005,67.0038289467316,million 2017 PPP$
are,2006,68.91774204651617,million 2017 PPP$
are,2007,69.53178452272697,million 2017 PPP$
are,2008,68.8431776893433,million 2017 PPP$
are,2009,67.04203505336434,million 2017 PPP$
are,2010,64.53709484497267,million 2017 PPP$
are,2011,61.73487624585923,million 2017 PPP$
are,2012,58.81551915818261,million 2017 PPP$
are,2013,55.895069998905356,million 2017 PPP$
are,2014,53.18529596932292,million 2017 PPP$
are,2015,50.89282481072871,million 2017 PPP$
are,2016,49.294742623064074,million 2017 PPP$
are,2017,48.62659814060843,million 2017 PPP$
are,2018,48.87485040987241,million 2017 PPP$
are,2019,49.79679183179493,million 2017 PPP$
are,2020,51.1227129494889,million 2017 PPP$
are,2021,52.85233726593201,million 2017 PPP$
are,2022,55.01521634755134,million 2017 PPP$
arg,2004,5655.44556153973,million 2017 PPP$
arg,2005,5708.644945969997,million 2017 PPP$
arg,2006,5728.303171566934,million 2017 PPP$
arg,2007,5715.962899424225,million 2017 PPP$
arg,2008,5674.444350515908,million 2017 PPP$
arg,2009,5610.083277701374,million 2017 PPP$
arg,2010,5546.155377475675,million 2017 PPP$
arg,2011,5499.555997489082,million 2017 PPP$
arg,2012,5507.893296582161,million 2017 PPP$
arg,2013,5580.277475724092,million 2017 PPP$
arg,2014,5723.315863046956,million 2017 PPP$
arg,2015,5932.201253538168,million 2017 PPP$
arg,2016,6184.20949528111,million 2017 PPP$
arg,2017,6465.760213088076,million 2017 PPP$
arg,2018,6762.865486698142,million 2017 PPP$
arg,2019,7052.311873881178,million 2017 PPP$
arg,2020,7326.2586041519735,million 2017 PPP$
arg,2021,7571.742151486839,million 2017 PPP$
arg,2022,7771.143873351661,million 2017 PPP$
arm,2004,0,million 2017 PPP$
arm,2005,0,million 2017 PPP$
arm,2006,0,million 2017 PPP$
arm,2007,0,million 2017 PPP$
arm,2008,0,million 2017 PPP$
arm,2009,0,million 2017 PPP$
arm,2010,0,million 2017 PPP$
arm,2011,0,million 2017 PPP$
arm,2012,0,million 2017 PPP$
arm,2013,0.027602690848643634,million 2017 PPP$
arm,2014,0.2094824997379437,million 2017 PPP$
arm,2015,0.6282331473608315,million 2017 PPP$
arm,2016,1.3075695248780859,million 2017 PPP$
arm,2017,2.094592332819207,million 2017 PPP$
arm,2018,2.8974385594437315,million 2017 PPP$
arm,2019,3.8411496153603744,million 2017 PPP$
arm,2020,4.917190715840286,million 2017 PPP$
arm,2021,5.957833892630739,million 2017 PPP$
arm,2022,6.8312044353702,million 2017 PPP$
aus,2004,8975.320346556515,million 2017 PPP$
aus,2005,9074.574396842072,million 2017 PPP$
aus,2006,9176.421309752943,million 2017 PPP$
aus,2007,9274.902427400524,million 2017 PPP$
aus,2008,9364.839840256283,million 2017 PPP$
aus,2009,9442.245819878932,million 2017 PPP$
aus,2010,9503.721845881371,million 2017 PPP$
aus,2011,9547.126586632658,million 2017 PPP$
aus,2012,9574.762327396818,million 2017 PPP$
aus,2013,9593.961185138674,million 2017 PPP$
aus,2014,9613.570480276372,million 2017 PPP$
aus,2015,9646.110712636322,million 2017 PPP$
aus,2016,9695.35751931762,million 2017 PPP$
aus,2017,9764.472121904839,million 2017 PPP$
aus,2018,9854.64870486668,million 2017 PPP$
aus,2019,9965.565704624914,million 2017 PPP$
aus,2020,10096.194584400548,million 2017 PPP$
aus,2021,10240.123109034552,million 2017 PPP$
aus,2022,10388.971699563423,million 2017 PPP$
aut,2004,1409.2216625605868,million 2017 PPP$
aut,2005,1471.4043176731823,million 2017 PPP$
aut,2006,1533.929372783598,million 2017 PPP$
aut,2007,1594.1558675378014,million 2017 PPP$
aut,2008,1650.074512656576,million 2017 PPP$
aut,2009,1700.5992160447233,million 2017 PPP$
aut,2010,1745.9400464611942,million 2017 PPP$
aut,2011,1787.5528310460668,million 2017 PPP$
aut,2012,1827.8218444227568,million 2017 PPP$
aut,2013,1868.754940884947,million 2017 PPP$
aut,2014,1911.316432634756,million 2017 PPP$
aut,2015,1954.97298048178,million 2017 PPP$
aut,2016,1997.6189848664144,million 2017 PPP$
aut,2017,2036.9738357014185,million 2017 PPP$
aut,2018,2070.7782126319457,million 2017 PPP$
aut,2019,2097.1492055032077,million 2017 PPP$
aut,2020,2114.8362653482227,million 2017 PPP$
aut,2021,2123.762562953071,million 2017 PPP$
aut,2022,2124.8965575919333,million 2017 PPP$
aze,2004,0,million 2017 PPP$
aze,2005,0,million 2017 PPP$
aze,2006,0,million 2017 PPP$
aze,2007,0,million 2017 PPP$
aze,2008,0,million 2017 PPP$
aze,2009,0,million 2017 PPP$
aze,2010,0,million 2017 PPP$
aze,2011,0,million 2017 PPP$
aze,2012,0,million 2017 PPP$
aze,2013,0.807024878525896,million 2017 PPP$
aze,2014,6.012217693710036,million 2017 PPP$
aze,2015,16.778399928322003,million 2017 PPP$
aze,2016,30.682434474236874,million 2017 PPP$
aze,2017,43.55443129978768,million 2017 PPP$
aze,2018,52.21042357205302,million 2017 PPP$
aze,2019,58.94088929211834,million 2017 PPP$
aze,2020,66.6547370795141,million 2017 PPP$
aze,2021,75.78762970913093,million 2017 PPP$
aze,2022,84.79879504398919,million 2017 PPP$
bdi,2004,95.98114392874885,million 2017 PPP$
bdi,2005,88.47120845213874,million 2017 PPP$
bdi,2006,84.61746857383088,million 2017 PPP$
bdi,2007,84.26565577275768,million 2017 PPP$
bdi,2008,87.55451918961508,million 2017 PPP$
bdi,2009,94.15354875914561,million 2017 PPP$
bdi,2010,102.55725953644625,million 2017 PPP$
bdi,2011,110.58112900751196,million 2017 PPP$
bdi,2012,117.20877327570993,million 2017 PPP$
bdi,2013,121.40398880512761,million 2017 PPP$
bdi,2014,123.37189263768843,million 2017 PPP$
bdi,2015,124.04354018339397,million 2017 PPP$
bdi,2016,123.49545485356944,million 2017 PPP$
bdi,2017,121.24691198537512,million 2017 PPP$
bdi,2018,117.12180192454004,million 2017 PPP$
bdi,2019,110.72792897593004,million 2017 PPP$
bdi,2020,102.46237236480546,million 2017 PPP$
bdi,2021,93.17611079393363,million 2017 PPP$
bdi,2022,83.83287581960637,million 2017 PPP$
bel,2004,2207.5781926117415,million 2017 PPP$
bel,2005,2292.3770131369556,million 2017 PPP$
bel,2006,2386.69730959709,million 2017 PPP$
bel,2007,2488.458292972645,million 2017 PPP$
bel,2008,2593.543017922852,million 2017 PPP$
bel,2009,2696.8066267929785,million 2017 PPP$
bel,2010,2794.7744599469456,million 2017 PPP$
bel,2011,2886.5249478072483,million 2017 PPP$
bel,2012,2973.8339018225056,million 2017 PPP$
bel,2013,3059.542105758295,million 2017 PPP$
bel,2014,3147.285448071024,million 2017 PPP$
bel,2015,3237.271029754032,million 2017 PPP$
bel,2016,3333.293804939311,million 2017 PPP$
bel,2017,3434.2745138798437,million 2017 PPP$
bel,2018,3538.8051545665817,million 2017 PPP$
bel,2019,3644.2972018317996,million 2017 PPP$
bel,2020,3747.047756678152,million 2017 PPP$
bel,2021,3844.290849202312,million 2017 PPP$
bel,2022,3933.560862622248,million 2017 PPP$
ben,2004,172.43781433601958,million 2017 PPP$
ben,2005,166.65143416022028,million 2017 PPP$
ben,2006,163.88419935501022,million 2017 PPP$
ben,2007,163.82793800119452,million 2017 PPP$
ben,2008,165.45362108440278,million 2017 PPP$
ben,2009,168.44422036376554,million 2017 PPP$
ben,2010,171.9355325763765,million 2017 PPP$
ben,2011,175.8376256505239,million 2017 PPP$
ben,2012,180.49687565325834,million 2017 PPP$
ben,2013,185.19603436181217,million 2017 PPP$
ben,2014,188.68965317778364,million 2017 PPP$
ben,2015,190.9617082180691,million 2017 PPP$
ben,2016,192.40113199062813,million 2017 PPP$
ben,2017,194.55028629155495,million 2017 PPP$
ben,2018,201.33684593208997,million 2017 PPP$
ben,2019,216.7033291699667,million 2017 PPP$
ben,2020,239.35878284540115,million 2017 PPP$
ben,2021,264.9134978316834,million 2017 PPP$
ben,2022,289.55474781027317,million 2017 PPP$
bfa,2004,219.66280559030074,million 2017 PPP$
bfa,2005,222.8609097736119,million 2017 PPP$
bfa,2006,226.57877763725594,million 2017 PPP$
bfa,2007,227.96451077289456,million 2017 PPP$
bfa,2008,226.60401427975273,million 2017 PPP$
bfa,2009,221.9577161208838,million 2017 PPP$
bfa,2010,215.85548623048263,million 2017 PPP$
bfa,2011,210.15962640768373,million 2017 PPP$
bfa,2012,207.05017224732973,million 2017 PPP$
bfa,2013,206.7350965673276,million 2017 PPP$
bfa,2014,211.32652036845803,million 2017 PPP$
bfa,2015,222.49387160002783,million 2017 PPP$
bfa,2016,239.26538775684782,million 2017 PPP$
bfa,2017,258.6024560189029,million 2017 PPP$
bfa,2018,275.8453089810389,million 2017 PPP$
bfa,2019,290.3998959510474,million 2017 PPP$
bfa,2020,299.8213314109735,million 2017 PPP$
bfa,2021,303.777085482514,million 2017 PPP$
bfa,2022,302.4996404921437,million 2017 PPP$
bgd,2004,1538.2477868670758,million 2017 PPP$
bgd,2005,1557.7346515024908,million 2017 PPP$
bgd,2006,1557.9063440313535,million 2017 PPP$
bgd,2007,1561.549887874353,million 2017 PPP$
bgd,2008,1584.6005339310261,million 2017 PPP$
bgd,2009,1628.0649011000655,million 2017 PPP$
bgd,2010,1688.9882487427737,million 2017 PPP$
bgd,2011,1767.2659292050084,million 2017 PPP$
bgd,2012,1864.8059821577244,million 2017 PPP$
bgd,2013,1974.9494765961983,million 2017 PPP$
bgd,2014,2088.6056370536903,million 2017 PPP$
bgd,2015,2198.078862741806,million 2017 PPP$
bgd,2016,2296.805019298671,million 2017 PPP$
bgd,2017,2378.5350649423553,million 2017 PPP$
bgd,2018,2436.9629626968235,million 2017 PPP$
bgd,2019,2474.031877465677,million 2017 PPP$
bgd,2020,2495.4262664854364,million 2017 PPP$
bgd,2021,2508.323142496077,million 2017 PPP$
bgd,2022,2519.189943525728,million 2017 PPP$
bgr,2004,718.7323769354471,million 2017 PPP$
bgr,2005,680.0382302832801,million 2017 PPP$
bgr,2006,644.7096510154228,million 2017 PPP$
bgr,2007,612.3905429550304,million 2017 PPP$
bgr,2008,583.549011996504,million 2017 PPP$
bgr,2009,554.414517820518,million 2017 PPP$
bgr,2010,526.0799397998111,million 2017 PPP$
bgr,2011,495.5867868214418,million 2017 PPP$
bgr,2012,460.61042225832153,million 2017 PPP$
bgr,2013,424.16512971421037,million 2017 PPP$
bgr,2014,391.0518342425973,million 2017 PPP$
bgr,2015,361.86355311190397,million 2017 PPP$
bgr,2016,337.7862513477921,million 2017 PPP$
bgr,2017,319.3068801675729,million 2017 PPP$
bgr,2018,308.20469480752,million 2017 PPP$
bgr,2019,303.99675979029604,million 2017 PPP$
bgr,2020,308.9147537687206,million 2017 PPP$
bgr,2021,322.8757462559224,million 2017 PPP$
bgr,2022,342.32885414418615,million 2017 PPP$
bhr,2004,0,million 2017 PPP$
bhr,2005,0,million 2017 PPP$
bhr,2006,0,million 2017 PPP$
bhr,2007,0,million 2017 PPP$
bhr,2008,0,million 2017 PPP$
bhr,2009,0,million 2017 PPP$
bhr,2010,0,million 2017 PPP$
bhr,2011,0,million 2017 PPP$
bhr,2012,0,million 2017 PPP$
bhr,2013,0,million 2017 PPP$
bhr,2014,0,million 2017 PPP$
bhr,2015,0,million 2017 PPP$
bhr,2016,0,million 2017 PPP$
bhr,2017,0,million 2017 PPP$
bhr,2018,0,million 2017 PPP$
bhr,2019,0,million 2017 PPP$
bhr,2020,0,million 2017 PPP$
bhr,2021,0,million 2017 PPP$
bhr,2022,0,million 2017 PPP$
blr,2004,0,million 2017 PPP$
blr,2005,0,million 2017 PPP$
blr,2006,0,million 2017 PPP$
blr,2007,0,million 2017 PPP$
blr,2008,0,million 2017 PPP$
blr,2009,0,million 2017 PPP$
blr,2010,0,million 2017 PPP$
blr,2011,0,million 2017 PPP$
blr,2012,0.4074299440522284,million 2017 PPP$
blr,2013,3.0507776446468866,million 2017 PPP$
blr,2014,8.462705760005624,million 2017 PPP$
blr,2015,14.946320688841624,million 2017 PPP$
blr,2016,20.598849012586573,million 2017 PPP$
blr,2017,24.71926592806992,million 2017 PPP$
blr,2018,27.783475572820635,million 2017 PPP$
blr,2019,30.725131395665244,million 2017 PPP$
blr,2020,33.92651018377968,million 2017 PPP$
blr,2021,37.17159372575928,million 2017 PPP$
blr,2022,40.075575019786605,million 2017 PPP$
bol,2004,140.2027110706827,million 2017 PPP$
bol,2005,139.14037373194242,million 2017 PPP$
bol,2006,140.29008763108783,million 2017 PPP$
bol,2007,144.3621948208748,million 2017 PPP$
bol,2008,151.75669455357865,million 2017 PPP$
bol,2009,162.93208773989377,million 2017 PPP$
bol,2010,178.26551193265644,million 2017 PPP$
bol,2011,198.1033356056215,million 2017 PPP$
bol,2012,222.79481040034418,million 2017 PPP$
bol,2013,252.7388879745091,million 2017 PPP$
bol,2014,288.0124207439895,million 2017 PPP$
bol,2015,328.20682269565083,million 2017 PPP$
bol,2016,372.3058348914431,million 2017 PPP$
bol,2017,418.86431847062613,million 2017 PPP$
bol,2018,466.99214903224254,million 2017 PPP$
bol,2019,514.666579173101,million 2017 PPP$
bol,2020,560.9254389486317,million 2017 PPP$
bol,2021,604.73354534751,million 2017 PPP$
bol,2022,644.7951319949467,million 2017 PPP$
bra,2004,19622.463766424233,million 2017 PPP$
bra,2005,19836.386810477226,million 2017 PPP$
bra,2006,19979.62457795513,million 2017 PPP$
bra,2007,20056.979281678323,million 2017 PPP$
bra,2008,20054.700018357038,million 2017 PPP$
bra,2009,20016.87131340913,million 2017 PPP$
bra,2010,19946.914327310085,million 2017 PPP$
bra,2011,19861.7531227065,million 2017 PPP$
bra,2012,19792.459481452337,million 2017 PPP$
bra,2013,19766.862812133564,million 2017 PPP$
bra,2014,19832.32962333231,million 2017 PPP$
bra,2015,20013.386703299147,million 2017 PPP$
bra,2016,20334.836143272234,million 2017 PPP$
bra,2017,20788.953839417336,million 2017 PPP$
bra,2018,21394.721746223437,million 2017 PPP$
bra,2019,22105.671299839105,million 2017 PPP$
bra,2020,22908.309942345215,million 2017 PPP$
bra,2021,23776.6233469227,million 2017 PPP$
bra,2022,24663.098001564795,million 2017 PPP$
brn,2004,37.84838576877448,million 2017 PPP$
brn,2005,38.68896695841399,million 2017 PPP$
brn,2006,39.54821675761304,million 2017 PPP$
brn,2007,40.42654978067323,million 2017 PPP$
brn,2008,41.32438985013519,million 2017 PPP$
brn,2009,42.242170201285916,million 2017 PPP$
brn,2010,43.18033369120803,million 2017 PPP$
brn,2011,44.13933301247188,million 2017 PPP$
brn,2012,45.11963091157353,million 2017 PPP$
brn,2013,46.12170041222411,million 2017 PPP$
brn,2014,47.146025043598215,million 2017 PPP$
brn,2015,48.1930990736515,million 2017 PPP$
brn,2016,49.26342774762012,million 2017 PPP$
brn,2017,50.35752753181696,million 2017 PPP$
brn,2018,51.47592636284245,million 2017 PPP$
brn,2019,52.61540663821336,million 2017 PPP$
brn,2020,53.77425374251935,million 2017 PPP$
brn,2021,55.052297679532415,million 2017 PPP$
brn,2022,56.51983096852982,million 2017 PPP$
bwa,2004,147.97752791232318,million 2017 PPP$
bwa,2005,154.7591711932959,million 2017 PPP$
bwa,2006,161.7588077795777,million 2017 PPP$
bwa,2007,170.43399506582745,million 2017 PPP$
bwa,2008,180.792916221409,million 2017 PPP$
bwa,2009,191.02845662616465,million 2017 PPP$
bwa,2010,198.7965392993466,million 2017 PPP$
bwa,2011,202.4158288835203,million 2017 PPP$
bwa,2012,201.0718548730718,million 2017 PPP$
bwa,2013,195.0609335958478,million 2017 PPP$
bwa,2014,185.982288093021,million 2017 PPP$
bwa,2015,175.6201352970139,million 2017 PPP$
bwa,2016,165.6533975087252,million 2017 PPP$
bwa,2017,156.73338132980788,million 2017 PPP$
bwa,2018,149.39415482588777,million 2017 PPP$
bwa,2019,143.5318317163862,million 2017 PPP$
bwa,2020,139.20417724281407,million 2017 PPP$
bwa,2021,135.8743587353997,million 2017 PPP$
bwa,2022,133.56244061841025,million 2017 PPP$
can,2004,10425.066071143132,million 2017 PPP$
can,2005,10327.077616721588,million 2017 PPP$
can,2006,10235.674389021522,million 2017 PPP$
can,2007,10147.54606651903,million 2017 PPP$
can,2008,10062.532176215744,million 2017 PPP$
can,2009,9979.723614829829,million 2017 PPP$
can,2010,9905.975667606941,million 2017 PPP$
can,2011,9846.403552281981,million 2017 PPP$
can,2012,9808.689522220226,million 2017 PPP$
can,2013,9796.61732666242,million 2017 PPP$
can,2014,9797.749424976084,million 2017 PPP$
can,2015,9808.117155391488,million 2017 PPP$
can,2016,9824.071762600688,million 2017 PPP$
can,2017,9840.316162430083,million 2017 PPP$
can,2018,9858.395030192105,million 2017 PPP$
can,2019,9871.180393925748,million 2017 PPP$
can,2020,9880.699394550147,million 2017 PPP$
can,2021,9887.857637995232,million 2017 PPP$
can,2022,9894.603700638074,million 2017 PPP$
che,2004,1343.277042968023,million 2017 PPP$
che,2005,1344.8735111124092,million 2017 PPP$
che,2006,1353.6389972383242,million 2017 PPP$
che,2007,1368.5654449284891,million 2017 PPP$
che,2008,1388.0377715177533,million 2017 PPP$
che,2009,1410.031422268077,million 2017 PPP$
che,2010,1433.0225171397094,million 2017 PPP$
che,2011,1455.393454799174,million 2017 PPP$
che,2012,1476.9493875343187,million 2017 PPP$
che,2013,1499.9999901409483,million 2017 PPP$
che,2014,1527.0370589609815,million 2017 PPP$
che,2015,1560.066871994739,million 2017 PPP$
che,2016,1603.4823289263716,million 2017 PPP$
che,2017,1658.748303471494,million 2017 PPP$
che,2018,1727.3541258664281,million 2017 PPP$
che,2019,1809.3933579950688,million 2017 PPP$
che,2020,1902.607239389267,million 2017 PPP$
che,2021,2003.584006183418,million 2017 PPP$
che,2022,2109.439824304067,million 2017 PPP$
chl,2004,1497.1976346842237,million 2017 PPP$
chl,2005,1575.3486367357998,million 2017 PPP$
chl,2006,1655.7776304477163,million 2017 PPP$
chl,2007,1733.002900715445,million 2017 PPP$
chl,2008,1803.7033798769826,million 2017 PPP$
chl,2009,1863.078746301567,million 2017 PPP$
chl,2010,1908.07205501192,million 2017 PPP$
chl,2011,1939.927734395672,million 2017 PPP$
chl,2012,1957.7603416938769,million 2017 PPP$
chl,2013,1966.8904660770886,million 2017 PPP$
chl,2014,1973.6053849075279,million 2017 PPP$
chl,2015,1979.907088857609,million 2017 PPP$
chl,2016,1990.8255680169316,million 2017 PPP$
chl,2017,2006.245977318901,million 2017 PPP$
chl,2018,2024.521023113692,million 2017 PPP$
chl,2019,2045.1706505561986,million 2017 PPP$
chl,2020,2065.842105498848,million 2017 PPP$
chl,2021,2087.3607234018236,million 2017 PPP$
chl,2022,2106.889546204962,million 2017 PPP$
chn,2004,5737.648749740384,million 2017 PPP$
chn,2005,6341.143455192053,million 2017 PPP$
chn,2006,7091.040574375085,million 2017 PPP$
chn,2007,7990.762104008082,million 2017 PPP$
chn,2008,9064.1006043225,million 2017 PPP$
chn,2009,10366.545606339017,million 2017 PPP$
chn,2010,11993.129316066028,million 2017 PPP$
chn,2011,14011.068183166479,million 2017 PPP$
chn,2012,16348.68074323592,million 2017 PPP$
chn,2013,18882.949652030595,million 2017 PPP$
chn,2014,21506.81501803153,million 2017 PPP$
chn,2015,24131.146417905053,million 2017 PPP$
chn,2016,26783.108200857278,million 2017 PPP$
chn,2017,29522.96737907379,million 2017 PPP$
chn,2018,32378.19281126693,million 2017 PPP$
chn,2019,35333.956835071964,million 2017 PPP$
chn,2020,38370.00549856506,million 2017 PPP$
chn,2021,41428.71732344676,million 2017 PPP$
chn,2022,44405.661440030715,million 2017 PPP$
civ,2004,569.5609909982671,million 2017 PPP$
civ,2005,551.8107307327509,million 2017 PPP$
civ,2006,538.320984172849,million 2017 PPP$
civ,2007,530.3421293588551,million 2017 PPP$
civ,2008,530.2351341635135,million 2017 PPP$
civ,2009,534.7230123614055,million 2017 PPP$
civ,2010,541.4109381307019,million 2017 PPP$
civ,2011,548.5053680167741,million 2017 PPP$
civ,2012,555.9274877293504,million 2017 PPP$
civ,2013,563.2583994096254,million 2017 PPP$
civ,2014,571.1404096678866,million 2017 PPP$
civ,2015,581.9141168846268,million 2017 PPP$
civ,2016,594.5674007271906,million 2017 PPP$
civ,2017,609.5423014053921,million 2017 PPP$
civ,2018,629.0028459565589,million 2017 PPP$
civ,2019,655.3412705829452,million 2017 PPP$
civ,2020,688.2230836892362,million 2017 PPP$
civ,2021,724.0094488462613,million 2017 PPP$
civ,2022,757.8379583158224,million 2017 PPP$
cmr,2004,312.28362718875275,million 2017 PPP$
cmr,2005,303.8904628786827,million 2017 PPP$
cmr,2006,295.72287942205026,million 2017 PPP$
cmr,2007,287.774813942024,million 2017 PPP$
cmr,2008,280.10142391182677,million 2017 PPP$
cmr,2009,273.096545456792,million 2017 PPP$
cmr,2010,267.15083729704196,million 2017 PPP$
cmr,2011,261.70481326273625,million 2017 PPP$
cmr,2012,256.41410573182463,million 2017 PPP$
cmr,2013,252.99693374910512,million 2017 PPP$
cmr,2014,252.73545879699296,million 2017 PPP$
cmr,2015,256.312673359756,million 2017 PPP$
cmr,2016,262.1250052719043,million 2017 PPP$
cmr,2017,268.88232170869475,million 2017 PPP$
cmr,2018,276.4131364203788,million 2017 PPP$
cmr,2019,283.19929801704353,million 2017 PPP$
cmr,2020,287.1360503928263,million 2017 PPP$
cmr,2021,287.41362318130365,million 2017 PPP$
cmr,2022,284.79719341161143,million 2017 PPP$
col,2004,2492.023643871015,million 2017 PPP$
col,2005,2485.067656726085,million 2017 PPP$
col,2006,2492.2041620182767,million 2017 PPP$
col,2007,2508.003671777923,million 2017 PPP$
col,2008,2527.6492656650084,million 2017 PPP$
col,2009,2544.043770267684,million 2017 PPP$
col,2010,2551.352534710831,million 2017 PPP$
col,2011,2548.3081279632565,million 2017 PPP$
col,2012,2535.7210170170297,million 2017 PPP$
col,2013,2508.1939603150495,million 2017 PPP$
col,2014,2478.1421624734667,million 2017 PPP$
col,2015,2440.3172786465866,million 2017 PPP$
col,2016,2407.3077296134898,million 2017 PPP$
col,2017,2380.958942662895,million 2017 PPP$
col,2018,2366.2804008041708,million 2017 PPP$
col,2019,2368.96275174077,million 2017 PPP$
col,2020,2390.172095780554,million 2017 PPP$
col,2021,2430.4319526142885,million 2017 PPP$
col,2022,2488.9726092296573,million 2017 PPP$
cri,2004,422.07471408424345,million 2017 PPP$
cri,2005,421.4859366206695,million 2017 PPP$
cri,2006,420.6438279070974,million 2017 PPP$
cri,2007,420.0278652453765,million 2017 PPP$
cri,2008,419.22521970971326,million 2017 PPP$
cri,2009,417.8534678714423,million 2017 PPP$
cri,2010,417.14067369964306,million 2017 PPP$
cri,2011,416.66242371541824,million 2017 PPP$
cri,2012,417.19123033343527,million 2017 PPP$
cri,2013,418.77486307843583,million 2017 PPP$
cri,2014,420.84985309694275,million 2017 PPP$
cri,2015,423.34283884265284,million 2017 PPP$
cri,2016,426.464351232271,million 2017 PPP$
cri,2017,430.70746876129743,million 2017 PPP$
cri,2018,435.1536363099651,million 2017 PPP$
cri,2019,439.28848828123495,million 2017 PPP$
cri,2020,443.15840119230165,million 2017 PPP$
cri,2021,445.87178160263295,million 2017 PPP$
cri,2022,446.57055279729514,million 2017 PPP$
cyp,2004,75.6143685952199,million 2017 PPP$
cyp,2005,76.23609959885344,million 2017 PPP$
cyp,2006,78.84726592020849,million 2017 PPP$
cyp,2007,83.213388797847,million 2017 PPP$
cyp,2008,87.93281678866323,million 2017 PPP$
cyp,2009,91.39643596324767,million 2017 PPP$
cyp,2010,93.32777184285594,million 2017 PPP$
cyp,2011,94.11351501643097,million 2017 PPP$
cyp,2012,93.68489385860921,million 2017 PPP$
cyp,2013,91.70857874148994,million 2017 PPP$
cyp,2014,88.21992996928046,million 2017 PPP$
cyp,2015,83.7007850772849,million 2017 PPP$
cyp,2016,78.69837489545762,million 2017 PPP$
cyp,2017,73.46047051077467,million 2017 PPP$
cyp,2018,68.46532614521993,million 2017 PPP$
cyp,2019,64.50867672422807,million 2017 PPP$
cyp,2020,62.21773585786685,million 2017 PPP$
cyp,2021,61.54886221977903,million 2017 PPP$
cyp,2022,62.472135078352956,million 2017 PPP$
cze,2004,523.4749116356544,million 2017 PPP$
cze,2005,550.0937483022515,million 2017 PPP$
cze,2006,581.9594473302094,million 2017 PPP$
cze,2007,614.4607222720933,million 2017 PPP$
cze,2008,644.0830969861971,million 2017 PPP$
cze,2009,668.6926968246544,million 2017 PPP$
cze,2010,688.172741382365,million 2017 PPP$
cze,2011,701.5572924015345,million 2017 PPP$
cze,2012,714.2098539121744,million 2017 PPP$
cze,2013,729.6013805845738,million 2017 PPP$
cze,2014,737.4725050513459,million 2017 PPP$
cze,2015,734.3442145673082,million 2017 PPP$
cze,2016,730.2487728293322,million 2017 PPP$
cze,2017,728.0842000576788,million 2017 PPP$
cze,2018,729.9939144339196,million 2017 PPP$
cze,2019,742.5474027346611,million 2017 PPP$
cze,2020,769.3714725297184,million 2017 PPP$
cze,2021,810.6909458018804,million 2017 PPP$
cze,2022,860.0489965446864,million 2017 PPP$
deu,2004,11701.909128436813,million 2017 PPP$
deu,2005,11941.206464863533,million 2017 PPP$
deu,2006,12150.107732317103,million 2017 PPP$
deu,2007,12329.102551405636,million 2017 PPP$
deu,2008,12478.708958798174,million 2017 PPP$
deu,2009,12600.694258580317,million 2017 PPP$
deu,2010,12701.45074820085,million 2017 PPP$
deu,2011,12792.81539889901,million 2017 PPP$
deu,2012,12889.464290559567,million 2017 PPP$
deu,2013,13007.510752339633,million 2017 PPP$
deu,2014,13159.651765736793,million 2017 PPP$
deu,2015,13347.155163112926,million 2017 PPP$
deu,2016,13564.40014004544,million 2017 PPP$
deu,2017,13800.50732583388,million 2017 PPP$
deu,2018,14059.943495352041,million 2017 PPP$
deu,2019,14338.292134426369,million 2017 PPP$
deu,2020,14638.244437088308,million 2017 PPP$
deu,2021,14954.850945853601,million 2017 PPP$
deu,2022,15297.146440481947,million 2017 PPP$
dnk,2004,2049.047921343774,million 2017 PPP$
dnk,2005,2120.0036383198994,million 2017 PPP$
dnk,2006,2186.6888966982656,million 2017 PPP$
dnk,2007,2247.258921837405,million 2017 PPP$
dnk,2008,2300.374677980434,million 2017 PPP$
dnk,2009,2344.361747212744,million 2017 PPP$
dnk,2010,2380.140275974299,million 2017 PPP$
dnk,2011,2410.49039249985,million 2017 PPP$
dnk,2012,2438.3845905745443,million 2017 PPP$
dnk,2013,2465.9156427421062,million 2017 PPP$
dnk,2014,2492.918998326097,million 2017 PPP$
dnk,2015,2518.223474717102,million 2017 PPP$
dnk,2016,2540.5068676368264,million 2017 PPP$
dnk,2017,2558.3444707530325,million 2017 PPP$
dnk,2018,2570.707223872409,million 2017 PPP$
dnk,2019,2575.7829600858468,million 2017 PPP$
dnk,2020,2570.3679153811586,million 2017 PPP$
dnk,2021,2553.6661461809713,million 2017 PPP$
dnk,2022,2527.540965460393,million 2017 PPP$
dom,2004,168.2330196401551,million 2017 PPP$
dom,2005,174.00759315945442,million 2017 PPP$
dom,2006,179.95339292347074,million 2017 PPP$
dom,2007,186.06154115154985,million 2017 PPP$
dom,2008,192.25930728230935,million 2017 PPP$
dom,2009,198.6567953332835,million 2017 PPP$
dom,2010,205.4848699430912,million 2017 PPP$
dom,2011,212.79814386612068,million 2017 PPP$
dom,2012,220.49921868879477,million 2017 PPP$
dom,2013,228.302473525395,million 2017 PPP$
dom,2014,235.7828603313812,million 2017 PPP$
dom,2015,242.48329069114456,million 2017 PPP$
dom,2016,248.01201112992686,million 2017 PPP$
dom,2017,252.08264115421665,million 2017 PPP$
dom,2018,254.51269137528806,million 2017 PPP$
dom,2019,255.21798704741087,million 2017 PPP$
dom,2020,254.21664877651656,million 2017 PPP$
dom,2021,251.63774657809455,million 2017 PPP$
dom,2022,247.72924373300697,million 2017 PPP$
ecu,2004,48.79516110161036,million 2017 PPP$
ecu,2005,44.37857893702477,million 2017 PPP$
ecu,2006,41.754568645452466,million 2017 PPP$
ecu,2007,42.15143681870896,million 2017 PPP$
ecu,2008,46.137318802989206,million 2017 PPP$
ecu,2009,53.24266254721206,million 2017 PPP$
ecu,2010,64.3085392636157,million 2017 PPP$
ecu,2011,79.99728603158769,million 2017 PPP$
ecu,2012,98.71934340863466,million 2017 PPP$
ecu,2013,118.3661706775741,million 2017 PPP$
ecu,2014,136.97992265420487,million 2017 PPP$
ecu,2015,153.1516126017672,million 2017 PPP$
ecu,2016,167.53325635620257,million 2017 PPP$
ecu,2017,181.06348925301415,million 2017 PPP$
ecu,2018,192.14457317902412,million 2017 PPP$
ecu,2019,199.0571920673328,million 2017 PPP$
ecu,2020,201.00976790904278,million 2017 PPP$
ecu,2021,198.33770980585481,million 2017 PPP$
ecu,2022,192.25358264630097,million 2017 PPP$
egy,2004,2203.630796112225,million 2017 PPP$
egy,2005,2306.1559673617103,million 2017 PPP$
egy,2006,2402.7811859903286,million 2017 PPP$
egy,2007,2483.892983839128,million 2017 PPP$
egy,2008,2545.3283136637087,million 2017 PPP$
egy,2009,2587.6595161795994,million 2017 PPP$
egy,2010,2612.013718231375,million 2017 PPP$
egy,2011,2626.127168249999,million 2017 PPP$
egy,2012,2637.7890846785517,million 2017 PPP$
egy,2013,2659.7467836899677,million 2017 PPP$
egy,2014,2702.7422892966842,million 2017 PPP$
egy,2015,2767.297108251761,million 2017 PPP$
egy,2016,2846.075946117272,million 2017 PPP$
egy,2017,2932.132344806143,million 2017 PPP$
egy,2018,3024.3415862320376,million 2017 PPP$
egy,2019,3111.825816169632,million 2017 PPP$
egy,2020,3177.985342625103,million 2017 PPP$
egy,2021,3230.487240617405,million 2017 PPP$
egy,2022,3287.4860487803035,million 2017 PPP$
esp,2004,5100.757580695308,million 2017 PPP$
esp,2005,5249.500013683684,million 2017 PPP$
esp,2006,5399.751588836482,million 2017 PPP$
esp,2007,5552.189969909582,million 2017 PPP$
esp,2008,5709.406114647499,million 2017 PPP$
esp,2009,5874.303706923103,million 2017 PPP$
esp,2010,6048.684835251735,million 2017 PPP$
esp,2011,6241.468708773048,million 2017 PPP$
esp,2012,6459.9586395481365,million 2017 PPP$
esp,2013,6704.909079407741,million 2017 PPP$
esp,2014,6969.429400241217,million 2017 PPP$
esp,2015,7236.726670480515,million 2017 PPP$
esp,2016,7487.370090565777,million 2017 PPP$
esp,2017,7703.454009462128,million 2017 PPP$
esp,2018,7875.068059316553,million 2017 PPP$
esp,2019,7995.525970177167,million 2017 PPP$
esp,2020,8068.185514430648,million 2017 PPP$
esp,2021,8100.839975175609,million 2017 PPP$
esp,2022,8100.843032541033,million 2017 PPP$
est,2004,80.71678398725109,million 2017 PPP$
est,2005,83.33169863681346,million 2017 PPP$
est,2006,86.63594730359542,million 2017 PPP$
est,2007,89.5370150418588,million 2017 PPP$
est,2008,91.86993975082929,million 2017 PPP$
est,2009,93.36909102704223,million 2017 PPP$
est,2010,94.09490792557075,million 2017 PPP$
est,2011,95.73863415723704,million 2017 PPP$
est,2012,101.31306346540765,million 2017 PPP$
est,2013,108.92005910956712,million 2017 PPP$
est,2014,116.44654674981726,million 2017 PPP$
est,2015,119.96504187402385,million 2017 PPP$
est,2016,117.29667074177173,million 2017 PPP$
est,2017,109.45833730261238,million 2017 PPP$
est,2018,100.51636788681922,million 2017 PPP$
est,2019,94.30041142576245,million 2017 PPP$
est,2020,92.1584646558918,million 2017 PPP$
est,2021,93.79944468393262,million 2017 PPP$
est,2022,98.45964037802702,million 2017 PPP$
eth,2004,508.2319129816852,million 2017 PPP$
eth,2005,575.6604169887397,million 2017 PPP$
eth,2006,637.9067052139161,million 2017 PPP$
eth,2007,688.1509536485091,million 2017 PPP$
eth,2008,724.5099865606533,million 2017 PPP$
eth,2009,746.1056952812842,million 2017 PPP$
eth,2010,755.5691253370808,million 2017 PPP$
eth,2011,761.5684567416544,million 2017 PPP$
eth,2012,770.390158017618,million 2017 PPP$
eth,2013,784.6059275033199,million 2017 PPP$
eth,2014,806.1277309507747,million 2017 PPP$
eth,2015,837.9103296280572,million 2017 PPP$
eth,2016,879.5076868822802,million 2017 PPP$
eth,2017,931.5672071681641,million 2017 PPP$
eth,2018,996.2891043075477,million 2017 PPP$
eth,2019,1070.0533310053145,million 2017 PPP$
eth,2020,1147.2697838183315,million 2017 PPP$
eth,2021,1224.35624020275,million 2017 PPP$
eth,2022,1299.1054694459722,million 2017 PPP$
fin,2004,1597.6465653677171,million 2017 PPP$
fin,2005,1617.8711040289436,million 2017 PPP$
fin,2006,1635.8592178803694,million 2017 PPP$
fin,2007,1654.785535319415,million 2017 PPP$
fin,2008,1676.0157154000551,million 2017 PPP$
fin,2009,1701.6159961902758,million 2017 PPP$
fin,2010,1731.7447993542705,million 2017 PPP$
fin,2011,1766.8657599492326,million 2017 PPP$
fin,2012,1807.404980044398,million 2017 PPP$
fin,2013,1853.8446179502557,million 2017 PPP$
fin,2014,1906.1741476473176,million 2017 PPP$
fin,2015,1963.0051628154872,million 2017 PPP$
fin,2016,2021.1300020499234,million 2017 PPP$
fin,2017,2076.131398239283,million 2017 PPP$
fin,2018,2123.117398075045,million 2017 PPP$
fin,2019,2157.080357710389,million 2017 PPP$
fin,2020,2175.621757709151,million 2017 PPP$
fin,2021,2178.182574084851,million 2017 PPP$
fin,2022,2166.5777890079758,million 2017 PPP$
fra,2004,12145.615481046296,million 2017 PPP$
fra,2005,12413.941222540794,million 2017 PPP$
fra,2006,12667.83564039638,million 2017 PPP$
fra,2007,12900.878556484156,million 2017 PPP$
fra,2008,13121.427934441326,million 2017 PPP$
fra,2009,13336.25450519359,million 2017 PPP$
fra,2010,13552.38163099525,million 2017 PPP$
fra,2011,13775.903185884461,million 2017 PPP$
fra,2012,14015.540478166022,million 2017 PPP$
fra,2013,14275.477074125929,million 2017 PPP$
fra,2014,14560.921237038527,million 2017 PPP$
fra,2015,14867.099490094917,million 2017 PPP$
fra,2016,15190.810700405927,million 2017 PPP$
fra,2017,15524.292024138853,million 2017 PPP$
fra,2018,15855.342925391087,million 2017 PPP$
fra,2019,16174.561389298782,million 2017 PPP$
fra,2020,16471.98112645141,million 2017 PPP$
fra,2021,16741.562024165185,million 2017 PPP$
fra,2022,16976.735814725704,million 2017 PPP$
gbr,2004,8996.235447513476,million 2017 PPP$
gbr,2005,9041.32877360696,million 2017 PPP$
gbr,2006,9065.84519058874,million 2017 PPP$
gbr,2007,9070.179772580666,million 2017 PPP$
gbr,2008,9058.128069054099,million 2017 PPP$
gbr,2009,9035.563659153988,million 2017 PPP$
gbr,2010,9004.930672458573,million 2017 PPP$
gbr,2011,8967.601111153817,million 2017 PPP$
gbr,2012,8924.12270397539,million 2017 PPP$
gbr,2013,8874.09039879892,million 2017 PPP$
gbr,2014,8810.960314259339,million 2017 PPP$
gbr,2015,8731.686884554818,million 2017 PPP$
gbr,2016,8635.992390770014,million 2017 PPP$
gbr,2017,8522.334298959095,million 2017 PPP$
gbr,2018,8389.562055407338,million 2017 PPP$
gbr,2019,8240.512564421213,million 2017 PPP$
gbr,2020,8071.347377942667,million 2017 PPP$
gbr,2021,7888.3502568850545,million 2017 PPP$
gbr,2022,7701.432508704104,million 2017 PPP$
geo,2004,0,million 2017 PPP$
geo,2005,0,million 2017 PPP$
geo,2006,0,million 2017 PPP$
geo,2007,0,million 2017 PPP$
geo,2008,0,million 2017 PPP$
geo,2009,0,million 2017 PPP$
geo,2010,0,million 2017 PPP$
geo,2011,0,million 2017 PPP$
geo,2012,0,million 2017 PPP$
geo,2013,0,million 2017 PPP$
geo,2014,0,million 2017 PPP$
geo,2015,0,million 2017 PPP$
geo,2016,0,million 2017 PPP$
geo,2017,0,million 2017 PPP$
geo,2018,0,million 2017 PPP$
geo,2019,0,million 2017 PPP$
geo,2020,0,million 2017 PPP$
geo,2021,0,million 2017 PPP$
geo,2022,0,million 2017 PPP$
gha,2004,694.2370330773914,million 2017 PPP$
gha,2005,724.3745118144282,million 2017 PPP$
gha,2006,760.4994087228207,million 2017 PPP$
gha,2007,795.1854928885863,million 2017 PPP$
gha,2008,819.5536597299977,million 2017 PPP$
gha,2009,835.7775332541936,million 2017 PPP$
gha,2010,854.2566298457343,million 2017 PPP$
gha,2011,881.25257104028606,million 2017 PPP$
gha,2012,916.1695032035016,million 2017 PPP$
gha,2013,956.6701500693919,million 2017 PPP$
gha,2014,1000.4173685021904,million 2017 PPP$
gha,2015,1042.8669217198694,million 2017 PPP$
gha,2016,1078.8575988805583,million 2017 PPP$
gha,2017,1105.0403205747193,million 2017 PPP$
gha,2018,1121.2106663320808,million 2017 PPP$
gha,2019,1126.9740890099113,million 2017 PPP$
gha,2020,1123.8972424989813,million 2017 PPP$
gha,2021,1113.0318547002685,million 2017 PPP$
gha,2022,1094.6882313037636,million 2017 PPP$
gin,2004,100.56925136930607,million 2017 PPP$
gin,2005,96.22027716533306,million 2017 PPP$
gin,2006,90.13503748942206,million 2017 PPP$
gin,2007,83.1112722279493,million 2017 PPP$
gin,2008,75.84377216833923,million 2017 PPP$
gin,2009,68.55213405188188,million 2017 PPP$
gin,2010,61.55287839302011,million 2017 PPP$
gin,2011,55.21804828983906,million 2017 PPP$
gin,2012,50.25155503865907,million 2017 PPP$
gin,2013,47.78897221638014,million 2017 PPP$
gin,2014,48.21197451196125,million 2017 PPP$
gin,2015,50.77858102508401,million 2017 PPP$
gin,2016,54.06199725364774,million 2017 PPP$
gin,2017,56.601775320679764,million 2017 PPP$
gin,2018,57.60933040447741,million 2017 PPP$
gin,2019,57.265622738148714,million 2017 PPP$
gin,2020,56.1624408834161,million 2017 PPP$
gin,2021,54.802894334003234,million 2017 PPP$
gin,2022,53.669819772861,million 2017 PPP$
grc,2004,1343.6559100122702,million 2017 PPP$
grc,2005,1311.116164289041,million 2017 PPP$
grc,2006,1281.115968219631,million 2017 PPP$
grc,2007,1251.0606653368898,million 2017 PPP$
grc,2008,1224.5287170300016,million 2017 PPP$
grc,2009,1202.4716313670585,million 2017 PPP$
grc,2010,1185.055847114206,million 2017 PPP$
grc,2011,1173.8960231727258,million 2017 PPP$
grc,2012,1168.8046832147606,million 2017 PPP$
grc,2013,1166.4572358279117,million 2017 PPP$
grc,2014,1163.2006085920618,million 2017 PPP$
grc,2015,1156.692700877222,million 2017 PPP$
grc,2016,1147.0228425164316,million 2017 PPP$
grc,2017,1135.1337572027783,million 2017 PPP$
grc,2018,1123.7485372495062,million 2017 PPP$
grc,2019,1112.9801622421708,million 2017 PPP$
grc,2020,1104.432855669433,million 2017 PPP$
grc,2021,1097.713636123025,million 2017 PPP$
grc,2022,1095.2964169065083,million 2017 PPP$
gtm,2004,287.81889147330503,million 2017 PPP$
gtm,2005,276.9521377412696,million 2017 PPP$
gtm,2006,265.88287943061266,million 2017 PPP$
gtm,2007,254.86356841509925,million 2017 PPP$
gtm,2008,244.12190101456443,million 2017 PPP$
gtm,2009,233.78757381654606,million 2017 PPP$
gtm,2010,223.8020945448028,million 2017 PPP$
gtm,2011,214.93782961489381,million 2017 PPP$
gtm,2012,206.52113774756407,million 2017 PPP$
gtm,2013,199.10410590725866,million 2017 PPP$
gtm,2014,193.11654912452985,million 2017 PPP$
gtm,2015,188.6766413550354,million 2017 PPP$
gtm,2016,185.96739034759563,million 2017 PPP$
gtm,2017,184.3617543186852,million 2017 PPP$
gtm,2018,183.25845853223552,million 2017 PPP$
gtm,2019,183.2786689797439,million 2017 PPP$
gtm,2020,184.49045987911808,million 2017 PPP$
gtm,2021,186.95279691622432,million 2017 PPP$
gtm,2022,190.2276072524763,million 2017 PPP$
hkg,2004,28.18292432639928,million 2017 PPP$
hkg,2005,27.682349297674083,million 2017 PPP$
hkg,2006,27.24733908423149,million 2017 PPP$
hkg,2007,26.889919980072357,million 2017 PPP$
hkg,2008,26.61295049310715,million 2017 PPP$
hkg,2009,26.400602026031578,million 2017 PPP$
hkg,2010,26.250648561574007,million 2017 PPP$
hkg,2011,26.15002102144682,million 2017 PPP$
hkg,2012,26.073251582290524,million 2017 PPP$
hkg,2013,26.016803525018137,million 2017 PPP$
hkg,2014,25.996969623634357,million 2017 PPP$
hkg,2015,26.05744361938964,million 2017 PPP$
hkg,2016,26.222430936961654,million 2017 PPP$
hkg,2017,26.492614013722086,million 2017 PPP$
hkg,2018,26.83388453304403,million 2017 PPP$
hkg,2019,27.190428443022235,million 2017 PPP$
hkg,2020,27.537172795447354,million 2017 PPP$
hkg,2021,27.91546963299119,million 2017 PPP$
hkg,2022,28.32083712173457,million 2017 PPP$
hnd,2004,94.98178658283601,million 2017 PPP$
hnd,2005,97.38615831421644,million 2017 PPP$
hnd,2006,100.49406434944449,million 2017 PPP$
hnd,2007,104.12028090101334,million 2017 PPP$
hnd,2008,108.17231749678533,million 2017 PPP$
hnd,2009,112.40558521730671,million 2017 PPP$
hnd,2010,116.6099745011339,million 2017 PPP$
hnd,2011,120.4983806560904,million 2017 PPP$
hnd,2012,123.99163427085944,million 2017 PPP$
hnd,2013,127.05850347632557,million 2017 PPP$
hnd,2014,129.80515382726514,million 2017 PPP$
hnd,2015,132.39563903763127,million 2017 PPP$
hnd,2016,134.89715651148845,million 2017 PPP$
hnd,2017,137.44672306303755,million 2017 PPP$
hnd,2018,140.246672433492,million 2017 PPP$
hnd,2019,143.42920216017782,million 2017 PPP$
hnd,2020,146.92304413906305,million 2017 PPP$
hnd,2021,150.5673423959306,million 2017 PPP$
hnd,2022,154.17326589536987,million 2017 PPP$
hrv,2004,151.2668024026831,million 2017 PPP$
hrv,2005,230.10571407443717,million 2017 PPP$
hrv,2006,288.3247369246928,million 2017 PPP$
hrv,2007,327.3522500032317,million 2017 PPP$
hrv,2008,352.3444361105644,million 2017 PPP$
hrv,2009,366.8764003222697,million 2017 PPP$
hrv,2010,373.5451493782114,million 2017 PPP$
hrv,2011,373.55565820911573,million 2017 PPP$
hrv,2012,368.45800948446566,million 2017 PPP$
hrv,2013,359.2947599748253,million 2017 PPP$
hrv,2014,348.3433135309815,million 2017 PPP$
hrv,2015,337.43302697362054,million 2017 PPP$
hrv,2016,331.9574692549296,million 2017 PPP$
hrv,2017,343.04870698763256,million 2017 PPP$
hrv,2018,355.386303760984,million 2017 PPP$
hrv,2019,360.70175830255477,million 2017 PPP$
hrv,2020,360.28917096607734,million 2017 PPP$
hrv,2021,354.8242392697656,million 2017 PPP$
hrv,2022,347.5201939049782,million 2017 PPP$
hun,2004,853.3431114616658,million 2017 PPP$
hun,2005,929.307696416636,million 2017 PPP$
hun,2006,985.5118718033714,million 2017 PPP$
hun,2007,1021.7475473180118,million 2017 PPP$
hun,2008,1036.6149963404655,million 2017 PPP$
hun,2009,1030.492634267689,million 2017 PPP$
hun,2010,1007.4375590115554,million 2017 PPP$
hun,2011,969.2422695383747,million 2017 PPP$
hun,2012,919.8189550531235,million 2017 PPP$
hun,2013,866.6369120840718,million 2017 PPP$
hun,2014,816.1140340241905,million 2017 PPP$
hun,2015,774.5638242000216,million 2017 PPP$
hun,2016,741.5713898560731,million 2017 PPP$
hun,2017,711.6655618145816,million 2017 PPP$
hun,2018,686.4620745900455,million 2017 PPP$
hun,2019,668.8545930511692,million 2017 PPP$
hun,2020,653.6110749413467,million 2017 PPP$
hun,2021,637.149355112756,million 2017 PPP$
hun,2022,618.597400279419,million 2017 PPP$
idn,2004,4186.699671288956,million 2017 PPP$
idn,2005,4557.4998830179165,million 2017 PPP$
idn,2006,4960.104693713316,million 2017 PPP$
idn,2007,5343.930677257712,million 2017 PPP$
idn,2008,5677.838568840434,million 2017 PPP$
idn,2009,5946.0479561016755,million 2017 PPP$
idn,2010,6131.539016800771,million 2017 PPP$
idn,2011,6239.738418421654,million 2017 PPP$
idn,2012,6274.422933100133,million 2017 PPP$
idn,2013,6248.398851978061,million 2017 PPP$
idn,2014,6172.297751892055,million 2017 PPP$
idn,2015,6037.872442417447,million 2017 PPP$
idn,2016,5847.314946677719,million 2017 PPP$
idn,2017,5650.284162257344,million 2017 PPP$
idn,2018,5463.504896831579,million 2017 PPP$
idn,2019,5282.155163310487,million 2017 PPP$
idn,2020,5114.706645404233,million 2017 PPP$
idn,2021,4974.3686347630055,million 2017 PPP$
idn,2022,4862.077918708713,million 2017 PPP$
ind,2004,10218.905430705989,million 2017 PPP$
ind,2005,10831.070623277174,million 2017 PPP$
ind,2006,11413.458348534961,million 2017 PPP$
ind,2007,11970.164266052703,million 2017 PPP$
ind,2008,12491.771316158325,million 2017 PPP$
ind,2009,12985.708036364305,million 2017 PPP$
ind,2010,13496.11197801673,million 2017 PPP$
ind,2011,14088.164632730508,million 2017 PPP$
ind,2012,14819.319457384132,million 2017 PPP$
ind,2013,15709.652046505227,million 2017 PPP$
ind,2014,16716.075648392318,million 2017 PPP$
ind,2015,17791.90370713821,million 2017 PPP$
ind,2016,18948.10768760557,million 2017 PPP$
ind,2017,20211.90052251899,million 2017 PPP$
ind,2018,21569.747579555125,million 2017 PPP$
ind,2019,22965.192026657915,million 2017 PPP$
ind,2020,24340.608609855437,million 2017 PPP$
ind,2021,25661.941612951978,million 2017 PPP$
ind,2022,26900.56807092029,million 2017 PPP$
irl,2004,788.1849889360334,million 2017 PPP$
irl,2005,824.9651037391377,million 2017 PPP$
irl,2006,870.3667750059042,million 2017 PPP$
irl,2007,920.9531749250425,million 2017 PPP$
irl,2008,974.7011452313862,million 2017 PPP$
irl,2009,1030.5819278854099,million 2017 PPP$
irl,2010,1087.146904579291,million 2017 PPP$
irl,2011,1144.481209368947,million 2017 PPP$
irl,2012,1201.6474526732643,million 2017 PPP$
irl,2013,1256.668820010384,million 2017 PPP$
irl,2014,1307.9060610317445,million 2017 PPP$
irl,2015,1354.4404648844607,million 2017 PPP$
irl,2016,1394.8831039514557,million 2017 PPP$
irl,2017,1429.5273559277518,million 2017 PPP$
irl,2018,1458.4641531785483,million 2017 PPP$
irl,2019,1481.904595648967,million 2017 PPP$
irl,2020,1500.7662969315652,million 2017 PPP$
irl,2021,1516.0723442738024,million 2017 PPP$
irl,2022,1529.0540604288658,million 2017 PPP$
irn,2004,4423.162501720624,million 2017 PPP$
irn,2005,4394.760175919489,million 2017 PPP$
irn,2006,4293.582622346873,million 2017 PPP$
irn,2007,4126.847639904178,million 2017 PPP$
irn,2008,3922.67289187137,million 2017 PPP$
irn,2009,3686.198261967371,million 2017 PPP$
irn,2010,3438.688515826775,million 2017 PPP$
irn,2011,3212.6359643898286,million 2017 PPP$
irn,2012,2988.299521841239,million 2017 PPP$
irn,2013,2783.79714478162,million 2017 PPP$
irn,2014,2615.866804054564,million 2017 PPP$
irn,2015,2501.2300746301,million 2017 PPP$
irn,2016,2440.4192481293776,million 2017 PPP$
irn,2017,2433.665607183354,million 2017 PPP$
irn,2018,2471.356807483353,million 2017 PPP$
irn,2019,2546.7150219690866,million 2017 PPP$
irn,2020,2659.315078053507,million 2017 PPP$
irn,2021,2797.956173183968,million 2017 PPP$
irn,2022,2948.2589932463443,million 2017 PPP$
isr,2004,780.5745458888441,million 2017 PPP$
isr,2005,777.5012578764895,million 2017 PPP$
isr,2006,774.5237216216415,million 2017 PPP$
isr,2007,771.2793079653078,million 2017 PPP$
isr,2008,767.4807482575666,million 2017 PPP$
isr,2009,763.5489493401793,million 2017 PPP$
isr,2010,759.586019098243,million 2017 PPP$
isr,2011,755.7425987393341,million 2017 PPP$
isr,2012,753.8587629748425,million 2017 PPP$
isr,2013,753.2466857097171,million 2017 PPP$
isr,2014,753.724977772976,million 2017 PPP$
isr,2015,757.1082786441891,million 2017 PPP$
isr,2016,769.9015933758985,million 2017 PPP$
isr,2017,798.0007648022339,million 2017 PPP$
isr,2018,842.2495639812927,million 2017 PPP$
isr,2019,896.5322712280963,million 2017 PPP$
isr,2020,954.8523277218985,million 2017 PPP$
isr,2021,1012.3575248799239,million 2017 PPP$
isr,2022,1062.9677760067527,million 2017 PPP$
ita,2004,7472.662538223748,million 2017 PPP$
ita,2005,7416.4567685155635,million 2017 PPP$
ita,2006,7370.635698615142,million 2017 PPP$
ita,2007,7333.483128754191,million 2017 PPP$
ita,2008,7310.269029573461,million 2017 PPP$
ita,2009,7297.662259233861,million 2017 PPP$
ita,2010,7300.489592821717,million 2017 PPP$
ita,2011,7312.982366091798,million 2017 PPP$
ita,2012,7338.455089172612,million 2017 PPP$
ita,2013,7382.88018018868,million 2017 PPP$
ita,2014,7448.98613718148,million 2017 PPP$
ita,2015,7536.703749222907,million 2017 PPP$
ita,2016,7653.090760443436,million 2017 PPP$
ita,2017,7780.302111041245,million 2017 PPP$
ita,2018,7909.4310671136345,million 2017 PPP$
ita,2019,8033.173449511357,million 2017 PPP$
ita,2020,8149.955686136051,million 2017 PPP$
ita,2021,8263.551771026176,million 2017 PPP$
ita,2022,8379.643664551031,million 2017 PPP$
jam,2004,87.90878685472559,million 2017 PPP$
jam,2005,90.19765229322792,million 2017 PPP$
jam,2006,92.6313195683748,million 2017 PPP$
jam,2007,95.2928336329115,million 2017 PPP$
jam,2008,98.03081870632163,million 2017 PPP$
jam,2009,100.8473446207247,million 2017 PPP$
jam,2010,103.74259250701971,million 2017 PPP$
jam,2011,106.70971451600765,million 2017 PPP$
jam,2012,109.73357970637713,million 2017 PPP$
jam,2013,112.79812098874542,million 2017 PPP$
jam,2014,115.88898641972486,million 2017 PPP$
jam,2015,118.98564370470113,million 2017 PPP$
jam,2016,122.05557027191372,million 2017 PPP$
jam,2017,125.0590885612184,million 2017 PPP$
jam,2018,127.96174864580756,million 2017 PPP$
jam,2019,130.7468006461316,million 2017 PPP$
jam,2020,133.42088254491375,million 2017 PPP$
jam,2021,136.01044239081227,million 2017 PPP$
jam,2022,138.55394074351196,million 2017 PPP$
jor,2004,174.37525042391516,million 2017 PPP$
jor,2005,186.99726126844817,million 2017 PPP$
jor,2006,202.35121931165872,million 2017 PPP$
jor,2007,219.55451109843577,million 2017 PPP$
jor,2008,236.59162654030442,million 2017 PPP$
jor,2009,252.08254327141756,million 2017 PPP$
jor,2010,265.5578119791699,million 2017 PPP$
jor,2011,276.64342210054525,million 2017 PPP$
jor,2012,284.7890784667637,million 2017 PPP$
jor,2013,290.29251678089236,million 2017 PPP$
jor,2014,294.4568209300026,million 2017 PPP$
jor,2015,298.31717139080445,million 2017 PPP$
jor,2016,301.7728923868299,million 2017 PPP$
jor,2017,304.5261457187745,million 2017 PPP$
jor,2018,306.10686489796996,million 2017 PPP$
jor,2019,306.65054977932124,million 2017 PPP$
jor,2020,306.33538010367823,million 2017 PPP$
jor,2021,306.14303548713673,million 2017 PPP$
jor,2022,306.5149629734335,million 2017 PPP$
jpn,2004,21288.89582493727,million 2017 PPP$
jpn,2005,21533.1904380457,million 2017 PPP$
jpn,2006,21759.25296724024,million 2017 PPP$
jpn,2007,21973.62907801327,million 2017 PPP$
jpn,2008,22179.427181104118,million 2017 PPP$
jpn,2009,22357.402699049275,million 2017 PPP$
jpn,2010,22497.146576335108,million 2017 PPP$
jpn,2011,22568.326325683003,million 2017 PPP$
jpn,2012,22566.755372270156,million 2017 PPP$
jpn,2013,22488.088321484876,million 2017 PPP$
jpn,2014,22344.877046968482,million 2017 PPP$
jpn,2015,22180.95080463266,million 2017 PPP$
jpn,2016,22001.438396671972,million 2017 PPP$
jpn,2017,21778.317841416938,million 2017 PPP$
jpn,2018,21508.593170998676,million 2017 PPP$
jpn,2019,21225.80553454515,million 2017 PPP$
jpn,2020,20967.14091712381,million 2017 PPP$
jpn,2021,20736.531343913062,million 2017 PPP$
jpn,2022,20505.936405260476,million 2017 PPP$
kaz,2004,42.921549782622904,million 2017 PPP$
kaz,2005,43.44618517884752,million 2017 PPP$
kaz,2006,46.23885346149182,million 2017 PPP$
kaz,2007,51.15919462747947,million 2017 PPP$
kaz,2008,58.05142106565255,million 2017 PPP$
kaz,2009,66.84088680259806,million 2017 PPP$
kaz,2010,77.53232995721964,million 2017 PPP$
kaz,2011,90.3152268330208,million 2017 PPP$
kaz,2012,105.4147125033803,million 2017 PPP$
kaz,2013,123.14998177638554,million 2017 PPP$
kaz,2014,143.65672031385728,million 2017 PPP$
kaz,2015,165.81267835604382,million 2017 PPP$
kaz,2016,187.14812930813366,million 2017 PPP$
kaz,2017,203.76718176970306,million 2017 PPP$
kaz,2018,211.3816064903979,million 2017 PPP$
kaz,2019,210.6715597037471,million 2017 PPP$
kaz,2020,205.91321721914335,million 2017 PPP$
kaz,2021,201.38934974362428,million 2017 PPP$
kaz,2022,198.96880025903664,million 2017 PPP$
ken,2004,2857.7404837243676,million 2017 PPP$
ken,2005,2774.0594199978086,million 2017 PPP$
ken,2006,2686.6951331186815,million 2017 PPP$
ken,2007,2611.776695352384,million 2017 PPP$
ken,2008,2561.28006943319,million 2017 PPP$
ken,2009,2530.1954807798725,million 2017 PPP$
ken,2010,2501.9004180988036,million 2017 PPP$
ken,2011,2476.401482047693,million 2017 PPP$
ken,2012,2447.616299659202,million 2017 PPP$
ken,2013,2423.6125858380738,million 2017 PPP$
ken,2014,2405.9026841016134,million 2017 PPP$
ken,2015,2396.290441304042,million 2017 PPP$
ken,2016,2393.8539569779487,million 2017 PPP$
ken,2017,2387.735926077957,million 2017 PPP$
ken,2018,2375.934192109382,million 2017 PPP$
ken,2019,2357.426518102674,million 2017 PPP$
ken,2020,2337.0748027363848,million 2017 PPP$
ken,2021,2318.8957362450474,million 2017 PPP$
ken,2022,2306.7878326385817,million 2017 PPP$
kgz,2004,0.6075212460769176,million 2017 PPP$
kgz,2005,0.7009377090298361,million 2017 PPP$
kgz,2006,0.8764887573070917,million 2017 PPP$
kgz,2007,1.1580095897123837,million 2017 PPP$
kgz,2008,1.5773852035876816,million 2017 PPP$
kgz,2009,2.1690591621413806,million 2017 PPP$
kgz,2010,2.908481925687701,million 2017 PPP$
kgz,2011,3.6677892879794127,million 2017 PPP$
kgz,2012,4.36217274046134,million 2017 PPP$
kgz,2013,4.960779146783723,million 2017 PPP$
kgz,2014,5.449662935068313,million 2017 PPP$
kgz,2015,5.770831315313001,million 2017 PPP$
kgz,2016,5.904866736743106,million 2017 PPP$
kgz,2017,5.895396881478177,million 2017 PPP$
kgz,2018,5.855980433730445,million 2017 PPP$
kgz,2019,5.874478066137392,million 2017 PPP$
kgz,2020,5.9180422184361845,million 2017 PPP$
kgz,2021,5.892941876730848,million 2017 PPP$
kgz,2022,5.7842290570521495,million 2017 PPP$
khm,2004,35.46778017151612,million 2017 PPP$
khm,2005,51.56571460957462,million 2017 PPP$
khm,2006,67.96377886967244,million 2017 PPP$
khm,2007,82.98974165428005,million 2017 PPP$
khm,2008,95.522786528607,million 2017 PPP$
khm,2009,105.2223933131775,million 2017 PPP$
khm,2010,112.70251767503589,million 2017 PPP$
khm,2011,119.43557302346242,million 2017 PPP$
khm,2012,126.89093784851329,million 2017 PPP$
khm,2013,135.90123475435587,million 2017 PPP$
khm,2014,146.5581139307637,million 2017 PPP$
khm,2015,158.75439793963807,million 2017 PPP$
khm,2016,171.38764356542305,million 2017 PPP$
khm,2017,184.30256728595526,million 2017 PPP$
khm,2018,196.44511933520977,million 2017 PPP$
khm,2019,206.70818227648252,million 2017 PPP$
khm,2020,214.99913481604628,million 2017 PPP$
khm,2021,221.51769029196132,million 2017 PPP$
khm,2022,226.72564448820754,million 2017 PPP$
kor,2004,4045.1725818340733,million 2017 PPP$
kor,2005,4205.490118537623,million 2017 PPP$
kor,2006,4343.796919200893,million 2017 PPP$
kor,2007,4462.609013917504,million 2017 PPP$
kor,2008,4585.984513863795,million 2017 PPP$
kor,2009,4737.369851396716,million 2017 PPP$
kor,2010,4949.793016036416,million 2017 PPP$
kor,2011,5232.033940489821,million 2017 PPP$
kor,2012,5574.572929916179,million 2017 PPP$
kor,2013,5947.177836077357,million 2017 PPP$
kor,2014,6326.09950776005,million 2017 PPP$
kor,2015,6699.440652821456,million 2017 PPP$
kor,2016,7053.248210840741,million 2017 PPP$
kor,2017,7368.247906939178,million 2017 PPP$
kor,2018,7640.767625617672,million 2017 PPP$
kor,2019,7884.946600302143,million 2017 PPP$
kor,2020,8122.319253276951,million 2017 PPP$
kor,2021,8370.83418690053,million 2017 PPP$
kor,2022,8647.906450027489,million 2017 PPP$
kwt,2004,27.81493556697523,million 2017 PPP$
kwt,2005,28.17753824458198,million 2017 PPP$
kwt,2006,28.544867904262482,million 2017 PPP$
kwt,2007,28.916986168174827,million 2017 PPP$
kwt,2008,29.29395546179947,million 2017 PPP$
kwt,2009,29.67583902441153,million 2017 PPP$
kwt,2010,30.062700919689643,million 2017 PPP$
kwt,2011,30.45460604646308,million 2017 PPP$
kwt,2012,30.85162014959901,million 2017 PPP$
kwt,2013,31.253809831031646,million 2017 PPP$
kwt,2014,31.66124256093521,million 2017 PPP$
kwt,2015,32.07398668904252,million 2017 PPP$
kwt,2016,32.667960831871525,million 2017 PPP$
kwt,2017,34.476333730927315,million 2017 PPP$
kwt,2018,38.273990941628526,million 2017 PPP$
kwt,2019,43.738465870448294,million 2017 PPP$
kwt,2020,49.85770677612297,million 2017 PPP$
kwt,2021,55.703527274871874,million 2017 PPP$
kwt,2022,60.71588226593148,million 2017 PPP$
lao,2004,230.4727657006566,million 2017 PPP$
lao,2005,231.87418848462087,million 2017 PPP$
lao,2006,229.41692382953534,million 2017 PPP$
lao,2007,224.50359715327357,million 2017 PPP$
lao,2008,217.62413234864653,million 2017 PPP$
lao,2009,209.4647244845118,million 2017 PPP$
lao,2010,201.90707556964412,million 2017 PPP$
lao,2011,195.84303348265334,million 2017 PPP$
lao,2012,190.42934670067353,million 2017 PPP$
lao,2013,184.43565804300783,million 2017 PPP$
lao,2014,177.55413269597761,million 2017 PPP$
lao,2015,170.77623009030867,million 2017 PPP$
lao,2016,166.2231566265425,million 2017 PPP$
lao,2017,165.36637227303336,million 2017 PPP$
lao,2018,166.20216438335382,million 2017 PPP$
lao,2019,167.5775201681181,million 2017 PPP$
lao,2020,168.48252621093567,million 2017 PPP$
lao,2021,169.3589723734802,million 2017 PPP$
lao,2022,170.33702626883058,million 2017 PPP$
lka,2004,692.4814302300603,million 2017 PPP$
lka,2005,693.3312318191196,million 2017 PPP$
lka,2006,686.502779772925,million 2017 PPP$
lka,2007,677.896812856571,million 2017 PPP$
lka,2008,672.0901348482953,million 2017 PPP$
lka,2009,669.6800258627804,million 2017 PPP$
lka,2010,668.382723190165,million 2017 PPP$
lka,2011,665.1576287869808,million 2017 PPP$
lka,2012,658.5217829743588,million 2017 PPP$
lka,2013,649.902226744092,million 2017 PPP$
lka,2014,641.6720718882638,million 2017 PPP$
lka,2015,636.9102374139771,million 2017 PPP$
lka,2016,638.8450951329357,million 2017 PPP$
lka,2017,651.1440458650267,million 2017 PPP$
lka,2018,673.7011064398672,million 2017 PPP$
lka,2019,704.2563854577194,million 2017 PPP$
lka,2020,738.4570316446459,million 2017 PPP$
lka,2021,773.2019184744674,million 2017 PPP$
lka,2022,805.9842266888908,million 2017 PPP$
ltu,2004,100.6775283585599,million 2017 PPP$
ltu,2005,109.06607936283274,million 2017 PPP$
ltu,2006,120.18464806264895,million 2017 PPP$
ltu,2007,134.49862059973725,million 2017 PPP$
ltu,2008,151.7115794198058,million 2017 PPP$
ltu,2009,169.5230972847236,million 2017 PPP$
ltu,2010,183.20906251992298,million 2017 PPP$
ltu,2011,188.3926354239775,million 2017 PPP$
ltu,2012,185.7735872390914,million 2017 PPP$
ltu,2013,182.16966782086408,million 2017 PPP$
ltu,2014,181.3910178102628,million 2017 PPP$
ltu,2015,185.2386164087108,million 2017 PPP$
ltu,2016,193.13063074223493,million 2017 PPP$
ltu,2017,199.6496116806231,million 2017 PPP$
ltu,2018,201.10868465737974,million 2017 PPP$
ltu,2019,199.8460585853372,million 2017 PPP$
ltu,2020,200.8279853136385,million 2017 PPP$
ltu,2021,206.8564896000899,million 2017 PPP$
ltu,2022,217.8481326219389,million 2017 PPP$
lux,2004,2.184897691917536,million 2017 PPP$
lux,2005,2.480214777596654,million 2017 PPP$
lux,2006,2.820316718424137,million 2017 PPP$
lux,2007,3.2453751545508758,million 2017 PPP$
lux,2008,3.7959558229732586,million 2017 PPP$
lux,2009,4.487359440570709,million 2017 PPP$
lux,2010,5.31583145347983,million 2017 PPP$
lux,2011,6.303500872048117,million 2017 PPP$
lux,2012,7.522265826836686,million 2017 PPP$
lux,2013,9.031371487282437,million 2017 PPP$
lux,2014,10.82691520763944,million 2017 PPP$
lux,2015,12.819557864942372,million 2017 PPP$
lux,2016,14.86965664550285,million 2017 PPP$
lux,2017,16.79858631971935,million 2017 PPP$
lux,2018,18.406634860844395,million 2017 PPP$
lux,2019,19.51425620067041,million 2017 PPP$
lux,2020,20.003683577473897,million 2017 PPP$
lux,2021,19.84127575116114,million 2017 PPP$
lux,2022,19.077929364704033,million 2017 PPP$
lva,2004,60.62689559755551,million 2017 PPP$
lva,2005,61.82862066688504,million 2017 PPP$
lva,2006,66.47633096257954,million 2017 PPP$
lva,2007,77.12524451040667,million 2017 PPP$
lva,2008,94.13445300233144,million 2017 PPP$
lva,2009,113.13820009830319,million 2017 PPP$
lva,2010,126.16150486093217,million 2017 PPP$
lva,2011,132.60894778597617,million 2017 PPP$
lva,2012,136.58912396277861,million 2017 PPP$
lva,2013,142.17684789876228,million 2017 PPP$
lva,2014,149.70114487251695,million 2017 PPP$
lva,2015,157.49932175687988,million 2017 PPP$
lva,2016,165.38776310670988,million 2017 PPP$
lva,2017,174.8826451238582,million 2017 PPP$
lva,2018,184.67785252682054,million 2017 PPP$
lva,2019,193.40549086951881,million 2017 PPP$
lva,2020,200.07526640711833,million 2017 PPP$
lva,2021,206.1077773055182,million 2017 PPP$
lva,2022,211.8798839157318,million 2017 PPP$
mar,2004,386.82098851062443,million 2017 PPP$
mar,2005,406.96745543898595,million 2017 PPP$
mar,2006,436.13255509886534,million 2017 PPP$
mar,2007,473.8919590630764,million 2017 PPP$
mar,2008,519.5203433467211,million 2017 PPP$
mar,2009,573.0702882318341,million 2017 PPP$
mar,2010,634.0324691759753,million 2017 PPP$
mar,2011,699.5254020531927,million 2017 PPP$
mar,2012,764.0991871790228,million 2017 PPP$
mar,2013,823.2049977977808,million 2017 PPP$
mar,2014,874.1393690476274,million 2017 PPP$
mar,2015,912.442413323198,million 2017 PPP$
mar,2016,937.4235951670556,million 2017 PPP$
mar,2017,952.8399773751453,million 2017 PPP$
mar,2018,966.2385695100435,million 2017 PPP$
mar,2019,984.9103680717648,million 2017 PPP$
mar,2020,1010.5145970521688,million 2017 PPP$
mar,2021,1039.8799835276604,million 2017 PPP$
mar,2022,1070.4268982967476,million 2017 PPP$
mdg,2004,268.86337367140953,million 2017 PPP$
mdg,2005,266.0442999891384,million 2017 PPP$
mdg,2006,261.2029459979166,million 2017 PPP$
mdg,2007,254.30521202608944,million 2017 PPP$
mdg,2008,245.18666863116505,million 2017 PPP$
mdg,2009,234.0602199497932,million 2017 PPP$
mdg,2010,221.68113857201112,million 2017 PPP$
mdg,2011,209.8495085815844,million 2017 PPP$
mdg,2012,198.4074183541802,million 2017 PPP$
mdg,2013,187.61401071645312,million 2017 PPP$
mdg,2014,178.18399948115945,million 2017 PPP$
mdg,2015,169.1909019959813,million 2017 PPP$
mdg,2016,161.05191041335988,million 2017 PPP$
mdg,2017,153.73198819273557,million 2017 PPP$
mdg,2018,146.60440406529654,million 2017 PPP$
mdg,2019,139.9493874855833,million 2017 PPP$
mdg,2020,133.84457706540746,million 2017 PPP$
mdg,2021,128.42653234341867,million 2017 PPP$
mdg,2022,123.6992422930318,million 2017 PPP$
mex,2004,4716.021860478723,million 2017 PPP$
mex,2005,4825.195591918396,million 2017 PPP$
mex,2006,4932.341186579217,million 2017 PPP$
mex,2007,5046.728868969454,million 2017 PPP$
mex,2008,5178.951957778484,million 2017 PPP$
mex,2009,5324.026496397159,million 2017 PPP$
mex,2010,5482.477702185515,million 2017 PPP$
mex,2011,5654.629487271005,million 2017 PPP$
mex,2012,5841.269778992853,million 2017 PPP$
mex,2013,6043.179795100673,million 2017 PPP$
mex,2014,6259.856901166116,million 2017 PPP$
mex,2015,6488.36297961258,million 2017 PPP$
mex,2016,6723.0935351521675,million 2017 PPP$
mex,2017,6956.4792070811745,million 2017 PPP$
mex,2018,7178.222845831949,million 2017 PPP$
mex,2019,7386.532388257986,million 2017 PPP$
mex,2020,7564.5012844760995,million 2017 PPP$
mex,2021,7707.384823209647,million 2017 PPP$
mex,2022,7793.253696137918,million 2017 PPP$
mlt,2004,3.5570485383697785,million 2017 PPP$
mlt,2005,4.941833161018497,million 2017 PPP$
mlt,2006,5.703827687892507,million 2017 PPP$
mlt,2007,6.216465553255568,million 2017 PPP$
mlt,2008,6.545399185235639,million 2017 PPP$
mlt,2009,6.923274660830248,million 2017 PPP$
mlt,2010,7.555477801581253,million 2017 PPP$
mlt,2011,8.258611300675616,million 2017 PPP$
mlt,2012,8.889705002428096,million 2017 PPP$
mlt,2013,10.147014240608735,million 2017 PPP$
mlt,2014,13.944354054468551,million 2017 PPP$
mlt,2015,18.547870179713946,million 2017 PPP$
mlt,2016,22.201506003836133,million 2017 PPP$
mlt,2017,23.484023957457094,million 2017 PPP$
mlt,2018,22.124057687125706,million 2017 PPP$
mlt,2019,19.2411310317314,million 2017 PPP$
mlt,2020,16.118040285375482,million 2017 PPP$
mlt,2021,13.454364077979523,million 2017 PPP$
mlt,2022,11.556986976074247,million 2017 PPP$
mng,2004,0,million 2017 PPP$
mng,2005,0,million 2017 PPP$
mng,2006,0,million 2017 PPP$
mng,2007,0,million 2017 PPP$
mng,2008,0,million 2017 PPP$
mng,2009,0,million 2017 PPP$
mng,2010,0,million 2017 PPP$
mng,2011,0,million 2017 PPP$
mng,2012,0,million 2017 PPP$
mng,2013,0.2545905832352984,million 2017 PPP$
mng,2014,2.290731706673183,million 2017 PPP$
mng,2015,7.418173918390793,million 2017 PPP$
mng,2016,15.33923885077877,million 2017 PPP$
mng,2017,24.515677951262912,million 2017 PPP$
mng,2018,33.007726004643594,million 2017 PPP$
mng,2019,39.36561978496687,million 2017 PPP$
mng,2020,43.13951608917573,million 2017 PPP$
mng,2021,44.709890108372136,million 2017 PPP$
mng,2022,44.8092927824906,million 2017 PPP$
moz,2004,120.10737437586175,million 2017 PPP$
moz,2005,118.79004506651079,million 2017 PPP$
moz,2006,118.25737560621191,million 2017 PPP$
moz,2007,118.91119834446808,million 2017 PPP$
moz,2008,120.1938935243487,million 2017 PPP$
moz,2009,121.52161147671602,million 2017 PPP$
moz,2010,123.264083975871,million 2017 PPP$
moz,2011,126.19019449415379,million 2017 PPP$
moz,2012,130.42042313960158,million 2017 PPP$
moz,2013,135.8425246815786,million 2017 PPP$
moz,2014,141.9883726203674,million 2017 PPP$
moz,2015,149.00585051026937,million 2017 PPP$
moz,2016,157.6874606150395,million 2017 PPP$
moz,2017,168.02084319989368,million 2017 PPP$
moz,2018,178.77009239185156,million 2017 PPP$
moz,2019,188.3565977141329,million 2017 PPP$
moz,2020,195.63359028030888,million 2017 PPP$
moz,2021,199.99582446986392,million 2017 PPP$
moz,2022,201.76258655494908,million 2017 PPP$
mrt,2004,68.88906313659236,million 2017 PPP$
mrt,2005,84.08571315637245,million 2017 PPP$
mrt,2006,99.64064518333647,million 2017 PPP$
mrt,2007,113.64313597823285,million 2017 PPP$
mrt,2008,125.45338085140895,million 2017 PPP$
mrt,2009,133.6048079085794,million 2017 PPP$
mrt,2010,137.3078736411096,million 2017 PPP$
mrt,2011,137.08394510016325,million 2017 PPP$
mrt,2012,133.88301195419726,million 2017 PPP$
mrt,2013,128.7003767136797,million 2017 PPP$
mrt,2014,122.70708369564623,million 2017 PPP$
mrt,2015,117.40055982602026,million 2017 PPP$
mrt,2016,114.27562132515983,million 2017 PPP$
mrt,2017,113.86994727168427,million 2017 PPP$
mrt,2018,115.45477374092496,million 2017 PPP$
mrt,2019,118.95788319862594,million 2017 PPP$
mrt,2020,123.45528495338944,million 2017 PPP$
mrt,2021,128.20386472532493,million 2017 PPP$
mrt,2022,132.0583327050124,million 2017 PPP$
mus,2004,204.0615745238528,million 2017 PPP$
mus,2005,215.66682333241388,million 2017 PPP$
mus,2006,225.69072918777763,million 2017 PPP$
mus,2007,232.7458468306462,million 2017 PPP$
mus,2008,235.9425448793116,million 2017 PPP$
mus,2009,235.39706032333544,million 2017 PPP$
mus,2010,232.94242326596648,million 2017 PPP$
mus,2011,231.29124724569925,million 2017 PPP$
mus,2012,231.60557400215265,million 2017 PPP$
mus,2013,234.09647741150184,million 2017 PPP$
mus,2014,238.74789422627762,million 2017 PPP$
mus,2015,244.75724228284,million 2017 PPP$
mus,2016,251.56180309090098,million 2017 PPP$
mus,2017,258.51877704445747,million 2017 PPP$
mus,2018,265.4645489829032,million 2017 PPP$
mus,2019,272.70668368414556,million 2017 PPP$
mus,2020,280.33979475132094,million 2017 PPP$
mus,2021,288.4051573861683,million 2017 PPP$
mus,2022,296.7816712993564,million 2017 PPP$
mwi,2004,187.86180338466278,million 2017 PPP$
mwi,2005,180.42573571905015,million 2017 PPP$
mwi,2006,170.83833444441044,million 2017 PPP$
mwi,2007,160.6725276602521,million 2017 PPP$
mwi,2008,151.17832906155095,million 2017 PPP$
mwi,2009,143.44952848516778,million 2017 PPP$
mwi,2010,138.87716488680059,million 2017 PPP$
mwi,2011,138.86363530188925,million 2017 PPP$
mwi,2012,143.71456669754653,million 2017 PPP$
mwi,2013,152.6263916039632,million 2017 PPP$
mwi,2014,163.40338281682494,million 2017 PPP$
mwi,2015,173.3130451335175,million 2017 PPP$
mwi,2016,180.439429702086,million 2017 PPP$
mwi,2017,184.24220444461676,million 2017 PPP$
mwi,2018,185.9125341102035,million 2017 PPP$
mwi,2019,186.21224090049876,million 2017 PPP$
mwi,2020,186.130306230213,million 2017 PPP$
mwi,2021,186.6792019764654,million 2017 PPP$
mwi,2022,188.49008645764653,million 2017 PPP$
mys,2004,3535.341463250038,million 2017 PPP$
mys,2005,3753.9271487937444,million 2017 PPP$
mys,2006,3971.7255795738433,million 2017 PPP$
mys,2007,4151.0021044493715,million 2017 PPP$
mys,2008,4269.56852008672,million 2017 PPP$
mys,2009,4329.979700820726,million 2017 PPP$
mys,2010,4356.471268414324,million 2017 PPP$
mys,2011,4368.324213919362,million 2017 PPP$
mys,2012,4373.338488055738,million 2017 PPP$
mys,2013,4379.705533376558,million 2017 PPP$
mys,2014,4403.50738861934,million 2017 PPP$
mys,2015,4443.437891926924,million 2017 PPP$
mys,2016,4495.107235804407,million 2017 PPP$
mys,2017,4545.413589764244,million 2017 PPP$
mys,2018,4579.031650416773,million 2017 PPP$
mys,2019,4596.57742196108,million 2017 PPP$
mys,2020,4598.206311470633,million 2017 PPP$
mys,2021,4596.668890916991,million 2017 PPP$
mys,2022,4607.836806664646,million 2017 PPP$
nam,2004,247.88112913400855,million 2017 PPP$
nam,2005,260.0729003450689,million 2017 PPP$
nam,2006,272.04624986500664,million 2017 PPP$
nam,2007,283.9619681883146,million 2017 PPP$
nam,2008,292.42119988781377,million 2017 PPP$
nam,2009,295.9618255741095,million 2017 PPP$
nam,2010,294.70832798451966,million 2017 PPP$
nam,2011,289.69320879693356,million 2017 PPP$
nam,2012,283.2718263209173,million 2017 PPP$
nam,2013,277.0258472720709,million 2017 PPP$
nam,2014,271.6676100825971,million 2017 PPP$
nam,2015,268.84478841918656,million 2017 PPP$
nam,2016,269.52779474822495,million 2017 PPP$
nam,2017,273.23997342135306,million 2017 PPP$
nam,2018,279.02870802764556,million 2017 PPP$
nam,2019,286.106679635819,million 2017 PPP$
nam,2020,293.790828020753,million 2017 PPP$
nam,2021,300.55919515449574,million 2017 PPP$
nam,2022,308.092773278931,million 2017 PPP$
nga,2004,1912.194798305057,million 2017 PPP$
nga,2005,2307.203671276103,million 2017 PPP$
nga,2006,2718.8604902684233,million 2017 PPP$
nga,2007,3110.130269302283,million 2017 PPP$
nga,2008,3476.964992991352,million 2017 PPP$
nga,2009,3840.5637431535856,million 2017 PPP$
nga,2010,4182.031327131651,million 2017 PPP$
nga,2011,4448.536828760348,million 2017 PPP$
nga,2012,4615.820343976167,million 2017 PPP$
nga,2013,4692.159806263607,million 2017 PPP$
nga,2014,4698.996290787079,million 2017 PPP$
nga,2015,4670.608584346993,million 2017 PPP$
nga,2016,4640.136705901955,million 2017 PPP$
nga,2017,4628.771621151981,million 2017 PPP$
nga,2018,4642.467482102605,million 2017 PPP$
nga,2019,4684.247918796036,million 2017 PPP$
nga,2020,4730.91228263724,million 2017 PPP$
nga,2021,4766.719959668952,million 2017 PPP$
nga,2022,4800.488013005048,million 2017 PPP$
nic,2004,53.32466095803514,million 2017 PPP$
nic,2005,51.474459510248046,million 2017 PPP$
nic,2006,49.40469200741215,million 2017 PPP$
nic,2007,47.20325519129047,million 2017 PPP$
nic,2008,45.36876112144685,million 2017 PPP$
nic,2009,44.48106340552014,million 2017 PPP$
nic,2010,44.98890700816353,million 2017 PPP$
nic,2011,47.16400800177023,million 2017 PPP$
nic,2012,51.14462276379791,million 2017 PPP$
nic,2013,56.92969572628641,million 2017 PPP$
nic,2014,64.03211331577528,million 2017 PPP$
nic,2015,71.37575685608385,million 2017 PPP$
nic,2016,77.74157423199762,million 2017 PPP$
nic,2017,82.28233114221602,million 2017 PPP$
nic,2018,84.70156785107662,million 2017 PPP$
nic,2019,85.19840567530902,million 2017 PPP$
nic,2020,84.54244050810318,million 2017 PPP$
nic,2021,84.03844158968137,million 2017 PPP$
nic,2022,85.32115528230658,million 2017 PPP$
nld,2004,5999.874943045504,million 2017 PPP$
nld,2005,6042.619299084916,million 2017 PPP$
nld,2006,6088.094325830817,million 2017 PPP$
nld,2007,6139.6059482029195,million 2017 PPP$
nld,2008,6197.663166597501,million 2017 PPP$
nld,2009,6262.0986093834035,million 2017 PPP$
nld,2010,6328.336732933164,million 2017 PPP$
nld,2011,6390.485459583171,million 2017 PPP$
nld,2012,6443.656022423107,million 2017 PPP$
nld,2013,6489.009313413076,million 2017 PPP$
nld,2014,6533.83681431776,million 2017 PPP$
nld,2015,6584.461027691613,million 2017 PPP$
nld,2016,6646.58914478089,million 2017 PPP$
nld,2017,6720.740061554159,million 2017 PPP$
nld,2018,6802.101489015005,million 2017 PPP$
nld,2019,6884.211463326294,million 2017 PPP$
nld,2020,6961.781273307377,million 2017 PPP$
nld,2021,7031.609622029358,million 2017 PPP$
nld,2022,7094.754255982979,million 2017 PPP$
nor,2004,2028.565921595424,million 2017 PPP$
nor,2005,2062.615848868725,million 2017 PPP$
nor,2006,2095.3128619783065,million 2017 PPP$
nor,2007,2127.92573368854,million 2017 PPP$
nor,2008,2161.373479068511,million 2017 PPP$
nor,2009,2196.236192200323,million 2017 PPP$
nor,2010,2232.3170925538266,million 2017 PPP$
nor,2011,2267.4132319204214,million 2017 PPP$
nor,2012,2297.972120136144,million 2017 PPP$
nor,2013,2321.2888216652286,million 2017 PPP$
nor,2014,2335.276176978706,million 2017 PPP$
nor,2015,2338.680430396729,million 2017 PPP$
nor,2016,2332.5430085813755,million 2017 PPP$
nor,2017,2319.7237014790335,million 2017 PPP$
nor,2018,2304.9283764202137,million 2017 PPP$
nor,2019,2294.53793728077,million 2017 PPP$
nor,2020,2295.2571853028708,million 2017 PPP$
nor,2021,2311.211882663615,million 2017 PPP$
nor,2022,2343.935790877641,million 2017 PPP$
npl,2004,354.4267126727903,million 2017 PPP$
npl,2005,371.1673366097462,million 2017 PPP$
npl,2006,377.5100880089365,million 2017 PPP$
npl,2007,374.59695981732386,million 2017 PPP$
npl,2008,366.68208612080736,million 2017 PPP$
npl,2009,359.19112817097823,million 2017 PPP$
npl,2010,355.778304884877,million 2017 PPP$
npl,2011,356.8316313181299,million 2017 PPP$
npl,2012,362.10030031241376,million 2017 PPP$
npl,2013,371.59983529602016,million 2017 PPP$
npl,2014,385.171048239541,million 2017 PPP$
npl,2015,405.3487986899558,million 2017 PPP$
npl,2016,435.02853356722227,million 2017 PPP$
npl,2017,473.05266485335915,million 2017 PPP$
npl,2018,516.6380559123953,million 2017 PPP$
npl,2019,561.2405228082301,million 2017 PPP$
npl,2020,602.3766103343137,million 2017 PPP$
npl,2021,638.0429064001336,million 2017 PPP$
npl,2022,667.8941521292098,million 2017 PPP$
nzl,2004,3066.332850091308,million 2017 PPP$
nzl,2005,3175.4911876463498,million 2017 PPP$
nzl,2006,3286.45023490449,million 2017 PPP$
nzl,2007,3395.8546893269927,million 2017 PPP$
nzl,2008,3501.1251685624643,million 2017 PPP$
nzl,2009,3599.9795307519476,million 2017 PPP$
nzl,2010,3691.958205776305,million 2017 PPP$
nzl,2011,3778.1581496331974,million 2017 PPP$
nzl,2012,3860.305583965823,million 2017 PPP$
nzl,2013,3939.432006047977,million 2017 PPP$
nzl,2014,4015.5493633426017,million 2017 PPP$
nzl,2015,4087.9585781073347,million 2017 PPP$
nzl,2016,4156.495122869335,million 2017 PPP$
nzl,2017,4219.622463245352,million 2017 PPP$
nzl,2018,4276.316838193506,million 2017 PPP$
nzl,2019,4326.35858776003,million 2017 PPP$
nzl,2020,4369.502457880097,million 2017 PPP$
nzl,2021,4406.413607791981,million 2017 PPP$
nzl,2022,4437.960158101987,million 2017 PPP$
omn,2004,222.3918691091268,million 2017 PPP$
omn,2005,237.35847488109493,million 2017 PPP$
omn,2006,253.3323085217384,million 2017 PPP$
omn,2007,270.3811548043647,million 2017 PPP$
omn,2008,288.34686908187274,million 2017 PPP$
omn,2009,306.37578503957275,million 2017 PPP$
omn,2010,325.82377584619775,million 2017 PPP$
omn,2011,347.9102008373183,million 2017 PPP$
omn,2012,372.73769195072254,million 2017 PPP$
omn,2013,400.8404175738428,million 2017 PPP$
omn,2014,431.0415824324025,million 2017 PPP$
omn,2015,464.57259769068105,million 2017 PPP$
omn,2016,499.58787167957803,million 2017 PPP$
omn,2017,531.2584397525271,million 2017 PPP$
omn,2018,554.7047111541576,million 2017 PPP$
omn,2019,565.5705180126306,million 2017 PPP$
omn,2020,563.050241036061,million 2017 PPP$
omn,2021,550.8596217663417,million 2017 PPP$
omn,2022,533.9052333145381,million 2017 PPP$
pak,2004,1675.6049058043639,million 2017 PPP$
pak,2005,1643.6683483946586,million 2017 PPP$
pak,2006,1637.1922084892524,million 2017 PPP$
pak,2007,1655.8386260034326,million 2017 PPP$
pak,2008,1699.6224774113134,million 2017 PPP$
pak,2009,1766.6425469114654,million 2017 PPP$
pak,2010,1848.6107668372338,million 2017 PPP$
pak,2011,1928.1387565961197,million 2017 PPP$
pak,2012,1998.369441968274,million 2017 PPP$
pak,2013,2062.1543365589055,million 2017 PPP$
pak,2014,2135.0721375806543,million 2017 PPP$
pak,2015,2231.7339897868083,million 2017 PPP$
pak,2016,2352.098999511319,million 2017 PPP$
pak,2017,2488.1938511326634,million 2017 PPP$
pak,2018,2631.400591533298,million 2017 PPP$
pak,2019,2759.407236450748,million 2017 PPP$
pak,2020,2851.3872926512217,million 2017 PPP$
pak,2021,2902.1315022725103,million 2017 PPP$
pak,2022,2921.5794967662778,million 2017 PPP$
pan,2004,197.35521614607006,million 2017 PPP$
pan,2005,196.4992896094968,million 2017 PPP$
pan,2006,195.75300437844456,million 2017 PPP$
pan,2007,195.40220467481507,million 2017 PPP$
pan,2008,195.29324622223788,million 2017 PPP$
pan,2009,195.8589525493224,million 2017 PPP$
pan,2010,197.14936971641313,million 2017 PPP$
pan,2011,200.10885988539798,million 2017 PPP$
pan,2012,204.98379716919024,million 2017 PPP$
pan,2013,212.36499756298633,million 2017 PPP$
pan,2014,222.49034762299843,million 2017 PPP$
pan,2015,235.24752660391994,million 2017 PPP$
pan,2016,250.17712974359785,million 2017 PPP$
pan,2017,266.5044584051736,million 2017 PPP$
pan,2018,283.3922985962047,million 2017 PPP$
pan,2019,300.15500117054125,million 2017 PPP$
pan,2020,315.88424428983916,million 2017 PPP$
pan,2021,330.3195925741052,million 2017 PPP$
pan,2022,343.4036722649451,million 2017 PPP$
per,2004,659.7116850096811,million 2017 PPP$
per,2005,664.0333799851371,million 2017 PPP$
per,2006,666.9775315134639,million 2017 PPP$
per,2007,667.0983364741438,million 2017 PPP$
per,2008,667.4637109923628,million 2017 PPP$
per,2009,667.4335068211534,million 2017 PPP$
per,2010,666.3893092808034,million 2017 PPP$
per,2011,665.4354357255072,million 2017 PPP$
per,2012,664.8117966284667,million 2017 PPP$
per,2013,664.948494641091,million 2017 PPP$
per,2014,666.3176182411153,million 2017 PPP$
per,2015,669.2048890942294,million 2017 PPP$
per,2016,673.6193022712569,million 2017 PPP$
per,2017,679.5274759114158,million 2017 PPP$
per,2018,687.4882225530059,million 2017 PPP$
per,2019,699.3437810768625,million 2017 PPP$
per,2020,718.3142220697383,million 2017 PPP$
per,2021,748.1413417180457,million 2017 PPP$
per,2022,791.6000301521716,million 2017 PPP$
phl,2004,293.20488954110857,million 2017 PPP$
phl,2005,303.38795816312245,million 2017 PPP$
phl,2006,317.523090005722,million 2017 PPP$
phl,2007,336.8125191735908,million 2017 PPP$
phl,2008,361.86173715330364,million 2017 PPP$
phl,2009,392.7999769973633,million 2017 PPP$
phl,2010,429.5866859232024,million 2017 PPP$
phl,2011,469.04085234216745,million 2017 PPP$
phl,2012,506.57548790402006,million 2017 PPP$
phl,2013,544.4175355850821,million 2017 PPP$
phl,2014,593.8119093758436,million 2017 PPP$
phl,2015,663.04420687571,million 2017 PPP$
phl,2016,751.2686805709058,million 2017 PPP$
phl,2017,850.9747450957798,million 2017 PPP$
phl,2018,952.5569770279299,million 2017 PPP$
phl,2019,1048.021637906354,million 2017 PPP$
phl,2020,1131.6557813816046,million 2017 PPP$
phl,2021,1201.1316873754793,million 2017 PPP$
phl,2022,1257.3534189098866,million 2017 PPP$
pol,2004,1895.8108006603643,million 2017 PPP$
pol,2005,1892.6631495307468,million 2017 PPP$
pol,2006,1903.4660442808213,million 2017 PPP$
pol,2007,1934.5792539960041,million 2017 PPP$
pol,2008,1965.2976310169163,million 2017 PPP$
pol,2009,1993.9700701239174,million 2017 PPP$
pol,2010,2029.7024295673623,million 2017 PPP$
pol,2011,2083.177033460464,million 2017 PPP$
pol,2012,2145.8457168169575,million 2017 PPP$
pol,2013,2193.380851917795,million 2017 PPP$
pol,2014,2214.7587658139696,million 2017 PPP$
pol,2015,2218.8802619853936,million 2017 PPP$
pol,2016,2181.592598828194,million 2017 PPP$
pol,2017,2104.4366141153305,million 2017 PPP$
pol,2018,2020.6964540041347,million 2017 PPP$
pol,2019,1962.2031569852745,million 2017 PPP$
pol,2020,1956.6034417962915,million 2017 PPP$
pol,2021,2016.6793044929466,million 2017 PPP$
pol,2022,2121.1512314055544,million 2017 PPP$
pri,2004,394.5355098080414,million 2017 PPP$
pri,2005,382.98951560058714,million 2017 PPP$
pri,2006,370.7065574052731,million 2017 PPP$
pri,2007,357.50580861213257,million 2017 PPP$
pri,2008,344.1783621429379,million 2017 PPP$
pri,2009,330.9134561021359,million 2017 PPP$
pri,2010,318.04539929432116,million 2017 PPP$
pri,2011,306.08126773486686,million 2017 PPP$
pri,2012,295.1432811278404,million 2017 PPP$
pri,2013,285.1847446451276,million 2017 PPP$
pri,2014,275.8429864415784,million 2017 PPP$
pri,2015,266.53179323469277,million 2017 PPP$
pri,2016,257.2076016054176,million 2017 PPP$
pri,2017,247.40329297966957,million 2017 PPP$
pri,2018,237.2937312803544,million 2017 PPP$
pri,2019,226.92335600767245,million 2017 PPP$
pri,2020,216.99625459827993,million 2017 PPP$
pri,2021,207.87250130452983,million 2017 PPP$
pri,2022,200.17650699187158,million 2017 PPP$
prt,2004,1635.0558841156787,million 2017 PPP$
prt,2005,1716.9737979425913,million 2017 PPP$
prt,2006,1795.0437885158387,million 2017 PPP$
prt,2007,1866.0269423521743,million 2017 PPP$
prt,2008,1927.886272646128,million 2017 PPP$
prt,2009,1977.8445397571807,million 2017 PPP$
prt,2010,2014.965415048395,million 2017 PPP$
prt,2011,2038.2434686749539,million 2017 PPP$
prt,2012,2047.943715545148,million 2017 PPP$
prt,2013,2044.64178112576,million 2017 PPP$
prt,2014,2029.922577760832,million 2017 PPP$
prt,2015,2004.7238118680925,million 2017 PPP$
prt,2016,1969.6532302239784,million 2017 PPP$
prt,2017,1924.0521788569622,million 2017 PPP$
prt,2018,1868.0971489616938,million 2017 PPP$
prt,2019,1802.7229092306295,million 2017 PPP$
prt,2020,1729.5612663142535,million 2017 PPP$
prt,2021,1650.1037893313062,million 2017 PPP$
prt,2022,1569.4252661465373,million 2017 PPP$
pry,2004,213.47288669798746,million 2017 PPP$
pry,2005,221.6260520026002,million 2017 PPP$
pry,2006,227.47868087217861,million 2017 PPP$
pry,2007,229.70782270028735,million 2017 PPP$
pry,2008,228.82379042811917,million 2017 PPP$
pry,2009,224.98298549648683,million 2017 PPP$
pry,2010,218.85235334931832,million 2017 PPP$
pry,2011,210.72015869982366,million 2017 PPP$
pry,2012,201.52646571490632,million 2017 PPP$
pry,2013,192.15615061494023,million 2017 PPP$
pry,2014,183.5119370847549,million 2017 PPP$
pry,2015,176.46067706530076,million 2017 PPP$
pry,2016,172.08299828400422,million 2017 PPP$
pry,2017,170.7930971866908,million 2017 PPP$
pry,2018,173.0819658342009,million 2017 PPP$
pry,2019,179.46421990379824,million 2017 PPP$
pry,2020,189.2310528916554,million 2017 PPP$
pry,2021,202.00683295657478,million 2017 PPP$
pry,2022,217.23545854130035,million 2017 PPP$
qat,2004,71.1661165316019,million 2017 PPP$
qat,2005,75.56010608865955,million 2017 PPP$
qat,2006,80.22539250956895,million 2017 PPP$
qat,2007,85.17872640044331,million 2017 PPP$
qat,2008,90.43789259536726,million 2017 PPP$
qat,2009,96.02177401244421,million 2017 PPP$
qat,2010,101.95041945248971,million 2017 PPP$
qat,2011,108.24511558380047,million 2017 PPP$
qat,2012,114.92846337145878,million 2017 PPP$
qat,2013,121.84366086180384,million 2017 PPP$
qat,2014,127.79452287062917,million 2017 PPP$
qat,2015,130.99520081699046,million 2017 PPP$
qat,2016,130.55056640753784,million 2017 PPP$
qat,2017,126.84951676250894,million 2017 PPP$
qat,2018,120.75926364467743,million 2017 PPP$
qat,2019,113.0432620679923,million 2017 PPP$
qat,2020,104.59401685203514,million 2017 PPP$
qat,2021,96.49313494504105,million 2017 PPP$
qat,2022,89.48942788855648,million 2017 PPP$
rou,2004,80.20980907783036,million 2017 PPP$
rou,2005,77.46626346223994,million 2017 PPP$
rou,2006,90.99924639475833,million 2017 PPP$
rou,2007,127.16113031694121,million 2017 PPP$
rou,2008,186.61569692768805,million 2017 PPP$
rou,2009,263.0066627017465,million 2017 PPP$
rou,2010,333.89097416467644,million 2017 PPP$
rou,2011,390.15566541404775,million 2017 PPP$
rou,2012,436.3094586822104,million 2017 PPP$
rou,2013,476.01356305956637,million 2017 PPP$
rou,2014,513.9279907304626,million 2017 PPP$
rou,2015,551.1178738967245,million 2017 PPP$
rou,2016,587.7063679713714,million 2017 PPP$
rou,2017,622.4186552158358,million 2017 PPP$
rou,2018,650.8893715110887,million 2017 PPP$
rou,2019,671.1749805209512,million 2017 PPP$
rou,2020,688.0739829496316,million 2017 PPP$
rou,2021,707.9006872103214,million 2017 PPP$
rou,2022,730.6425860120166,million 2017 PPP$
rus,2004,1678.7757682199035,million 2017 PPP$
rus,2005,1854.3453833545727,million 2017 PPP$
rus,2006,2036.0003973537803,million 2017 PPP$
rus,2007,2231.7615483021586,million 2017 PPP$
rus,2008,2459.33374064804,million 2017 PPP$
rus,2009,2723.4946318151847,million 2017 PPP$
rus,2010,3000.724056102628,million 2017 PPP$
rus,2011,3244.7710235644995,million 2017 PPP$
rus,2012,3416.5308792690685,million 2017 PPP$
rus,2013,3508.314412271636,million 2017 PPP$
rus,2014,3566.4499303410867,million 2017 PPP$
rus,2015,3635.3797402843484,million 2017 PPP$
rus,2016,3741.762980805178,million 2017 PPP$
rus,2017,3877.7081430366825,million 2017 PPP$
rus,2018,4010.379596557728,million 2017 PPP$
rus,2019,4126.835301721312,million 2017 PPP$
rus,2020,4239.33661008475,million 2017 PPP$
rus,2021,4358.417947406192,million 2017 PPP$
rus,2022,4480.014223077162,million 2017 PPP$
rwa,2004,84.28072020939655,million 2017 PPP$
rwa,2005,91.73119276435638,million 2017 PPP$
rwa,2006,99.68431620402315,million 2017 PPP$
rwa,2007,108.95713191797238,million 2017 PPP$
rwa,2008,118.6015797422527,million 2017 PPP$
rwa,2009,128.22779961723,million 2017 PPP$
rwa,2010,137.7854285728808,million 2017 PPP$
rwa,2011,147.50839354325174,million 2017 PPP$
rwa,2012,157.9229267816617,million 2017 PPP$
rwa,2013,169.97268004799432,million 2017 PPP$
rwa,2014,184.24527258508706,million 2017 PPP$
rwa,2015,200.46084747552848,million 2017 PPP$
rwa,2016,216.0365767924076,million 2017 PPP$
rwa,2017,227.8575599162974,million 2017 PPP$
rwa,2018,234.6932072393041,million 2017 PPP$
rwa,2019,237.20426425123554,million 2017 PPP$
rwa,2020,236.96196738567,million 2017 PPP$
rwa,2021,235.6720271482298,million 2017 PPP$
rwa,2022,234.58705751699017,million 2017 PPP$
sau,2004,1369.254479981526,million 2017 PPP$
sau,2005,1361.7320147416424,million 2017 PPP$
sau,2006,1344.9241420376466,million 2017 PPP$
sau,2007,1317.338733816146,million 2017 PPP$
sau,2008,1279.842179586504,million 2017 PPP$
sau,2009,1234.9806023868732,million 2017 PPP$
sau,2010,1189.3326009373418,million 2017 PPP$
sau,2011,1149.340019291479,million 2017 PPP$
sau,2012,1116.6670548911472,million 2017 PPP$
sau,2013,1090.1280791594304,million 2017 PPP$
sau,2014,1069.35078933896,million 2017 PPP$
sau,2015,1058.6906161423074,million 2017 PPP$
sau,2016,1063.9242626737127,million 2017 PPP$
sau,2017,1088.841147199866,million 2017 PPP$
sau,2018,1131.4813348950695,million 2017 PPP$
sau,2019,1181.9741023587248,million 2017 PPP$
sau,2020,1231.1309568768827,million 2017 PPP$
sau,2021,1276.2976877085052,million 2017 PPP$
sau,2022,1316.298879471695,million 2017 PPP$
sen,2004,307.8564587018658,million 2017 PPP$
sen,2005,303.5483418615665,million 2017 PPP$
sen,2006,301.3206939519016,million 2017 PPP$
sen,2007,298.9388575265636,million 2017 PPP$
sen,2008,294.7450709826732,million 2017 PPP$
sen,2009,290.27117077444467,million 2017 PPP$
sen,2010,288.27360266840833,million 2017 PPP$
sen,2011,292.1722716439793,million 2017 PPP$
sen,2012,300.9510734387589,million 2017 PPP$
sen,2013,311.5553361423724,million 2017 PPP$
sen,2014,322.7846509445018,million 2017 PPP$
sen,2015,336.7461690544973,million 2017 PPP$
sen,2016,352.022907639687,million 2017 PPP$
sen,2017,365.8274990976086,million 2017 PPP$
sen,2018,375.9913831201856,million 2017 PPP$
sen,2019,382.6819550034972,million 2017 PPP$
sen,2020,387.3674362595671,million 2017 PPP$
sen,2021,390.9635298757716,million 2017 PPP$
sen,2022,394.6140773661139,million 2017 PPP$
sgp,2004,190.6780697361325,million 2017 PPP$
sgp,2005,186.8843102977825,million 2017 PPP$
sgp,2006,175.94738755697855,million 2017 PPP$
sgp,2007,160.84527551324933,million 2017 PPP$
sgp,2008,144.39546299046995,million 2017 PPP$
sgp,2009,129.11468006130056,million 2017 PPP$
sgp,2010,117.19636419620477,million 2017 PPP$
sgp,2011,109.94913359178167,million 2017 PPP$
sgp,2012,107.89861609112859,million 2017 PPP$
sgp,2013,111.16141472153524,million 2017 PPP$
sgp,2014,120.84433185485528,million 2017 PPP$
sgp,2015,137.76945368497476,million 2017 PPP$
sgp,2016,160.73489955477126,million 2017 PPP$
sgp,2017,185.78012859254798,million 2017 PPP$
sgp,2018,211.16640000324944,million 2017 PPP$
sgp,2019,236.34528290938783,million 2017 PPP$
sgp,2020,261.34286848326644,million 2017 PPP$
sgp,2021,283.4577923461701,million 2017 PPP$
sgp,2022,299.7024698579382,million 2017 PPP$
slv,2004,151.65327607019861,million 2017 PPP$
slv,2005,146.52817479625483,million 2017 PPP$
slv,2006,141.0382500032872,million 2017 PPP$
slv,2007,135.10747183945622,million 2017 PPP$
slv,2008,129.0380660770467,million 2017 PPP$
slv,2009,122.81050524838273,million 2017 PPP$
slv,2010,116.51767476906781,million 2017 PPP$
slv,2011,110.1645139751917,million 2017 PPP$
slv,2012,103.71101350024838,million 2017 PPP$
slv,2013,97.0579929939751,million 2017 PPP$
slv,2014,90.11181044053512,million 2017 PPP$
slv,2015,82.84040672679069,million 2017 PPP$
slv,2016,75.29474387080775,million 2017 PPP$
slv,2017,67.66314253773227,million 2017 PPP$
slv,2018,60.32927918022719,million 2017 PPP$
slv,2019,53.87904138460254,million 2017 PPP$
slv,2020,49.244204917990935,million 2017 PPP$
slv,2021,46.723148134889996,million 2017 PPP$
slv,2022,46.827031255942416,million 2017 PPP$
stp,2004,2.989762056736512,million 2017 PPP$
stp,2005,2.991798332172729,million 2017 PPP$
stp,2006,3.002706516582741,million 2017 PPP$
stp,2007,3.019439167814234,million 2017 PPP$
stp,2008,3.0419245200173775,million 2017 PPP$
stp,2009,3.054346304728547,million 2017 PPP$
stp,2010,3.044034533427926,million 2017 PPP$
stp,2011,3.011806841932757,million 2017 PPP$
stp,2012,2.9708602936839705,million 2017 PPP$
stp,2013,2.9352466597808844,million 2017 PPP$
stp,2014,2.918323242760263,million 2017 PPP$
stp,2015,2.925934333867396,million 2017 PPP$
stp,2016,2.959467206491909,million 2017 PPP$
stp,2017,3.0127777649045244,million 2017 PPP$
stp,2018,3.074947862045915,million 2017 PPP$
stp,2019,3.1360883057496927,million 2017 PPP$
stp,2020,3.193400711801085,million 2017 PPP$
stp,2021,3.251145891958418,million 2017 PPP$
stp,2022,3.308968292141457,million 2017 PPP$
svk,2004,105.3029812204472,million 2017 PPP$
svk,2005,105.7611028242073,million 2017 PPP$
svk,2006,109.74936056987848,million 2017 PPP$
svk,2007,118.74119243015649,million 2017 PPP$
svk,2008,133.21889324624993,million 2017 PPP$
svk,2009,150.29086833124109,million 2017 PPP$
svk,2010,165.1523642970239,million 2017 PPP$
svk,2011,179.96238921449745,million 2017 PPP$
svk,2012,197.6947036010607,million 2017 PPP$
svk,2013,216.8921562620498,million 2017 PPP$
svk,2014,230.82240202003373,million 2017 PPP$
svk,2015,252.78057373017734,million 2017 PPP$
svk,2016,300.62462853431595,million 2017 PPP$
svk,2017,357.5393118150345,million 2017 PPP$
svk,2018,399.66645159134913,million 2017 PPP$
svk,2019,418.0199129779731,million 2017 PPP$
svk,2020,416.9798918428761,million 2017 PPP$
svk,2021,403.5109380542869,million 2017 PPP$
svk,2022,386.09063282360705,million 2017 PPP$
svn,2004,192.47858254843734,million 2017 PPP$
svn,2005,180.19932676643378,million 2017 PPP$
svn,2006,173.044505804677,million 2017 PPP$
svn,2007,171.6815207843329,million 2017 PPP$
svn,2008,173.1186631020403,million 2017 PPP$
svn,2009,169.34685070524853,million 2017 PPP$
svn,2010,156.86170345781227,million 2017 PPP$
svn,2011,140.49537830605647,million 2017 PPP$
svn,2012,130.676239019526,million 2017 PPP$
svn,2013,131.84174230304177,million 2017 PPP$
svn,2014,139.7202622957559,million 2017 PPP$
svn,2015,147.92507410364095,million 2017 PPP$
svn,2016,152.93849998700364,million 2017 PPP$
svn,2017,156.07863478572477,million 2017 PPP$
svn,2018,159.1123184249407,million 2017 PPP$
svn,2019,165.04853294656965,million 2017 PPP$
svn,2020,174.6830194397696,million 2017 PPP$
svn,2021,186.13741522137184,million 2017 PPP$
svn,2022,196.07668015370305,million 2017 PPP$
swe,2004,2370.609284726728,million 2017 PPP$
swe,2005,2309.3286563456595,million 2017 PPP$
swe,2006,2245.8060367380676,million 2017 PPP$
swe,2007,2185.6291557436366,million 2017 PPP$
swe,2008,2130.5007528255305,million 2017 PPP$
swe,2009,2082.7378545374936,million 2017 PPP$
swe,2010,2043.2875502569093,million 2017 PPP$
swe,2011,2011.8389178751038,million 2017 PPP$
swe,2012,1987.8219194699618,million 2017 PPP$
swe,2013,1970.3166693536143,million 2017 PPP$
swe,2014,1958.229241043558,million 2017 PPP$
swe,2015,1950.8487637149497,million 2017 PPP$
swe,2016,1950.411924950847,million 2017 PPP$
swe,2017,1958.5972897178508,million 2017 PPP$
swe,2018,1977.7996904119007,million 2017 PPP$
swe,2019,2011.622404165805,million 2017 PPP$
swe,2020,2065.2684951270394,million 2017 PPP$
swe,2021,2140.542955646732,million 2017 PPP$
swe,2022,2235.6920209090836,million 2017 PPP$
tgo,2004,99.89167295619721,million 2017 PPP$
tgo,2005,97.98438025674241,million 2017 PPP$
tgo,2006,95.52433122641929,million 2017 PPP$
tgo,2007,93.0435524659682,million 2017 PPP$
tgo,2008,90.67321490715268,million 2017 PPP$
tgo,2009,88.32792206668118,million 2017 PPP$
tgo,2010,85.41420761576411,million 2017 PPP$
tgo,2011,82.0389780648781,million 2017 PPP$
tgo,2012,78.60480240424651,million 2017 PPP$
tgo,2013,75.27547530070908,million 2017 PPP$
tgo,2014,71.7292801725468,million 2017 PPP$
tgo,2015,68.16475722062727,million 2017 PPP$
tgo,2016,64.75895705585594,million 2017 PPP$
tgo,2017,62.27345319922335,million 2017 PPP$
tgo,2018,60.531216436859694,million 2017 PPP$
tgo,2019,59.659211169141955,million 2017 PPP$
tgo,2020,59.52240227141582,million 2017 PPP$
tgo,2021,60.289070916440274,million 2017 PPP$
tgo,2022,62.08199693904748,million 2017 PPP$
tha,2004,4329.876563498262,million 2017 PPP$
tha,2005,4374.991012588902,million 2017 PPP$
tha,2006,4392.6988369619,million 2017 PPP$
tha,2007,4366.827275118657,million 2017 PPP$
tha,2008,4286.546990432708,million 2017 PPP$
tha,2009,4195.647306289189,million 2017 PPP$
tha,2010,4190.295856920324,million 2017 PPP$
tha,2011,4312.991221046219,million 2017 PPP$
tha,2012,4525.053314354556,million 2017 PPP$
tha,2013,4768.523257312563,million 2017 PPP$
tha,2014,5007.671183869255,million 2017 PPP$
tha,2015,5218.742044586267,million 2017 PPP$
tha,2016,5404.57985202282,million 2017 PPP$
tha,2017,5569.253459860913,million 2017 PPP$
tha,2018,5733.576783581115,million 2017 PPP$
tha,2019,5904.449054837104,million 2017 PPP$
tha,2020,6078.033960342638,million 2017 PPP$
tha,2021,6246.776997737352,million 2017 PPP$
tha,2022,6405.691932447467,million 2017 PPP$
tjk,2004,0,million 2017 PPP$
tjk,2005,0,million 2017 PPP$
tjk,2006,0,million 2017 PPP$
tjk,2007,0,million 2017 PPP$
tjk,2008,0,million 2017 PPP$
tjk,2009,0,million 2017 PPP$
tjk,2010,0,million 2017 PPP$
tjk,2011,0,million 2017 PPP$
tjk,2012,0,million 2017 PPP$
tjk,2013,0.4076102606116363,million 2017 PPP$
tjk,2014,3.059040580487689,million 2017 PPP$
tjk,2015,8.600506265180753,million 2017 PPP$
tjk,2016,15.759521000356767,million 2017 PPP$
tjk,2017,22.866705313092293,million 2017 PPP$
tjk,2018,28.696611516835574,million 2017 PPP$
tjk,2019,33.12535760816081,million 2017 PPP$
tjk,2020,36.60814333555076,million 2017 PPP$
tjk,2021,39.60119696481405,million 2017 PPP$
tjk,2022,42.386782017161536,million 2017 PPP$
tto,2004,144.03024979453065,million 2017 PPP$
tto,2005,148.39780544987994,million 2017 PPP$
tto,2006,152.98912850261627,million 2017 PPP$
tto,2007,157.74072651677977,million 2017 PPP$
tto,2008,162.6321343077829,million 2017 PPP$
tto,2009,167.58202080631418,million 2017 PPP$
tto,2010,172.35733164553056,million 2017 PPP$
tto,2011,176.50070005243444,million 2017 PPP$
tto,2012,179.3865491293001,million 2017 PPP$
tto,2013,180.3955367357654,million 2017 PPP$
tto,2014,179.1061727131891,million 2017 PPP$
tto,2015,175.42298210119964,million 2017 PPP$
tto,2016,169.628293580606,million 2017 PPP$
tto,2017,162.37161769384832,million 2017 PPP$
tto,2018,154.591355950861,million 2017 PPP$
tto,2019,147.35271210882956,million 2017 PPP$
tto,2020,141.60701295989367,million 2017 PPP$
tto,2021,137.92861975783325,million 2017 PPP$
tto,2022,136.32559145873003,million 2017 PPP$
tun,2004,501.72469161497764,million 2017 PPP$
tun,2005,522.5437267993375,million 2017 PPP$
tun,2006,538.7173696244402,million 2017 PPP$
tun,2007,548.4474404961493,million 2017 PPP$
tun,2008,551.1409593775794,million 2017 PPP$
tun,2009,546.9925651779077,million 2017 PPP$
tun,2010,536.9297624546437,million 2017 PPP$
tun,2011,522.735951861509,million 2017 PPP$
tun,2012,507.0698262233364,million 2017 PPP$
tun,2013,492.56273201289724,million 2017 PPP$
tun,2014,480.8721837309109,million 2017 PPP$
tun,2015,472.66346519365413,million 2017 PPP$
tun,2016,467.9232252113545,million 2017 PPP$
tun,2017,465.8742741504219,million 2017 PPP$
tun,2018,465.81701321341484,million 2017 PPP$
tun,2019,468.1541801923636,million 2017 PPP$
tun,2020,472.8128960936365,million 2017 PPP$
tun,2021,479.05778904634263,million 2017 PPP$
tun,2022,485.90749959876297,million 2017 PPP$
tur,2004,1736.10116443158,million 2017 PPP$
tur,2005,1708.1895382750904,million 2017 PPP$
tur,2006,1697.9275438878528,million 2017 PPP$
tur,2007,1694.8037784117844,million 2017 PPP$
tur,2008,1702.5213690265555,million 2017 PPP$
tur,2009,1754.9888112383435,million 2017 PPP$
tur,2010,1896.352470800715,million 2017 PPP$
tur,2011,2129.922516049547,million 2017 PPP$
tur,2012,2427.4189346414546,million 2017 PPP$
tur,2013,2764.3407446108795,million 2017 PPP$
tur,2014,3107.2919634230816,million 2017 PPP$
tur,2015,3425.532501381893,million 2017 PPP$
tur,2016,3710.975837217239,million 2017 PPP$
tur,2017,3972.4592598689214,million 2017 PPP$
tur,2018,4218.2479564673,million 2017 PPP$
tur,2019,4443.267300111729,million 2017 PPP$
tur,2020,4639.28852081055,million 2017 PPP$
tur,2021,4800.196066692953,million 2017 PPP$
tur,2022,4929.166636789337,million 2017 PPP$
twn,2004,3891.437265742067,million 2017 PPP$
twn,2005,3919.7441152359133,million 2017 PPP$
twn,2006,3979.7988926567664,million 2017 PPP$
twn,2007,4068.5130907365588,million 2017 PPP$
twn,2008,4175.752388137667,million 2017 PPP$
twn,2009,4295.456527950132,million 2017 PPP$
twn,2010,4422.710456168525,million 2017 PPP$
twn,2011,4549.215307030279,million 2017 PPP$
twn,2012,4667.8875538588945,million 2017 PPP$
twn,2013,4763.0475687056405,million 2017 PPP$
twn,2014,4822.310239037615,million 2017 PPP$
twn,2015,4839.909748149414,million 2017 PPP$
twn,2016,4819.687572186904,million 2017 PPP$
twn,2017,4770.0366069648735,million 2017 PPP$
twn,2018,4701.769305213396,million 2017 PPP$
twn,2019,4623.175365657183,million 2017 PPP$
twn,2020,4547.050584989174,million 2017 PPP$
twn,2021,4487.025774109053,million 2017 PPP$
twn,2022,4447.425262769788,million 2017 PPP$
tza,2004,274.8366636969869,million 2017 PPP$
tza,2005,291.8152910420192,million 2017 PPP$
tza,2006,308.36680511583336,million 2017 PPP$
tza,2007,323.58082288699654,million 2017 PPP$
tza,2008,341.97063368702334,million 2017 PPP$
tza,2009,368.5786731826238,million 2017 PPP$
tza,2010,404.64426102000556,million 2017 PPP$
tza,2011,448.51883723798375,million 2017 PPP$
tza,2012,494.5103115612428,million 2017 PPP$
tza,2013,534.8896149014589,million 2017 PPP$
tza,2014,562.3226217044433,million 2017 PPP$
tza,2015,579.0014123985388,million 2017 PPP$
tza,2016,582.4490834131954,million 2017 PPP$
tza,2017,575.15795120957,million 2017 PPP$
tza,2018,559.5375793635595,million 2017 PPP$
tza,2019,539.8682309994415,million 2017 PPP$
tza,2020,520.4885912031383,million 2017 PPP$
tza,2021,504.440789918708,million 2017 PPP$
tza,2022,491.25820743428875,million 2017 PPP$
uga,2004,360.49103199281774,million 2017 PPP$
uga,2005,411.41766950613413,million 2017 PPP$
uga,2006,474.52584524311806,million 2017 PPP$
uga,2007,541.2708647500423,million 2017 PPP$
uga,2008,606.7817887650565,million 2017 PPP$
uga,2009,670.0430968635641,million 2017 PPP$
uga,2010,723.6064507397007,million 2017 PPP$
uga,2011,761.2409716411235,million 2017 PPP$
uga,2012,782.5484131017345,million 2017 PPP$
uga,2013,793.3151337289044,million 2017 PPP$
uga,2014,802.2310063802306,million 2017 PPP$
uga,2015,818.3144089418214,million 2017 PPP$
uga,2016,845.9324106513254,million 2017 PPP$
uga,2017,876.1902994478232,million 2017 PPP$
uga,2018,895.8436251405462,million 2017 PPP$
uga,2019,899.2069701859574,million 2017 PPP$
uga,2020,890.9659347034354,million 2017 PPP$
uga,2021,877.1547655865019,million 2017 PPP$
uga,2022,863.5394926927828,million 2017 PPP$
ukr,2004,0,million 2017 PPP$
ukr,2005,0,million 2017 PPP$
ukr,2006,0,million 2017 PPP$
ukr,2007,0,million 2017 PPP$
ukr,2008,0,million 2017 PPP$
ukr,2009,0,million 2017 PPP$
ukr,2010,0,million 2017 PPP$
ukr,2011,0,million 2017 PPP$
ukr,2012,0,million 2017 PPP$
ukr,2013,12.923131024956279,million 2017 PPP$
ukr,2014,93.892428009016,million 2017 PPP$
ukr,2015,247.6824137767186,million 2017 PPP$
ukr,2016,419.2222082879231,million 2017 PPP$
ukr,2017,556.5105235092119,million 2017 PPP$
ukr,2018,643.6044524039912,million 2017 PPP$
ukr,2019,688.9150889127118,million 2017 PPP$
ukr,2020,700.5359337873208,million 2017 PPP$
ukr,2021,690.641257653216,million 2017 PPP$
ukr,2022,670.1056243556773,million 2017 PPP$
ury,2004,509.1409574274402,million 2017 PPP$
ury,2005,532.7374037716412,million 2017 PPP$
ury,2006,551.2816355212543,million 2017 PPP$
ury,2007,564.9689969482354,million 2017 PPP$
ury,2008,574.9140899408077,million 2017 PPP$
ury,2009,583.2677557092868,million 2017 PPP$
ury,2010,592.2241128031436,million 2017 PPP$
ury,2011,603.140474676155,million 2017 PPP$
ury,2012,617.0717816245563,million 2017 PPP$
ury,2013,633.9937149506766,million 2017 PPP$
ury,2014,653.3378148225945,million 2017 PPP$
ury,2015,673.7893837351579,million 2017 PPP$
ury,2016,694.5392297598189,million 2017 PPP$
ury,2017,714.7866163839619,million 2017 PPP$
ury,2018,733.3472824447696,million 2017 PPP$
ury,2019,751.3512447474512,million 2017 PPP$
ury,2020,768.6692511136055,million 2017 PPP$
ury,2021,785.4786529048157,million 2017 PPP$
ury,2022,801.6515374386296,million 2017 PPP$
usa,2004,66849.16942667039,million 2017 PPP$
usa,2005,68597.49885171335,million 2017 PPP$
usa,2006,70352.75808783213,million 2017 PPP$
usa,2007,72116.0748293078,million 2017 PPP$
usa,2008,73882.2919903169,million 2017 PPP$
usa,2009,75656.25182497852,million 2017 PPP$
usa,2010,77439.6053120632,million 2017 PPP$
usa,2011,79249.82255569972,million 2017 PPP$
usa,2012,81085.76765258859,million 2017 PPP$
usa,2013,82953.74496996785,million 2017 PPP$
usa,2014,84863.42825576395,million 2017 PPP$
usa,2015,86816.84152060808,million 2017 PPP$
usa,2016,88809.38751528253,million 2017 PPP$
usa,2017,90841.81728415476,million 2017 PPP$
usa,2018,92919.72060193152,million 2017 PPP$
usa,2019,95014.34114592717,million 2017 PPP$
usa,2020,97113.4261831754,million 2017 PPP$
usa,2021,99187.53855277928,million 2017 PPP$
usa,2022,101205.22821328198,million 2017 PPP$
ven,2004,1618.3019518354242,million 2017 PPP$
ven,2005,1561.1246819367439,million 2017 PPP$
ven,2006,1496.2808535859356,million 2017 PPP$
ven,2007,1428.7284114861088,million 2017 PPP$
ven,2008,1361.0287599255396,million 2017 PPP$
ven,2009,1294.9480331279879,million 2017 PPP$
ven,2010,1230.2996849048754,million 2017 PPP$
ven,2011,1167.8438760282377,million 2017 PPP$
ven,2012,1107.7490167011067,million 2017 PPP$
ven,2013,1052.891444115434,million 2017 PPP$
ven,2014,1001.7708509069716,million 2017 PPP$
ven,2015,950.4764179158178,million 2017 PPP$
ven,2016,914.8080598817655,million 2017 PPP$
ven,2017,889.3867502589635,million 2017 PPP$
ven,2018,873.3860888442352,million 2017 PPP$
ven,2019,867.207420522103,million 2017 PPP$
ven,2020,870.090417335578,million 2017 PPP$
ven,2021,880.2286988324192,million 2017 PPP$
ven,2022,895.0043703020261,million 2017 PPP$
vnm,2004,775.3669018313149,million 2017 PPP$
vnm,2005,910.6681168355753,million 2017 PPP$
vnm,2006,1047.6244348202547,million 2017 PPP$
vnm,2007,1178.8765106338276,million 2017 PPP$
vnm,2008,1298.1711006717305,million 2017 PPP$
vnm,2009,1400.2757219503249,million 2017 PPP$
vnm,2010,1482.0781739667996,million 2017 PPP$
vnm,2011,1537.3676317584732,million 2017 PPP$
vnm,2012,1559.3996583906273,million 2017 PPP$
vnm,2013,1551.1358142220788,million 2017 PPP$
vnm,2014,1523.0082440639214,million 2017 PPP$
vnm,2015,1484.2908636980953,million 2017 PPP$
vnm,2016,1444.1656506446554,million 2017 PPP$
vnm,2017,1406.534065650576,million 2017 PPP$
vnm,2018,1381.724337800592,million 2017 PPP$
vnm,2019,1371.4281305664886,million 2017 PPP$
vnm,2020,1376.0859792833905,million 2017 PPP$
vnm,2021,1393.989972809091,million 2017 PPP$
vnm,2022,1421.2469073493178,million 2017 PPP$
xac,2004,119.55480606172377,million 2017 PPP$
xac,2005,126.5350786536213,million 2017 PPP$
xac,2006,133.9228982698688,million 2017 PPP$
xac,2007,141.7420597658777,million 2017 PPP$
xac,2008,150.0177472726773,million 2017 PPP$
xac,2009,158.7766153105297,million 2017 PPP$
xac,2010,168.12644554077505,million 2017 PPP$
xac,2011,178.58852544594495,million 2017 PPP$
xac,2012,190.49034353016893,million 2017 PPP$
xac,2013,202.8988038249312,million 2017 PPP$
xac,2014,215.7709681853721,million 2017 PPP$
xac,2015,229.7053690453756,million 2017 PPP$
xac,2016,244.25364047173733,million 2017 PPP$
xac,2017,257.6037431018643,million 2017 PPP$
xac,2018,268.0059119041953,million 2017 PPP$
xac,2019,274.8722975306273,million 2017 PPP$
xac,2020,278.68024889829684,million 2017 PPP$
xac,2021,280.5710354867076,million 2017 PPP$
xac,2022,281.68840340547206,million 2017 PPP$
xca,2004,15.554414349142316,million 2017 PPP$
xca,2005,15.667605278472513,million 2017 PPP$
xca,2006,15.80888476213171,million 2017 PPP$
xca,2007,15.98856324569826,million 2017 PPP$
xca,2008,16.22394856953462,million 2017 PPP$
xca,2009,16.4940824134136,million 2017 PPP$
xca,2010,16.734596966152523,million 2017 PPP$
xca,2011,17.161940994765764,million 2017 PPP$
xca,2012,17.62675055512042,million 2017 PPP$
xca,2013,18.12961630753928,million 2017 PPP$
xca,2014,18.654183647735945,million 2017 PPP$
xca,2015,19.193829350272136,million 2017 PPP$
xca,2016,19.690781795801197,million 2017 PPP$
xca,2017,20.08128449965622,million 2017 PPP$
xca,2018,20.40060114523584,million 2017 PPP$
xca,2019,20.599174323363123,million 2017 PPP$
xca,2020,20.678596244332034,million 2017 PPP$
xca,2021,20.665841004765504,million 2017 PPP$
xca,2022,20.57748714176585,million 2017 PPP$
xcb,2004,953.5083768345996,million 2017 PPP$
xcb,2005,922.0857741210907,million 2017 PPP$
xcb,2006,891.4049037526131,million 2017 PPP$
xcb,2007,862.3253225461538,million 2017 PPP$
xcb,2008,836.2343191147701,million 2017 PPP$
xcb,2009,813.7134398356285,million 2017 PPP$
xcb,2010,794.6836605505014,million 2017 PPP$
xcb,2011,778.919127665354,million 2017 PPP$
xcb,2012,765.5176549152545,million 2017 PPP$
xcb,2013,754.3209860345712,million 2017 PPP$
xcb,2014,744.8446164938584,million 2017 PPP$
xcb,2015,737.0262474715581,million 2017 PPP$
xcb,2016,730.6945821418832,million 2017 PPP$
xcb,2017,726.0979731022787,million 2017 PPP$
xcb,2018,723.210171093912,million 2017 PPP$
xcb,2019,722.5308874537056,million 2017 PPP$
xcb,2020,724.1183098633688,million 2017 PPP$
xcb,2021,729.0007340097512,million 2017 PPP$
xcb,2022,737.994865559975,million 2017 PPP$
xcf,2004,156.86528237286754,million 2017 PPP$
xcf,2005,156.2349231198162,million 2017 PPP$
xcf,2006,156.39580152369643,million 2017 PPP$
xcf,2007,157.52571414977885,million 2017 PPP$
xcf,2008,159.3588035201039,million 2017 PPP$
xcf,2009,162.25560455559307,million 2017 PPP$
xcf,2010,166.26191611164882,million 2017 PPP$
xcf,2011,171.39341811919653,million 2017 PPP$
xcf,2012,177.53452859296942,million 2017 PPP$
xcf,2013,183.84124662849905,million 2017 PPP$
xcf,2014,189.0542851308512,million 2017 PPP$
xcf,2015,192.23316553328675,million 2017 PPP$
xcf,2016,192.82413843574415,million 2017 PPP$
xcf,2017,190.69017138765875,million 2017 PPP$
xcf,2018,186.43621901923856,million 2017 PPP$
xcf,2019,181.16987232279385,million 2017 PPP$
xcf,2020,175.91794392595287,million 2017 PPP$
xcf,2021,171.33186409666266,million 2017 PPP$
xcf,2022,167.72065240362156,million 2017 PPP$
xea,2004,0,million 2017 PPP$
xea,2005,0,million 2017 PPP$
xea,2006,0,million 2017 PPP$
xea,2007,0,million 2017 PPP$
xea,2008,0,million 2017 PPP$
xea,2009,0,million 2017 PPP$
xea,2010,0,million 2017 PPP$
xea,2011,0,million 2017 PPP$
xea,2012,0,million 2017 PPP$
xea,2013,0,million 2017 PPP$
xea,2014,0,million 2017 PPP$
xea,2015,0,million 2017 PPP$
xea,2016,0,million 2017 PPP$
xea,2017,0,million 2017 PPP$
xea,2018,0,million 2017 PPP$
xea,2019,0,million 2017 PPP$
xea,2020,0,million 2017 PPP$
xea,2021,0,million 2017 PPP$
xea,2022,0,million 2017 PPP$
xec,2004,728.2034092041275,million 2017 PPP$
xec,2005,731.137754353371,million 2017 PPP$
xec,2006,743.2955971321713,million 2017 PPP$
xec,2007,756.9446045757232,million 2017 PPP$
xec,2008,773.8295673961925,million 2017 PPP$
xec,2009,790.9278202531718,million 2017 PPP$
xec,2010,807.8787629724723,million 2017 PPP$
xec,2011,820.5248479958631,million 2017 PPP$
xec,2012,820.668151845785,million 2017 PPP$
xec,2013,805.4861657700435,million 2017 PPP$
xec,2014,775.2834218466422,million 2017 PPP$
xec,2015,737.4572541385231,million 2017 PPP$
xec,2016,697.929345448755,million 2017 PPP$
xec,2017,664.2760132651179,million 2017 PPP$
xec,2018,636.974745704508,million 2017 PPP$
xec,2019,617.6966116019024,million 2017 PPP$
xec,2020,606.0050296932599,million 2017 PPP$
xec,2021,598.8872714865314,million 2017 PPP$
xec,2022,591.7052097559994,million 2017 PPP$
xee,2004,0,million 2017 PPP$
xee,2005,0,million 2017 PPP$
xee,2006,0,million 2017 PPP$
xee,2007,0,million 2017 PPP$
xee,2008,0,million 2017 PPP$
xee,2009,0,million 2017 PPP$
xee,2010,0,million 2017 PPP$
xee,2011,0,million 2017 PPP$
xee,2012,0,million 2017 PPP$
xee,2013,0.8103749060386096,million 2017 PPP$
xee,2014,5.987488102710129,million 2017 PPP$
xee,2015,16.356875910959992,million 2017 PPP$
xee,2016,29.115709133650363,million 2017 PPP$
xee,2017,41.357364676259145,million 2017 PPP$
xee,2018,51.25225422940828,million 2017 PPP$
xee,2019,58.661260762819616,million 2017 PPP$
xee,2020,64.12965105726285,million 2017 PPP$
xee,2021,67.95699551849795,million 2017 PPP$
xee,2022,70.66631984944404,million 2017 PPP$
xef,2004,281.75716985287744,million 2017 PPP$
xef,2005,298.16565690886495,million 2017 PPP$
xef,2006,314.619316685948,million 2017 PPP$
xef,2007,330.6046247764407,million 2017 PPP$
xef,2008,345.70097360679017,million 2017 PPP$
xef,2009,359.52881912829343,million 2017 PPP$
xef,2010,371.6918332499998,million 2017 PPP$
xef,2011,381.9182037064966,million 2017 PPP$
xef,2012,389.69590156129317,million 2017 PPP$
xef,2013,394.0822562425538,million 2017 PPP$
xef,2014,393.88100490251327,million 2017 PPP$
xef,2015,388.19028616560234,million 2017 PPP$
xef,2016,376.842179575973,million 2017 PPP$
xef,2017,360.2567125472583,million 2017 PPP$
xef,2018,339.47516885239423,million 2017 PPP$
xef,2019,315.9625264939541,million 2017 PPP$
xef,2020,291.1882119103948,million 2017 PPP$
xef,2021,266.47983606739837,million 2017 PPP$
xef,2022,242.8910608172964,million 2017 PPP$
xer,2004,0,million 2017 PPP$
xer,2005,0.2230852001055599,million 2017 PPP$
xer,2006,2.1258974636898045,million 2017 PPP$
xer,2007,13.254567983733892,million 2017 PPP$
xer,2008,61.91108383176941,million 2017 PPP$
xer,2009,162.69665049357423,million 2017 PPP$
xer,2010,285.1702242622029,million 2017 PPP$
xer,2011,375.97611895487046,million 2017 PPP$
xer,2012,410.66915033490244,million 2017 PPP$
xer,2013,402.45012456635226,million 2017 PPP$
xer,2014,378.14863437018107,million 2017 PPP$
xer,2015,358.5833287713427,million 2017 PPP$
xer,2016,356.32812231279735,million 2017 PPP$
xer,2017,376.29729937313664,million 2017 PPP$
xer,2018,413.2705315582093,million 2017 PPP$
xer,2019,456.8137634805737,million 2017 PPP$
xer,2020,494.58958205539955,million 2017 PPP$
xer,2021,528.8219162877701,million 2017 PPP$
xer,2022,565.1888990449903,million 2017 PPP$
xna,2004,8.307393025286455,million 2017 PPP$
xna,2005,8.280988109090504,million 2017 PPP$
xna,2006,8.25710787220774,million 2017 PPP$
xna,2007,8.252502039846458,million 2017 PPP$
xna,2008,8.26078877464616,million 2017 PPP$
xna,2009,8.288295386381378,million 2017 PPP$
xna,2010,8.338166600527819,million 2017 PPP$
xna,2011,8.4057427748282,million 2017 PPP$
xna,2012,8.475007588236318,million 2017 PPP$
xna,2013,8.534915309874906,million 2017 PPP$
xna,2014,8.56607789092559,million 2017 PPP$
xna,2015,8.551274119526818,million 2017 PPP$
xna,2016,8.479724827461217,million 2017 PPP$
xna,2017,8.348117868934402,million 2017 PPP$
xna,2018,8.16089806903549,million 2017 PPP$
xna,2019,7.92906190929281,million 2017 PPP$
xna,2020,7.667263845679018,million 2017 PPP$
xna,2021,7.391766806212258,million 2017 PPP$
xna,2022,7.120402887095149,million 2017 PPP$
xnf,2004,832.2725694605422,million 2017 PPP$
xnf,2005,836.2208569864415,million 2017 PPP$
xnf,2006,840.2031582950996,million 2017 PPP$
xnf,2007,844.2197664091016,million 2017 PPP$
xnf,2008,848.2709768753689,million 2017 PPP$
xnf,2009,852.3570877869068,million 2017 PPP$
xnf,2010,856.3405297329996,million 2017 PPP$
xnf,2011,859.6561804763494,million 2017 PPP$
xnf,2012,863.2875915092031,million 2017 PPP$
xnf,2013,869.602185422203,million 2017 PPP$
xnf,2014,880.5279922967804,million 2017 PPP$
xnf,2015,896.600431835321,million 2017 PPP$
xnf,2016,917.4875774649339,million 2017 PPP$
xnf,2017,942.4077569300387,million 2017 PPP$
xnf,2018,969.8793302354865,million 2017 PPP$
xnf,2019,998.2315872453057,million 2017 PPP$
xnf,2020,1026.1690194759556,million 2017 PPP$
xnf,2021,1052.8484298937758,million 2017 PPP$
xnf,2022,1076.8361559697582,million 2017 PPP$
xoc,2004,404.1535034269744,million 2017 PPP$
xoc,2005,399.7464988753203,million 2017 PPP$
xoc,2006,394.91904307219363,million 2017 PPP$
xoc,2007,389.4146223922464,million 2017 PPP$
xoc,2008,383.03724973168636,million 2017 PPP$
xoc,2009,376.23124217762694,million 2017 PPP$
xoc,2010,370.04227650600143,million 2017 PPP$
xoc,2011,365.36542467967683,million 2017 PPP$
xoc,2012,363.4605029651408,million 2017 PPP$
xoc,2013,365.01374514846106,million 2017 PPP$
xoc,2014,370.3630162457359,million 2017 PPP$
xoc,2015,379.2784597203132,million 2017 PPP$
xoc,2016,390.06072668407404,million 2017 PPP$
xoc,2017,401.1205174991327,million 2017 PPP$
xoc,2018,411.63970223847895,million 2017 PPP$
xoc,2019,421.09296937231863,million 2017 PPP$
xoc,2020,429.679530389635,million 2017 PPP$
xoc,2021,437.3323588416824,million 2017 PPP$
xoc,2022,444.0425855688556,million 2017 PPP$
xsa,2004,62.457773952808395,million 2017 PPP$
xsa,2005,61.461065500424866,million 2017 PPP$
xsa,2006,60.558092632126886,million 2017 PPP$
xsa,2007,59.69050183083258,million 2017 PPP$
xsa,2008,59.00831062713318,million 2017 PPP$
xsa,2009,58.59017033882977,million 2017 PPP$
xsa,2010,58.48025381415234,million 2017 PPP$
xsa,2011,58.68224985468724,million 2017 PPP$
xsa,2012,59.22250468222575,million 2017 PPP$
xsa,2013,60.013452966850785,million 2017 PPP$
xsa,2014,60.960436182291666,million 2017 PPP$
xsa,2015,61.95146887795594,million 2017 PPP$
xsa,2016,62.854256505975606,million 2017 PPP$
xsa,2017,63.63645911396505,million 2017 PPP$
xsa,2018,64.37375876295705,million 2017 PPP$
xsa,2019,65.05449920719553,million 2017 PPP$
xsa,2020,65.76256360968148,million 2017 PPP$
xsa,2021,66.58332744453125,million 2017 PPP$
xsa,2022,67.50110776853741,million 2017 PPP$
xsc,2004,93.48784770400437,million 2017 PPP$
xsc,2005,90.72350229638992,million 2017 PPP$
xsc,2006,88.67662084764409,million 2017 PPP$
xsc,2007,87.11535092349936,million 2017 PPP$
xsc,2008,86.15929428684733,million 2017 PPP$
xsc,2009,85.73908526883973,million 2017 PPP$
xsc,2010,85.68194706558559,million 2017 PPP$
xsc,2011,85.61403056401983,million 2017 PPP$
xsc,2012,84.88498407465704,million 2017 PPP$
xsc,2013,82.93212181404263,million 2017 PPP$
xsc,2014,79.92205418503647,million 2017 PPP$
xsc,2015,76.56477305317695,million 2017 PPP$
xsc,2016,73.78377798140764,million 2017 PPP$
xsc,2017,71.89985179841116,million 2017 PPP$
xsc,2018,70.66641128366656,million 2017 PPP$
xsc,2019,69.72341743906259,million 2017 PPP$
xsc,2020,68.84417926139216,million 2017 PPP$
xsc,2021,67.99630727487347,million 2017 PPP$
xsc,2022,67.51092722961201,million 2017 PPP$
xse,2004,68.88856008785598,million 2017 PPP$
xse,2005,64.56217743517773,million 2017 PPP$
xse,2006,61.87480412108636,million 2017 PPP$
xse,2007,61.19814838315724,million 2017 PPP$
xse,2008,62.31994466666297,million 2017 PPP$
xse,2009,64.79854905834301,million 2017 PPP$
xse,2010,68.3362756706993,million 2017 PPP$
xse,2011,72.79113455458624,million 2017 PPP$
xse,2012,78.01041997764382,million 2017 PPP$
xse,2013,83.85484671431429,million 2017 PPP$
xse,2014,90.782814688732,million 2017 PPP$
xse,2015,101.3108926410441,million 2017 PPP$
xse,2016,118.08373830935089,million 2017 PPP$
xse,2017,141.65385734450194,million 2017 PPP$
xse,2018,169.0607731707962,million 2017 PPP$
xse,2019,195.86264240057793,million 2017 PPP$
xse,2020,218.83091717145717,million 2017 PPP$
xse,2021,236.75187910866563,million 2017 PPP$
xse,2022,249.46630013843188,million 2017 PPP$
xsm,2004,132.4742226484031,million 2017 PPP$
xsm,2005,132.72868599868477,million 2017 PPP$
xsm,2006,132.91185118338657,million 2017 PPP$
xsm,2007,132.93041617366634,million 2017 PPP$
xsm,2008,132.95313168224897,million 2017 PPP$
xsm,2009,132.9779677867077,million 2017 PPP$
xsm,2010,132.9779677867077,million 2017 PPP$
xsm,2011,132.9779677867077,million 2017 PPP$
xsm,2012,132.9779677867077,million 2017 PPP$
xsm,2013,132.9779677867077,million 2017 PPP$
xsm,2014,132.9779677867077,million 2017 PPP$
xsm,2015,132.9779677867077,million 2017 PPP$
xsm,2016,132.9779677867077,million 2017 PPP$
xsm,2017,132.9779677867077,million 2017 PPP$
xsm,2018,132.9779677867077,million 2017 PPP$
xsm,2019,132.9779677867077,million 2017 PPP$
xsm,2020,132.9779677867077,million 2017 PPP$
xsm,2021,132.9779677867077,million 2017 PPP$
xsm,2022,132.9779677867077,million 2017 PPP$
xsu,2004,24.124576270928458,million 2017 PPP$
xsu,2005,32.137268352456175,million 2017 PPP$
xsu,2006,37.2558866487785,million 2017 PPP$
xsu,2007,40.028562461748614,million 2017 PPP$
xsu,2008,41.60912078109267,million 2017 PPP$
xsu,2009,43.550148077598415,million 2017 PPP$
xsu,2010,48.22770639206572,million 2017 PPP$
xsu,2011,55.65936802225864,million 2017 PPP$
xsu,2012,64.45737454140004,million 2017 PPP$
xsu,2013,73.72608925261332,million 2017 PPP$
xsu,2014,83.30961524294489,million 2017 PPP$
xsu,2015,93.44525341395753,million 2017 PPP$
xsu,2016,104.50957043139476,million 2017 PPP$
xsu,2017,116.45545596356365,million 2017 PPP$
xsu,2018,127.65715313069417,million 2017 PPP$
xsu,2019,135.7670920792353,million 2017 PPP$
xsu,2020,140.00420806522516,million 2017 PPP$
xsu,2021,141.41559677170764,million 2017 PPP$
xsu,2022,141.60206404681404,million 2017 PPP$
xtw,2004,0,million 2017 PPP$
xtw,2005,0,million 2017 PPP$
xtw,2006,0,million 2017 PPP$
xtw,2007,0,million 2017 PPP$
xtw,2008,0,million 2017 PPP$
xtw,2009,0,million 2017 PPP$
xtw,2010,0,million 2017 PPP$
xtw,2011,0,million 2017 PPP$
xtw,2012,0,million 2017 PPP$
xtw,2013,0,million 2017 PPP$
xtw,2014,0,million 2017 PPP$
xtw,2015,0,million 2017 PPP$
xtw,2016,0,million 2017 PPP$
xtw,2017,0,million 2017 PPP$
xtw,2018,0,million 2017 PPP$
xtw,2019,0,million 2017 PPP$
xtw,2020,0,million 2017 PPP$
xtw,2021,0,million 2017 PPP$
xtw,2022,0,million 2017 PPP$
xwf,2004,745.740967785466,million 2017 PPP$
xwf,2005,725.2809706845479,million 2017 PPP$
xwf,2006,709.266679968773,million 2017 PPP$
xwf,2007,694.5578593911204,million 2017 PPP$
xwf,2008,679.5118212142364,million 2017 PPP$
xwf,2009,664.4678800264243,million 2017 PPP$
xwf,2010,651.3688522074667,million 2017 PPP$
xwf,2011,643.7528782546432,million 2017 PPP$
xwf,2012,642.2447034122071,million 2017 PPP$
xwf,2013,644.9107273160656,million 2017 PPP$
xwf,2014,647.978496752143,million 2017 PPP$
xwf,2015,652.4329735587917,million 2017 PPP$
xwf,2016,658.5118494025027,million 2017 PPP$
xwf,2017,670.7392063594656,million 2017 PPP$
xwf,2018,691.9853804864159,million 2017 PPP$
xwf,2019,719.4950579803318,million 2017 PPP$
xwf,2020,746.7036240060384,million 2017 PPP$
xwf,2021,770.6284911367535,million 2017 PPP$
xwf,2022,788.2093043426692,million 2017 PPP$
xws,2004,1821.9626824239533,million 2017 PPP$
xws,2005,1877.4986283486296,million 2017 PPP$
xws,2006,1932.2502948048668,million 2017 PPP$
xws,2007,1985.3279453885816,million 2017 PPP$
xws,2008,2035.4042024108812,million 2017 PPP$
xws,2009,2081.756797125084,million 2017 PPP$
xws,2010,2126.6502574933947,million 2017 PPP$
xws,2011,2168.4032311290784,million 2017 PPP$
xws,2012,2203.562167961508,million 2017 PPP$
xws,2013,2230.018267797197,million 2017 PPP$
xws,2014,2242.2124529076823,million 2017 PPP$
xws,2015,2234.0731891941905,million 2017 PPP$
xws,2016,2202.9070867841765,million 2017 PPP$
xws,2017,2154.502376110982,million 2017 PPP$
xws,2018,2097.948832036409,million 2017 PPP$
xws,2019,2040.9461130191778,million 2017 PPP$
xws,2020,1990.6433508418834,million 2017 PPP$
xws,2021,1946.7343331291233,million 2017 PPP$
xws,2022,1899.566048911079,million 2017 PPP$
zaf,2004,2330.4076481691454,million 2017 PPP$
zaf,2005,2296.95053306147,million 2017 PPP$
zaf,2006,2268.0254724188394,million 2017 PPP$
zaf,2007,2257.133971799171,million 2017 PPP$
zaf,2008,2267.1412642435457,million 2017 PPP$
zaf,2009,2295.0648968912806,million 2017 PPP$
zaf,2010,2330.2407695907277,million 2017 PPP$
zaf,2011,2363.8276239132783,million 2017 PPP$
zaf,2012,2396.426494522378,million 2017 PPP$
zaf,2013,2439.773497770269,million 2017 PPP$
zaf,2014,2504.6240034202515,million 2017 PPP$
zaf,2015,2592.111704927493,million 2017 PPP$
zaf,2016,2677.685648579629,million 2017 PPP$
zaf,2017,2727.4399145703846,million 2017 PPP$
zaf,2018,2726.0175727667233,million 2017 PPP$
zaf,2019,2675.0844114847,million 2017 PPP$
zaf,2020,2579.835480571394,million 2017 PPP$
zaf,2021,2454.594848728869,million 2017 PPP$
zaf,2022,2315.159192142815,million 2017 PPP$
zmb,2004,222.65638572859433,million 2017 PPP$
zmb,2005,201.51728453064882,million 2017 PPP$
zmb,2006,181.88486800328133,million 2017 PPP$
zmb,2007,163.20628401003108,million 2017 PPP$
zmb,2008,148.70994830496448,million 2017 PPP$
zmb,2009,137.4276394935485,million 2017 PPP$
zmb,2010,128.92259152012176,million 2017 PPP$
zmb,2011,123.06831562776306,million 2017 PPP$
zmb,2012,119.03135253393359,million 2017 PPP$
zmb,2013,117.71201676557105,million 2017 PPP$
zmb,2014,119.67514539915595,million 2017 PPP$
zmb,2015,124.22249202255165,million 2017 PPP$
zmb,2016,130.47600652086174,million 2017 PPP$
zmb,2017,137.87072348070447,million 2017 PPP$
zmb,2018,145.5552512665813,million 2017 PPP$
zmb,2019,152.2449383708831,million 2017 PPP$
zmb,2020,156.41895912032348,million 2017 PPP$
zmb,2021,157.6985135415492,million 2017 PPP$
zmb,2022,156.669410033732,million 2017 PPP$
zwe,2004,385.3673728553825,million 2017 PPP$
zwe,2005,362.7570735986624,million 2017 PPP$
zwe,2006,347.5014287108014,million 2017 PPP$
zwe,2007,339.15488667885523,million 2017 PPP$
zwe,2008,334.4636345299818,million 2017 PPP$
zwe,2009,330.6634510794953,million 2017 PPP$
zwe,2010,324.7975460873927,million 2017 PPP$
zwe,2011,317.9253751329663,million 2017 PPP$
zwe,2012,316.3749351466662,million 2017 PPP$
zwe,2013,330.22613644475973,million 2017 PPP$
zwe,2014,367.5126209351576,million 2017 PPP$
zwe,2015,427.0732602837595,million 2017 PPP$
zwe,2016,499.46447445689944,million 2017 PPP$
zwe,2017,572.0349547806078,million 2017 PPP$
zwe,2018,630.2267437850511,million 2017 PPP$
zwe,2019,664.2102516836526,million 2017 PPP$
zwe,2020,672.3630578965274,million 2017 PPP$
zwe,2021,658.4379508164533,million 2017 PPP$
zwe,2022,629.2126473937685,million 2017 PPP$
